	50068162:50068164	50071628:50071630	50044767:50044769	50070640:50070642	49997418:49997420	50049661:50049663	49997159:49997161	label
01661d94-fc16-4456-95cf-a5fa4e1e196c	0.897058823529412	1	0.880952380952381	1	0.870967741935484	0.96875	0.538461538461538	Tumor
02423743-43b4-494b-acd9-1cd3bcd3d395	0.958333333333333	1	1	1	0.9	0.944444444444444	0.318181818181818	Tumor
039eaafb-c311-45ff-9df7-30c1b0bab00a	0.961538461538462	1	1	1	0.972222222222222	1	0.555555555555556	Tumor
040e40de-4c19-423f-98dc-151e2633d085	0.95	1	1	1	0.916666666666667	0.885714285714286	0.36	Tumor
06ce7b93-1264-4219-8a2f-d8f0d295e45f	0.88	1	1	1	0.785714285714286	1	0.347826086956522	Tumor
078f6959-adcf-44a5-91d2-2581ba3c8e62	0.958333333333333	1	0.772727272727273	1	0.958904109589041	0.863636363636364	0.553191489361702	Tumor
083eb05f-0af4-4f73-bf09-3806eb3b71bb	0.833333333333333	1	0.875	1	0.918367346938776	0.941176470588235	0.612903225806452	Tumor
096761b0-f4ca-448d-b78f-58469a508798	1	1	0.846153846153846	1	0.941176470588235	0.829268292682927	0.55	Tumor
09cf8de3-bb0f-434d-8cb3-9f5eeb264b6b	0.882352941176471	1	0.947368421052632	1	0.973684210526316	0.88	0.552238805970149	Tumor
0b36289c-6835-414d-9f86-4cc4a812af87	1	1	0.846153846153846	1	0.923076923076923	0.909090909090909	0.6	Tumor
0d71189d-6801-4d6b-b306-22efcaa2564a	0.87741935483871	1	0.973451327433628	0.99290780141844	0.96078431372549	0.937931034482759	0.285714285714286	Tumor
0f168687-6f42-4d92-8f91-13efde785a0c	0.903846153846154	1	0.972972972972973	1	1	0.923076923076923	0.58974358974359	Tumor
0f3b932e-de72-483f-9ef6-74ae972637bd	0.736842105263158	1	0.947368421052632	1	0.952941176470588	0.8	0.508196721311475	Tumor
13fc37db-3160-4e82-bd63-52fc295e0e19	0.915492957746479	1	0.866666666666667	1	0.96969696969697	0.972222222222222	0.542857142857143	Tumor
1453285a-717a-4ae3-a537-57df2b8e65e2	1	1	0.956521739130435	1	0.864864864864865	0.975609756097561	0.470588235294118	Tumor
187f14ba-0002-4f99-9eb1-af93cbfdd4c2	0.888888888888889	0.942857142857143	0.88	1	0.959459459459459	0.923076923076923	0.576923076923077	Tumor
195d8bd4-352c-4407-9319-797d915c72b8	0.84375	1	0.933333333333333	1	0.92	1	0.608695652173913	Tumor
1babcd23-5abc-4f27-b367-a093590e9f6d	0.925	1	1	1	0.955555555555556	0.935483870967742	0.310344827586207	Tumor
1be6a56c-a7b1-45e5-b96c-db20337073b8	0.733333333333333	1	1	1	0.944444444444444	0.9375	0.0625	Tumor
1cb7f73e-af63-4d6a-b6a1-fe289435a93f	0.970588235294118	1	0.947368421052632	1	0.893333333333333	0.942857142857143	0.46	Tumor
1e742dad-8e44-452a-bf2b-9b8ae1ed8bb2	0.857142857142857	0.72	0.678571428571429	1	0.611111111111111	0.722222222222222	0.545454545454545	Tumor
2056c543-2f73-4a2f-995e-3af2dda7b514	1	1	0.928571428571429	1	0.904761904761905	0.961538461538462	0.388888888888889	Tumor
2100a159-27a6-47f2-a2f2-58f5343e88b0	1	1	0.931034482758621	1	0.882352941176471	0.931034482758621	0.4375	Tumor
22c2b380-799e-4fad-ae38-46a916c592d5	1	1	0.95	1	0.914893617021277	0.92	0.551724137931034	Tumor
22e623b3-2c82-4283-bd28-2cf1777b0179	0.891891891891892	1	0.90625	1	1	1	0.375	Tumor
231b4ae3-8543-47f4-a9f6-0ac26210b26d	0.904761904761905	0.947368421052632	0.869565217391304	1	0.8	0.947368421052632	0.222222222222222	Tumor
23b6c182-bb01-403a-9844-560518d059ac	0.9375	0.96551724137931	0.884615384615385	1	0.926829268292683	1	0.476190476190476	Tumor
23f366c0-41f3-4159-86f0-5fa3d0059761	1	1	0.894736842105263	1	0.794871794871795	0.956521739130435	0.323529411764706	Tumor
27f20469-cbf5-417f-922a-19cf9e8b790c	0.888888888888889	1	1	1	0.944444444444444	0.958333333333333	0.692307692307692	Tumor
281a89c1-e817-49d4-afa1-2894c2747919	0.96078431372549	1	0.938775510204082	1	0.948717948717949	0.963636363636364	0.558823529411765	Tumor
29246ea5-44e5-43d3-be04-c038c20db027	0.916666666666667	1	0.692307692307692	1	0.944444444444444	0.8125	0.666666666666667	Tumor
2966096f-4a35-4dca-ab38-ac86074fa29e	0.928571428571429	1	0.958333333333333	1	0.966666666666667	0.924242424242424	0.178571428571428	Tumor
2db5e0aa-342e-4766-8725-c1d677fd52b2	0.923076923076923	0.954545454545455	0.852459016393443	0.968253968253968	0.975	1	0.458333333333333	Tumor
2e36839f-3155-4e05-9ed3-404522fdb04f	0.85	1	0.923076923076923	1	0.5625	1	0.285714285714286	Tumor
2ed88c3e-bf61-4e2f-b06c-0b93c9f9402e	0.909090909090909	1	1	1	0.840909090909091	0.925925925925926	0.625	Tumor
30285113-d411-475a-a8ed-1fb66be72f28	1	1	0.451612903225806	1	1	1	1	Tumor
304b7293-0a76-4028-9a18-58c87c751ceb	0.743589743589744	0.828571428571429	0.454545454545454	0.933333333333333	0.921052631578947	0.633333333333333	0.304347826086956	Tumor
3099b2a6-0d46-4404-88b0-a3689b019c38	0.918918918918919	0.967741935483871	1	1	0.80952380952381	1	0.481481481481481	Tumor
315f3deb-74b5-4b71-afe5-759c85a0a6cc	0.870967741935484	1	0.9	1	0.786885245901639	0.909090909090909	0.604166666666667	Tumor
31bdedf8-eb1c-48ae-8d96-e06c2b3f27d2	1	1	0.789473684210526	1	0.903225806451613	0.966666666666667	0.68	Tumor
35120b68-e618-46a1-9641-1e635f633372	0.864864864864865	0.971428571428571	0.958333333333333	1	1	0.944444444444444	0.538461538461538	Tumor
36998e69-e955-49da-b859-2092caff19cb	0.947368421052632	1	0.923076923076923	1	0.91044776119403	0.9375	0.830188679245283	Tumor
37d359b3-d8f5-44cf-8f30-57dfdbbab8c1	0.941176470588235	1	0.888888888888889	1	0.830188679245283	0.974358974358974	0.542857142857143	Tumor
3a6cc4be-eff8-4725-a416-46ed35316192	0.930232558139535	1	0.829268292682927	1	0.915492957746479	1	0.4	Tumor
3a814d3d-749f-4066-b33b-3faf503d84bb	0.846153846153846	1	0.91304347826087	1	0.961538461538462	0.977272727272727	0.552238805970149	Tumor
3c3c4741-8eda-46fe-8d36-2cd683f4a987	0.777777777777778	1	0.863636363636364	1	0.813559322033898	0.91304347826087	0.488888888888889	Tumor
3ef3fd4b-ed5b-41e1-8096-c573cf609bd3	0.962962962962963	0.928571428571429	0.921052631578947	1	0.982142857142857	0.978260869565217	0.659090909090909	Tumor
40a4fc74-f345-4940-be5c-249013782e4f	0.888888888888889	1	0.827586206896552	1	0.875	1	0.425925925925926	Tumor
42b32308-71f1-4f21-935f-7e4e5751e332	0.939393939393939	0.978260869565217	0.964285714285714	1	0.941176470588235	0.957894736842105	0.6	Tumor
42ed2e82-e41d-4e2e-8bf3-8dfc324b040f	0.943396226415094	1	0.785714285714286	1	0.857142857142857	0.952380952380952	0.208333333333333	Tumor
4387a2a8-5011-44c4-8027-61d5ab3792a0	0.954545454545455	1	0.9	1	0.886792452830189	0.866666666666667	0.5	Tumor
465928c5-ab56-46ff-acb5-76e36c97ebda	0.900763358778626	1	0.961240310077519	1	0.967479674796748	0.952702702702703	0.445544554455445	Tumor
466a4121-0583-47ee-9d54-1f1c2d47e381	0.941176470588235	0.833333333333333	0.733333333333333	1	0.935483870967742	1	0.780487804878049	Tumor
46cdbe65-5610-4903-9452-518fd6d5787d	0.823529411764706	1	0.80952380952381	1	0.872093023255814	0.838709677419355	0.830769230769231	Tumor
4796719b-2fa2-40ee-9fa9-6a8caa703823	0.9375	1	0.884615384615385	0.96551724137931	0.80952380952381	0.848484848484849	0.310344827586207	Tumor
488d0d81-4872-4204-b8e8-745e64a35d65	0.92	1	0.884615384615385	1	0.923076923076923	0.909090909090909	0.483870967741935	Tumor
490dfd10-0c85-48a9-b4ce-22b4445ed504	0.935483870967742	1	0.933333333333333	1	0.759259259259259	0.947368421052632	0.520833333333333	Tumor
4a88d54f-c88c-4ffd-84c9-069b53f2cb28	0.928571428571429	1	0.882352941176471	1	0.907407407407407	0.916666666666667	0.678571428571429	Tumor
4e01a01d-eded-4d02-b8aa-1920c6997726	1	1	0.666666666666667	1	0.526315789473684	0.75	0.3125	Tumor
4e3fbf45-1a73-437b-8d85-29aa0c8ac6b0	1	1	0.875	1	1	1	0.64	Tumor
4f3fa7c5-fe72-4b99-8a4f-9f487efc1ef1	0.947368421052632	0.941176470588235	0.954545454545455	1	0.942307692307692	1	0.708333333333333	Tumor
504f8320-62f8-4205-926a-a54d042d0e98	0.857142857142857	1	1	0.944444444444444	0.916666666666667	1	0.478260869565217	Tumor
511ced4c-a861-4f26-9e29-afcf8d603fab	0.84	1	1	1	0.895833333333333	0.971428571428571	0.567567567567568	Tumor
51538db5-edf3-40bc-ae5e-dc9b552e8b53	0.967741935483871	1	0.904761904761905	1	0.982142857142857	1	0.525	Tumor
52df14ea-5feb-481a-855e-0a6176744a73	0.928571428571429	1	0.9	1	0.962962962962963	0.944444444444444	0.547169811320755	Tumor
56f3a401-cf18-4d25-b4af-6bacca469041	0.8	0.941176470588235	0.9375	1	1	0.84	0.296296296296296	Tumor
594263d2-e787-4e14-a2de-8f57727de001	1	1	0.882352941176471	1	0.893617021276596	0.861111111111111	0.41025641025641	Tumor
59fe0f14-0415-43b7-87c7-1098e4b434ea	0.882352941176471	0.967741935483871	0.818181818181818	0.967741935483871	0.938461538461538	0.909090909090909	0.5	Tumor
5a61d29b-5ae6-41b6-8842-865463f72990	0.945945945945946	0.945945945945946	0.878787878787879	1	0.9	1	0.181818181818182	Tumor
5b51c204-3342-46d9-86a4-2ed091492318	0.951612903225806	1	0.947368421052632	1	0.903225806451613	0.984375	0.324324324324324	Tumor
5bd46a5d-2390-421c-a7aa-90ba77fed60d	0.975	1	0.96875	1	0.928571428571429	0.933333333333333	0.673913043478261	Tumor
5d5bb9d2-2244-4673-99db-653609cf5de2	0.833333333333333	1	1	1	1	0.931034482758621	0.318181818181818	Tumor
5ef81653-adf0-4286-9f43-218490539508	1	1	0.945945945945946	1	0.969230769230769	0.884615384615385	0.638297872340426	Tumor
628501d9-94e5-440e-b39f-df0e3ea09986	0.894736842105263	1	1	1	0.983606557377049	0.898876404494382	0.509090909090909	Tumor
6365a756-2e65-42cb-be4f-1f726915ca94	0.9375	1	0.888888888888889	1	0.905405405405405	1	0.555555555555556	Tumor
663797a8-ffd2-48a2-a5f6-992b5eb3c745	0.961538461538462	1	0.904761904761905	0.962962962962963	0.902439024390244	0.948717948717949	0.403225806451613	Tumor
666548b5-7b80-42af-80f3-207063c35b3b	0.915254237288136	0.963636363636364	0.9	1	0.925531914893617	0.916666666666667	0.395604395604396	Tumor
671bc03b-e3a8-45f6-88e4-ce138c716886	0.925925925925926	1	0.9375	1	0.909090909090909	1	0.333333333333333	Tumor
676cce88-9f6e-4490-8e73-c0e88bd00075	1	1	0.888888888888889	1	0.894736842105263	1	0.478260869565217	Tumor
682169e0-f36b-430c-896f-c93668b4ce78	0.914285714285714	1	0.960526315789474	1	1	0.954128440366972	0.4375	Tumor
689ba70a-9664-459e-aee5-fd16b3b993a8	1	1	0.733333333333333	1	1	0.941176470588235	0.571428571428571	Tumor
692ea666-b4ac-4e92-b712-96a67edaef56	0.925	0.970588235294118	0.935483870967742	1	0.880952380952381	0.891891891891892	0.518518518518518	Tumor
6e6eeb9a-6437-4e53-9fb7-c283f738d3bd	0.909090909090909	0.9	1	0.95	0.881578947368421	0.916666666666667	0.446153846153846	Tumor
6e8eeaae-cc26-4db8-85f6-5c975b06bf45	0.837837837837838	1	1	1	0.981132075471698	1	0.783783783783784	Tumor
7135f14b-e84f-4ebf-8d95-b2a3c843fd4d	0.914285714285714	1	1	1	0.93421052631579	0.8	0.603448275862069	Tumor
7289e7d5-65af-4d53-a4de-2691991d90d6	1	0.944444444444444	0.95	1	0.918367346938776	0.967741935483871	0.522727272727273	Tumor
74d50556-5de8-4eff-82e6-a3ad9c70020a	0.961538461538462	1	0.92	1	0.868421052631579	1	0.25	Tumor
75668632-f0c7-495b-ba34-cd4b00aa9450	0.96078431372549	1	0.91304347826087	1	0.887096774193548	0.943396226415094	0.444444444444444	Tumor
75e67bb5-098c-4b48-8f5d-badc72dc4c47	0.956521739130435	1	0.888888888888889	1	0.963855421686747	0.942307692307692	0.716666666666667	Tumor
767425eb-9fa2-45bc-a3ad-ca8dbafd373f	0.954545454545455	1	0.695652173913043	1	0.863636363636364	0.894736842105263	0.409090909090909	Tumor
7733c059-09bd-40b4-9812-4bedd68d9d01	0.9	1	0.739130434782609	1	0.694444444444444	1	0.432432432432432	Tumor
784a9c63-9b40-4f6c-8147-93d0ed523867	1	1	0.888888888888889	1	1	0.967741935483871	0.511627906976744	Tumor
7b7c91b5-0358-4d09-af89-26a791d7a23a	0.91566265060241	1	0.914285714285714	1	0.967391304347826	0.909090909090909	0.346938775510204	Tumor
7d2b6ff4-8f35-41cf-b078-3e78d0b81800	0.928571428571429	1	0.888888888888889	1	0.857142857142857	0.9	0.647058823529412	Tumor
7d787768-efb1-462d-b5aa-5cbf6fc543d4	0.805970149253731	0.982456140350877	0.724137931034483	1	0.942857142857143	0.875	0.615384615384615	Tumor
7e6ed4fc-b4bf-46c7-9f31-24a0c32c039e	0.833333333333333	1	1	1	0.962264150943396	0.971428571428571	0.340425531914894	Tumor
7faebca5-c36a-4a24-b785-5e673cf5a0ed	0.916666666666667	0.967741935483871	0.888888888888889	1	0.903225806451613	0.891304347826087	0.458333333333333	Tumor
80982d2d-ce35-4251-a545-391c0d6295d8	0.857142857142857	1	0.956521739130435	1	0.625	0.888888888888889	0.333333333333333	Tumor
815b70e5-858d-416d-94aa-6749960883ce	0.885714285714286	1	0.875	1	0.96078431372549	0.897435897435897	0.32258064516129	Tumor
83834ecf-bc98-416a-98c0-824229e6cfe0	0.98	1	0.928571428571429	1	0.95	1	0.540983606557377	Tumor
85237b9e-67a3-46a2-9c19-3818522994b2	0.909090909090909	1	1	1	0.909090909090909	0.961538461538462	0.388888888888889	Tumor
8563d0ce-646e-4992-897d-5634f023ecba	1	1	1	1	0.862068965517241	1	0.448275862068966	Tumor
85caaa0e-2811-46d2-b934-d9f9f006afc6	0.925925925925926	1	0.791666666666667	1	0.947368421052632	1	0.642857142857143	Tumor
8923da54-2f7c-4315-9fc2-a1d6502df55b	0.981481481481482	1	0.947368421052632	1	0.961038961038961	0.976190476190476	0.627118644067797	Tumor
89424841-6b5a-4f5f-b5c2-209630c6f597	0.96875	0.967741935483871	0.933333333333333	1	0.878787878787879	0.91304347826087	0.379310344827586	Tumor
898f9214-8dab-4b92-9233-70c06c60078c	0.882352941176471	0.9375	0.888888888888889	1	0.983050847457627	0.88	0.704918032786885	Tumor
8997a81b-4046-4c31-91f6-7c1519f1d2ec	0.972602739726027	1	0.942857142857143	1	0.866666666666667	0.920634920634921	0.303030303030303	Tumor
8b5be676-9118-4038-9d54-6b80b14e43dc	1	1	0.954545454545455	1	0.9625	1	0.323076923076923	Tumor
8d0f534a-a0b1-4d8e-9ca5-042f8a0a4e52	0.896551724137931	1	1	1	0.953488372093023	1	0.2	Tumor
8d2f240f-43c3-4e0d-a6cc-79f6b174dace	0.946808510638298	1	0.951219512195122	1	0.979591836734694	1	0.558139534883721	Tumor
8d3d544f-6d1a-4cdc-8091-490311487ebd	1	1	0.9375	1	0.864864864864865	0.904761904761905	0.384615384615385	Tumor
8fff7b55-a9c5-4179-a86a-80bff4fed1b0	0.902439024390244	1	0.942857142857143	1	1	0.887096774193548	0.476190476190476	Tumor
9053485e-19f7-4d2b-b4b6-361d908cc708	0.96875	1	0.727272727272727	1	0.892857142857143	1	0.772727272727273	Tumor
91941243-48d2-4416-b104-0affb8c46316	0.961538461538462	1	0.961538461538462	1	0.909090909090909	1	0.377358490566038	Tumor
92914efd-97af-48e2-b097-e91129f8c1b2	0.961538461538462	1	0.911111111111111	1	0.981132075471698	0.978723404255319	0.622641509433962	Tumor
948f1e9e-702b-4f42-a766-fb6b4976b14d	1	1	0.9375	1	0.875	1	0.363636363636364	Tumor
952e9924-3a48-4572-bf4c-95e5049e452d	0.91304347826087	1	1	1	0.829268292682927	0.933333333333333	0.441176470588235	Tumor
9634f770-bc93-4dfa-949c-98a6da30a102	0.91304347826087	1	0.954545454545455	1	0.947368421052632	0.928571428571429	0.615384615384615	Tumor
967f7008-e212-4114-ab43-dc2a6295f80c	0.823529411764706	1	0.903225806451613	0.933333333333333	0.972602739726027	0.925925925925926	0.607142857142857	Tumor
96cd848e-50fc-4244-beec-8d18b1703fff	0.944444444444444	1	1	1	0.897058823529412	1	0.390243902439024	Tumor
9935bf3a-de25-401c-bf1b-5225a62b24f7	0.714285714285714	1	0.9	1	1	1	0.428571428571428	Tumor
99d31369-3db2-4631-bc62-1aa6927476ad	0.916666666666667	1	0.758620689655172	1	0.891304347826087	0.96551724137931	0.606060606060606	Tumor
9ae5c03c-326d-4492-9cc3-4ba17beb09ad	1	1	0.974358974358974	1	0.78125	0.956521739130435	0.666666666666667	Tumor
9d0f51bf-a66d-4ea1-8599-2aee772c165b	0.98	0.980769230769231	0.833333333333333	1	0.8125	0.958333333333333	0.263157894736842	Tumor
9eb69ff7-492b-4ed3-8762-c25c3dffa1fe	0.88	1	1	1	0.954545454545455	0.947368421052632	0.333333333333333	Tumor
a2a798c5-3b1e-4192-8c6a-8c627cd0879e	0.9	0.961538461538462	0.85	1	0.903846153846154	0.96551724137931	0.369565217391304	Tumor
a37d7ef3-0840-4114-acec-ce9e29bb54e9	0.833333333333333	1	1	1	0.711111111111111	0.964285714285714	0.470588235294118	Tumor
a740aa2d-a410-443f-99f4-3a123deb2f41	0.871794871794872	0.972972972972973	0.75	1	0.916666666666667	1	0.553571428571429	Tumor
a852a227-c31f-410f-baee-81135917a7d2	0.949579831932773	1	0.95959595959596	1	0.962264150943396	0.966101694915254	0.55	Tumor
a8e0466b-d106-44b7-b846-c4fb666715f5	0.962962962962963	1	1	1	0.823529411764706	0.909090909090909	0.4375	Tumor
aa3d8e3d-68cb-47dc-80c0-d50917cb4878	0.958333333333333	1	0.894736842105263	1	0.867647058823529	0.75	0.326923076923077	Tumor
abb411d3-1474-4e6e-afa9-23b974d9a557	0.842105263157895	1	0.952380952380952	1	0.967741935483871	0.961538461538462	0.476190476190476	Tumor
ac175796-57dc-4de1-b6a2-eb71416e4c47	1	1	0.957142857142857	1	0.878048780487805	0.907407407407407	0.304347826086956	Tumor
ad8c55ae-46df-43cd-8cb5-c049e3019959	0.947368421052632	1	0.875	1	0.961538461538462	0.944444444444444	0.428571428571428	Tumor
af83a9af-a11f-4c29-a61f-8f0d2b5868c1	1	1	0.84375	1	0.8	0.848484848484849	0.37037037037037	Tumor
afd15ee9-ef38-4d14-b1c1-7f4267fe6a04	0.931034482758621	1	0.962264150943396	1	0.888888888888889	0.92	0.257575757575758	Tumor
b1366128-6ab0-4205-ae2b-a854e8ad45bf	0.9	1	0.857142857142857	1	0.842105263157895	1	0.476190476190476	Tumor
b161c26d-64b1-4e03-94da-4f9b9de25e88	1	1	0.939393939393939	1	0.906976744186046	0.961538461538462	0.608695652173913	Tumor
b1e1ae0d-4558-4d30-9b20-79aa40fa5a2a	0.870967741935484	0.962264150943396	0.910714285714286	1	0.838235294117647	0.943661971830986	0.404255319148936	Tumor
b31c9e1c-be79-4264-81a3-40b67f1f0bde	0.925925925925926	0.923076923076923	0.916666666666667	1	0.980392156862745	0.888888888888889	0.179487179487179	Tumor
b35809ed-747b-46b9-9921-e14d859e5b5d	0.928571428571429	0.866666666666667	0.777777777777778	1	0.970149253731343	0.944444444444444	0.5	Tumor
b3861080-a052-4432-82f8-193122ab29d4	0.903225806451613	1	0.863636363636364	1	0.958333333333333	1	0.434782608695652	Tumor
b3d432d6-0b86-4407-98e2-99c1971283a8	0.88	1	0.958333333333333	1	0.92	0.941176470588235	0.454545454545454	Tumor
b3ea108e-0ab7-4340-9da9-b7a8bc3b942c	0.948717948717949	1	0.972972972972973	1	0.91304347826087	0.964912280701754	0.333333333333333	Tumor
b47b2efb-02e1-4729-95ad-de05fb551bc7	0.75	1	0.92	1	0.928571428571429	0.916666666666667	0.660714285714286	Tumor
b4a9422c-ed5b-435f-aa13-e8a8f2484e97	1	0.970588235294118	0.727272727272727	1	0.761904761904762	1	0.388888888888889	Tumor
b4aad532-f92b-43d9-820c-f3c98e382225	0.846153846153846	1	0.9375	1	0.906976744186046	1	0.459459459459459	Tumor
b4b81763-61bc-469b-a048-eba733193262	1	1	0.9375	1	0.705882352941177	1	0.352941176470588	Tumor
b5e84055-487f-467a-9bc4-bd59ec82f183	0.96875	1	0.925925925925926	1	0.890243902439024	0.894736842105263	0.555555555555556	Tumor
b793fa3a-f197-409f-b630-2dcba3290cce	0.928571428571429	0.925925925925926	1	1	0.972972972972973	0.970588235294118	0.433333333333333	Tumor
b9e82597-fdf2-4479-a764-29193ddbd58f	0.916666666666667	1	0.8	1	0.818181818181818	1	0.357142857142857	Tumor
be813beb-9b35-4063-9d61-9f49a7fd7706	0.962962962962963	1	0.789473684210526	1	0.866666666666667	1	0.681818181818182	Tumor
be8e200c-dced-4b24-a70d-6b6baecb7300	0.909090909090909	1	0.764705882352941	1	0.954545454545455	1	0.285714285714286	Tumor
bf2a1913-2806-4b97-bcc6-e7038b900e15	0.923076923076923	1	0.842105263157895	1	0.973684210526316	1	0.277777777777778	Tumor
c07a2fe2-d51d-4fd6-a36e-9f04fc3b6c05	0.944827586206897	1	0.962264150943396	0.992647058823529	0.909090909090909	0.9609375	0.146341463414634	Tumor
c102587f-0390-4dd5-8b35-d819e0083134	0.87719298245614	1	1	1	0.884615384615385	0.95	0.309523809523809	Tumor
c1f95e8e-aaaa-4090-8f64-c619aa543d1b	0.846153846153846	1	0.9375	1	0.936170212765958	0.977777777777778	0.75	Tumor
c54b98cc-521e-4790-b67d-9dcc20af8c76	0.923076923076923	1	0.684210526315789	1	0.978260869565217	1	0.555555555555556	Tumor
c568f4a0-601e-4b45-b69e-cde40d94bb3d	0.9	1	0.866666666666667	1	0.897435897435897	1	0.555555555555556	Tumor
c58a5583-7b04-4b67-9372-e161e18d7de1	0.916666666666667	1	0.8	1	0.790322580645161	0.828571428571429	0.48780487804878	Tumor
c5d4a1ed-8fd3-4435-96f5-ea5e56326f20	0.953125	1	0.931818181818182	1	0.966666666666667	0.914285714285714	0.581818181818182	Tumor
c6683fc6-49f4-4e53-94ac-251799c2c638	0.96969696969697	1	0.807692307692308	1	0.888888888888889	0.774193548387097	0.545454545454545	Tumor
c7066edf-43fc-4bcf-bb63-ab75860d2410	0.931623931623932	0.991150442477876	0.763636363636364	0.990990990990991	0.831325301204819	0.953703703703704	0.314814814814815	Tumor
ca701a41-b397-48b7-bad4-09ef8b4eb462	0.875	1	0.75	1	0.904761904761905	1	0.32	Tumor
cab9ff29-e575-45e2-a411-1bfdc2e2610c	0.837837837837838	1	0.923076923076923	0.939393939393939	0.952380952380952	1	0.32258064516129	Tumor
cae39998-47d3-4a80-8acb-67d3a9518306	1	1	0.571428571428571	1	0.8125	0.941176470588235	0.466666666666667	Tumor
cafc9e36-c5f0-45df-ad03-16210ff0d870	0.951219512195122	1	0.896551724137931	1	0.961038961038961	0.945945945945946	0.352941176470588	Tumor
cb024f71-c708-498b-9196-2fe57acf3771	0.941176470588235	0.95	0.933333333333333	1	0.4	0.92	0.0588235294117647	Tumor
cd23ba96-cc18-428d-ae3d-67a7a2dd3c91	1	1	0.923076923076923	1	0.983870967741936	0.894736842105263	0.519230769230769	Tumor
ce52c9b2-ab83-4efa-8abf-97475dcf892d	0.96	1	1	1	0.868852459016393	1	0.666666666666667	Tumor
cf4160bb-9ef4-43c1-ac83-f6ca897101ee	0.977272727272727	1	0.95	1	0.80952380952381	0.897959183673469	0.5	Tumor
cf86835f-2bd2-4b15-a9a9-66fe369a560d	0.857142857142857	1	0.8	1	0.805555555555556	0.882352941176471	0.407407407407407	Tumor
cfba3fd3-4d84-46e6-9c12-8bf8481b35aa	0.9375	1	0.846153846153846	1	0.896551724137931	0.933333333333333	0.5	Tumor
d1f1743c-5fd9-4ae8-90c2-8c3e2d475d1b	0.85	0.9375	0.925925925925926	1	0.5625	0.956521739130435	0.3	Tumor
d1f7678a-8106-46c9-95b7-5ec5d940f08c	0.85	1	0.818181818181818	1	0.909090909090909	0.928571428571429	0.44	Tumor
d27304e0-1b0b-4fc3-8e0d-af2c305d30f8	0.914285714285714	0.911764705882353	0.789473684210526	0.96875	0.911111111111111	0.8	0.578947368421053	Tumor
d32c4662-2b0b-4f78-b031-e6ff5286664c	1	1	0.852941176470588	1	1	0.931034482758621	0.181818181818182	Tumor
d474de4c-c01d-46f5-92a6-7513f7a38eed	1	1	0.916666666666667	1	0.936507936507936	0.928571428571429	0.532258064516129	Tumor
d5a1a331-cd5b-448f-adf6-ea393565ef26	0.945945945945946	1	0.935483870967742	1	0.954545454545455	0.979166666666667	0.0384615384615384	Tumor
d61a8ec1-aa99-41c3-8633-018cdb0ccb1a	0.975609756097561	1	0.943396226415094	1	0.895833333333333	0.982456140350877	0.444444444444444	Tumor
d702ead2-f1df-43e1-b1a4-c506902b14df	0.949152542372881	1	0.918032786885246	1	0.862745098039216	0.946666666666667	0.68	Tumor
d89a84a4-4f45-4aab-ab6a-131bf3b359bd	0.888888888888889	1	0.972972972972973	1	0.987341772151899	0.875	0.566037735849057	Tumor
d9666e09-51bb-49a4-b289-0e6b69636858	0.966666666666667	1	0.941176470588235	1	1	0.891891891891892	0.419354838709677	Tumor
db360c44-bf72-41f4-8ca4-01c9973fce95	0.863636363636364	0.954545454545455	0.928571428571429	1	0.807692307692308	0.892857142857143	0.411764705882353	Tumor
db998871-01ff-4a39-ba06-fe3fb1183584	0.941176470588235	1	0.947368421052632	1	0.925531914893617	0.947368421052632	0.602941176470588	Tumor
dc76c717-eaa0-49d7-a228-2fce7a536e42	1	1	0.928571428571429	1	0.943396226415094	0.944444444444444	0.288888888888889	Tumor
dda806cc-67a1-406b-8957-ffdb5f9087c8	0.833333333333333	1	1	0.96	0.865384615384615	0.970588235294118	0.652173913043478	Tumor
e20191d9-fddf-47a3-9ff9-d4a36af7d762	0.939393939393939	1	0.9	1	0.934782608695652	1	0.746478873239437	Tumor
e3142cf7-334f-4f34-a5da-53ffa4e1ba33	1	1	0.970588235294118	1	0.88	0.837837837837838	0.476923076923077	Tumor
e38d31b7-ad89-4fff-93d5-05f49998727b	0.878048780487805	1	0.928571428571429	1	0.90625	0.971428571428571	0.702127659574468	Tumor
e5bcd6f9-680e-4d57-81f3-c8e6b40bb2af	1	1	0.782608695652174	1	0.789473684210526	1	0.318181818181818	Tumor
e619e3c8-f6eb-4b0a-bf17-005ccbe269bb	0.9375	1	0.923076923076923	1	0.914634146341463	1	0.538461538461538	Tumor
e627254f-65f9-4939-add4-bb77bfd92e16	0.826086956521739	1	0.9375	1	0.957746478873239	1	0.515625	Tumor
e7a1cdcf-ec99-44fd-a13b-604cf15b2bd4	0.96551724137931	1	0.942857142857143	1	0.962264150943396	1	0.558139534883721	Tumor
e97a2bf2-c5bd-4dbf-9940-450a8a99e9df	0.826086956521739	1	0.961538461538462	1	1	0.928571428571429	0.235294117647059	Tumor
ea1ff936-0327-419f-b104-008511b8af5d	0.891891891891892	1	0.928571428571429	0.96875	0.872340425531915	0.907692307692308	0.384615384615385	Tumor
eb805bd1-e1d5-47b1-8bbd-31f91fcee225	1	0.9375	0.8125	1	0.958904109589041	1	0.5	Tumor
eecb45f4-ea57-4aea-814e-9895d42034e9	0.941176470588235	1	0.882352941176471	1	0.873239436619718	0.92	0.534883720930233	Tumor
eed349c6-a5ed-4543-ae8d-67b394b26c7a	0.931034482758621	0.982142857142857	0.833333333333333	1	0.976190476190476	0.96875	0.607142857142857	Tumor
f04a6a90-d4d9-4b17-afaa-f97044ff4b6a	0.88	1	0.666666666666667	1	0.909090909090909	1	0.583333333333333	Tumor
f3d3848c-9ff7-4e84-a35c-f6b6e3a57605	0.952380952380952	1	0.966666666666667	1	0.962962962962963	0.942857142857143	0.4	Tumor
f3eb5b26-5414-454f-a01f-a282b0369596	1	1	0.916666666666667	1	1	0.869565217391304	0.306122448979592	Tumor
f4bbad06-fb0c-4064-8a05-18b30a16207a	0.943661971830986	1	0.970588235294118	1	1	0.936170212765958	0.404255319148936	Tumor
f7c6320e-0c39-4b92-9a25-fd4e03b70362	0.896551724137931	1	1	0.981818181818182	0.901960784313726	0.869565217391304	0.522727272727273	Tumor
f9a27067-7485-4c9f-986b-878aa6cd132c	0.925925925925926	1	0.833333333333333	1	0.833333333333333	0.953488372093023	0.25	Tumor
fc70931f-4a97-4538-b055-8ed988ab601c	0.961538461538462	1	0.916666666666667	1	0.833333333333333	0.95	0.40625	Tumor
fcc2a5c0-ec23-43b5-b616-9b03c8ff4129	0.979166666666667	1	0.888888888888889	1	0.928571428571429	1	0.276595744680851	Tumor
feb7140e-d822-4462-8dfa-7a63805ac740	1	1	1	1	0.827586206896552	0.882352941176471	0.7	Tumor
