	68563549:68563551	68411423:68411425	68477647:68477649	68069568:68069570	68470522:68470524	68497123:68497125	67835079:67835081	68291883:68291885	68468554:68468556	68468171:68468173	label
039eaafb-c311-45ff-9df7-30c1b0bab00a	0.9375	1.0	0.9642857142857144	1.0	1.0	1.0	1.0	0.9230769230769232	1.0	1.0	Tumor
046c3754-b22c-4bce-93c7-29b9da173d33	0.625	0.75	1.0	1.0	0.96	0.9333333333333332	1.0	1.0	1.0	0.9615384615384616	Tumor
04de1f79-fdfc-4662-bab2-a3ed667c7dea	0.896551724137931	0.9536423841059604	0.9097222222222222	1.0	0.9883040935672516	0.9545454545454546	0.9230769230769232	0.9784172661870504	1.0	0.937799043062201	Tumor
04ed1bfb-533f-4d97-a7e4-3e7bab103485	0.8918918918918919	0.9411764705882352	0.9487179487179488	1.0	0.9767441860465116	0.9736842105263158	0.9130434782608696	0.95	1.0	0.9761904761904762	Tumor
05b55f88-290a-4abd-bbc3-44561ba1f8b7	0.8205128205128205	1.0	1.0	0.967741935483871	0.9545454545454546	0.9411764705882352	0.875	0.967741935483871	1.0	0.96	Tumor
05f4836a-8db8-4dbc-a996-090887bf8a64	0.9534883720930232	0.9661016949152542	0.9846153846153848	0.984126984126984	1.0	0.9672131147540984	0.9166666666666666	0.9696969696969696	0.9866666666666668	0.9058823529411764	Tumor
063a4886-ee4d-43a9-95c1-25a0c0b2d85d	0.8181818181818182	0.8918918918918919	1.0	1.0	1.0	0.9565217391304348	0.88	0.8125	1.0	1.0	Tumor
064d1578-9fb7-439c-9644-d4cb6389ec9d	0.9649122807017544	0.972972972972973	1.0	1.0	1.0	0.9629629629629628	0.9444444444444444	0.975	1.0	0.9210526315789472	Tumor
06ce7b93-1264-4219-8a2f-d8f0d295e45f	0.8846153846153846	0.8	1.0	1.0	1.0	1.0	0.9230769230769232	0.92	1.0	0.8571428571428571	Tumor
071e21e7-a494-4d87-ab48-1cb334e0d992	0.6875	1.0	1.0	0.95	1.0	1.0	1.0	1.0	1.0	0.9166666666666666	Tumor
073939c1-c857-4340-8a5f-a7b87d2349c3	0.875	1.0	0.8823529411764706	1.0	1.0	0.9375	0.9333333333333332	0.9545454545454546	1.0	0.9375	Tumor
078f6959-adcf-44a5-91d2-2581ba3c8e62	0.8461538461538461	0.9696969696969696	1.0	1.0	1.0	1.0	1.0	0.9818181818181818	1.0	0.95	Tumor
083eb05f-0af4-4f73-bf09-3806eb3b71bb	0.3684210526315789	1.0	0.8823529411764706	1.0	1.0	1.0	0.9473684210526316	0.9166666666666666	1.0	0.9090909090909092	Tumor
0940092b-46da-4975-bde7-f205fe12707b	0.8	1.0	1.0	1.0	1.0	1.0	1.0	0.95	1.0	0.918918918918919	Tumor
0965a7ff-1a9f-4cc6-a822-970390b2de58	1.0	1.0	0.8571428571428571	1.0	1.0	0.9	1.0	1.0	1.0	1.0	Tumor
09cf8de3-bb0f-434d-8cb3-9f5eeb264b6b	0.9069767441860463	0.9852941176470588	0.9722222222222222	0.9487179487179488	1.0	0.9375	0.9166666666666666	0.8163265306122449	0.975	0.9310344827586208	Tumor
0a133c47-fae8-4e3b-8f4d-cbf357f5e2fc	1.0	0.8421052631578947	1.0	1.0	1.0	0.95	1.0	0.8571428571428571	0.9629629629629628	0.9629629629629628	Tumor
0a430a9a-7e63-41d6-8cd0-1dda1e1df975	1.0	1.0	0.9166666666666666	1.0	0.96	1.0	1.0	1.0	1.0	0.9032258064516128	Tumor
0b36289c-6835-414d-9f86-4cc4a812af87	1.0	1.0	1.0	1.0	1.0	0.967741935483871	0.9791666666666666	0.9230769230769232	1.0	0.903846153846154	Tumor
0cf58c62-a75d-413b-8ce3-4d90f4688b04	0.9411764705882352	1.0	0.9444444444444444	0.9473684210526316	1.0	0.7777777777777778	1.0	1.0	1.0	0.9375	Tumor
0dacd83e-7fab-4064-a25c-c1de66be5305	0.8181818181818182	1.0	1.0	1.0	1.0	0.9545454545454546	1.0	0.8947368421052632	1.0	0.8518518518518519	Tumor
0ef46de9-c9e7-42f0-92bf-c17dc2ede102	0.9433962264150944	0.78125	1.0	1.0	0.9090909090909092	1.0	0.9473684210526316	0.9655172413793104	1.0	1.0	Tumor
0f168687-6f42-4d92-8f91-13efde785a0c	0.9230769230769232	0.9545454545454546	0.9333333333333332	1.0	1.0	1.0	0.8888888888888888	0.9714285714285714	1.0	0.96	Tumor
0f3b932e-de72-483f-9ef6-74ae972637bd	0.8974358974358975	0.9473684210526316	0.9428571428571428	1.0	1.0	1.0	0.9166666666666666	0.75	1.0	0.95	Tumor
0f669396-2dc4-4305-aa35-c6fbd82ee7df	0.7222222222222222	0.9487179487179488	1.0	1.0	0.9444444444444444	0.9583333333333334	0.8809523809523809	0.9622641509433962	1.0	0.975609756097561	Tumor
11ed8e05-8f30-460a-b502-01ae09504315	1.0	1.0	0.9411764705882352	1.0	1.0	1.0	1.0	1.0	1.0	1.0	Tumor
13daffbb-aa53-44f9-a6ed-5fd43ed37471	0.9130434782608696	1.0	1.0	1.0	1.0	1.0	1.0	1.0	1.0	0.9333333333333332	Tumor
13fc37db-3160-4e82-bd63-52fc295e0e19	0.9	0.925	0.9130434782608696	1.0	1.0	0.9	0.8947368421052632	0.8666666666666667	1.0	1.0	Tumor
1453285a-717a-4ae3-a537-57df2b8e65e2	1.0	1.0	0.9333333333333332	1.0	1.0	1.0	1.0	1.0	1.0	0.9130434782608696	Tumor
17985496-652a-4034-997b-b888d97316e3	1.0	0.9	1.0	1.0	1.0	1.0	0.8666666666666667	0.9444444444444444	1.0	0.9523809523809524	Tumor
17dfa221-f092-45ed-a2e4-5798ddfc0ce9	0.8333333333333334	0.9545454545454546	0.9807692307692308	1.0	0.953846153846154	1.0	1.0	0.9230769230769232	1.0	0.9215686274509804	Tumor
187f14ba-0002-4f99-9eb1-af93cbfdd4c2	0.5342465753424658	1.0	0.9	1.0	0.94	0.945945945945946	1.0	0.9545454545454546	0.9230769230769232	0.90625	Tumor
18e5bf73-efdd-4c75-957c-68a94f6cb396	0.9696969696969696	1.0	0.9130434782608696	1.0	1.0	1.0	0.96875	0.8571428571428571	1.0	0.9666666666666668	Tumor
1bd6dff8-ad21-4a45-b496-2d52ba995e5e	0.8571428571428571	0.9047619047619048	0.9523809523809524	1.0	1.0	1.0	1.0	0.8461538461538461	0.9583333333333334	0.95	Tumor
1c3dbd2f-1c07-48cb-a844-0b1b3eb14e0d	0.7777777777777778	0.7777777777777778	0.95	1.0	1.0	1.0	0.9545454545454546	1.0	0.9583333333333334	0.95	Tumor
1dd10557-4e50-4af0-87c6-b4b3f6fa3a15	0.6428571428571429	0.9761904761904762	0.951219512195122	1.0	1.0	0.96875	0.95	0.9767441860465116	1.0	1.0	Tumor
204cf188-2162-43ac-bad4-8304622f3090	0.803921568627451	0.9666666666666668	0.875	1.0	0.9629629629629628	0.9	0.8695652173913043	0.9428571428571428	1.0	1.0	Tumor
20ef7196-2274-44e1-a105-0761f80c893c	0.9285714285714286	0.8928571428571429	0.9230769230769232	1.0	1.0	1.0	0.8846153846153846	0.9791666666666666	1.0	0.7931034482758621	Tumor
216e4f8a-be1a-41d6-b413-fa4645423caa	1.0	1.0	1.0	1.0	1.0	1.0	0.9473684210526316	0.8421052631578947	1.0	0.9285714285714286	Tumor
217558e4-a5f5-4c72-91b7-b430a17f457a	0.9649122807017544	1.0	1.0	1.0	0.9827586206896552	0.98	1.0	0.9714285714285714	1.0	1.0	Tumor
2244c5e8-a873-4e29-abb7-e869a7d79e3f	0.6190476190476191	1.0	0.9333333333333332	1.0	1.0	1.0	1.0	0.95	1.0	0.65	Tumor
22c2b380-799e-4fad-ae38-46a916c592d5	0.96	1.0	0.9090909090909092	0.9545454545454546	1.0	0.9411764705882352	1.0	0.84	1.0	0.9705882352941176	Tumor
22e623b3-2c82-4283-bd28-2cf1777b0179	0.9142857142857144	1.0	0.9615384615384616	1.0	0.9722222222222222	1.0	1.0	0.945945945945946	0.9722222222222222	0.9333333333333332	Tumor
231b4ae3-8543-47f4-a9f6-0ac26210b26d	0.6888888888888889	0.9245283018867924	0.9634146341463414	1.0	0.989247311827957	0.9473684210526316	1.0	0.9576271186440678	0.968421052631579	0.9572649572649572	Tumor
23b6c182-bb01-403a-9844-560518d059ac	0.8518518518518519	1.0	0.8846153846153846	0.9642857142857144	0.9428571428571428	0.9545454545454546	0.9375	0.7714285714285715	1.0	0.9583333333333334	Tumor
265fc9bf-8f99-4422-b78d-78ecf09b0e53	0.8	1.0	0.8888888888888888	1.0	1.0	0.9666666666666668	1.0	0.9215686274509804	1.0	0.9482758620689656	Tumor
281a89c1-e817-49d4-afa1-2894c2747919	0.8636363636363636	0.9324324324324323	0.9242424242424242	1.0	1.0	0.9743589743589745	1.0	0.9102564102564102	1.0	0.9174311926605504	Tumor
28f3a34c-f73a-4d10-8c0a-23e578866289	0.8181818181818182	1.0	0.9655172413793104	1.0	1.0	1.0	0.95	1.0	1.0	0.8260869565217391	Tumor
2966096f-4a35-4dca-ab38-ac86074fa29e	0.8260869565217391	0.9649122807017544	0.98	1.0	1.0	1.0	1.0	0.9565217391304348	1.0	0.9264705882352942	Tumor
29ce926f-d72e-4064-8a7f-359d86cb9d11	0.8596491228070176	0.9166666666666666	0.9387755102040816	1.0	0.9830508474576272	1.0	0.8863636363636364	0.9791666666666666	1.0	0.9827586206896552	Tumor
2ae456c7-57fa-4146-9b29-2d4129f0cf7c	0.8235294117647058	0.9090909090909092	0.9090909090909092	0.9696969696969696	1.0	1.0	0.7692307692307693	0.8048780487804879	1.0	0.9629629629629628	Tumor
2bbbdb50-4486-473c-a158-6b1656bdb242	0.8857142857142857	1.0	0.8333333333333334	1.0	1.0	1.0	1.0	0.9375	1.0	0.9	Tumor
2d1e176a-adc9-4d8a-92cf-5cba5ab8e486	0.9285714285714286	1.0	1.0	1.0	1.0	1.0	0.9333333333333332	1.0	1.0	0.8125	Tumor
2d4c2aed-34ae-4232-9b42-29b1a821f791	0.9375	1.0	0.7619047619047619	1.0	0.9523809523809524	0.8666666666666667	1.0	0.9375	1.0	0.8636363636363636	Tumor
2db5e0aa-342e-4766-8725-c1d677fd52b2	0.9222222222222224	0.9714285714285714	0.9111111111111112	1.0	0.9772727272727272	1.0	0.92	0.9473684210526316	1.0	0.967741935483871	Tumor
2e41a573-7a9d-4f96-873f-48aa12b3ab96	0.9166666666666666	0.9565217391304348	0.9473684210526316	1.0	0.96875	1.0	1.0	1.0	1.0	0.9565217391304348	Tumor
2e4316d2-5fe5-4ee1-9b22-73f4c42b6202	0.9074074074074074	0.9803921568627452	0.9487179487179488	0.9722222222222222	1.0	1.0	0.9473684210526316	0.8536585365853658	1.0	0.9607843137254902	Tumor
304b7293-0a76-4028-9a18-58c87c751ceb	0.7647058823529411	1.0	0.8695652173913043	0.98	0.7428571428571429	0.84	1.0	1.0	0.8333333333333334	0.918918918918919	Tumor
308e15c9-16b0-4f24-b9dc-e9dc91038579	0.6428571428571429	0.9615384615384616	1.0	1.0	1.0	1.0	0.9375	0.918918918918919	1.0	0.926829268292683	Tumor
3099b2a6-0d46-4404-88b0-a3689b019c38	0.8787878787878788	0.9818181818181818	0.9761904761904762	1.0	0.9772727272727272	1.0	1.0	0.8947368421052632	0.9772727272727272	0.9782608695652174	Tumor
315f3deb-74b5-4b71-afe5-759c85a0a6cc	0.5416666666666666	1.0	0.9230769230769232	1.0	1.0	0.9130434782608696	1.0	0.9047619047619048	1.0	0.9696969696969696	Tumor
35120b68-e618-46a1-9641-1e635f633372	0.813953488372093	0.875	0.9393939393939394	1.0	1.0	1.0	0.9333333333333332	0.9629629629629628	1.0	0.9428571428571428	Tumor
35da5f48-1c64-488b-8330-01e5fcbd9801	0.8181818181818182	1.0	0.9629629629629628	1.0	1.0	1.0	1.0	0.9583333333333334	0.9666666666666668	0.925925925925926	Tumor
36998e69-e955-49da-b859-2092caff19cb	0.8723404255319149	1.0	0.92	1.0	1.0	0.9787234042553192	1.0	0.7368421052631579	0.9791666666666666	0.9464285714285714	Tumor
36bbebb5-ba1e-4ac6-83b2-67ccd05e4939	0.9655172413793104	1.0	0.8666666666666667	1.0	1.0	0.9666666666666668	1.0	0.8571428571428571	1.0	0.9166666666666666	Tumor
37d359b3-d8f5-44cf-8f30-57dfdbbab8c1	0.8115942028985508	0.9777777777777776	0.9230769230769232	0.979591836734694	1.0	0.9666666666666668	1.0	0.9411764705882352	1.0	0.9230769230769232	Tumor
3823e741-c29c-431e-9397-4d16a30ec473	0.9130434782608696	0.95	0.9487179487179488	1.0	0.9574468085106383	0.96875	1.0	0.9230769230769232	0.9782608695652174	0.9487179487179488	Tumor
39a75bde-24a0-4d26-8377-df045423f786	0.5869565217391305	0.9032258064516128	0.88	1.0	0.9583333333333334	1.0	0.9545454545454546	0.9411764705882352	0.9230769230769232	0.9411764705882352	Tumor
39eaa466-f50c-402e-b127-b6b016d0480d	0.9285714285714286	0.8421052631578947	0.8571428571428571	1.0	0.9565217391304348	1.0	0.925925925925926	0.967741935483871	1.0	1.0	Tumor
3a6cc4be-eff8-4725-a416-46ed35316192	0.7435897435897436	0.8888888888888888	1.0	1.0	0.945945945945946	1.0	0.9722222222222222	0.967741935483871	1.0	0.9666666666666668	Tumor
3a814d3d-749f-4066-b33b-3faf503d84bb	0.8387096774193549	0.9333333333333332	0.95	1.0	0.9545454545454546	0.9473684210526316	0.8888888888888888	0.9166666666666666	1.0	0.935483870967742	Tumor
3c3c4741-8eda-46fe-8d36-2cd683f4a987	0.8961038961038961	0.92	0.9032258064516128	1.0	0.945945945945946	0.92	1.0	0.951219512195122	1.0	0.95	Tumor
3ccab1b1-39f2-4947-bbac-1c25750f0464	0.9285714285714286	1.0	0.8571428571428571	1.0	0.7222222222222222	1.0	1.0	1.0	1.0	1.0	Tumor
3d1bf8fc-c86b-436e-ab0c-3734af129b09	0.8125	1.0	0.9444444444444444	1.0	1.0	0.9090909090909092	0.9285714285714286	0.9655172413793104	1.0	0.925925925925926	Tumor
3d31d7a9-76b8-41f4-a037-0dfe6a4ecb0c	0.9666666666666668	0.9666666666666668	1.0	1.0	1.0	0.9166666666666666	0.9285714285714286	1.0	1.0	1.0	Tumor
3daf8160-42c5-41bf-b251-77fce23a4aab	0.9545454545454546	1.0	0.8571428571428571	0.9333333333333332	1.0	1.0	1.0	1.0	1.0	0.972972972972973	Tumor
3ef3fd4b-ed5b-41e1-8096-c573cf609bd3	0.8666666666666667	0.9310344827586208	0.967741935483871	1.0	1.0	0.8888888888888888	1.0	0.96875	0.9411764705882352	0.9583333333333334	Tumor
3f3b6a7b-94f0-40a3-9f16-32bab2854678	0.9375	0.9903846153846154	0.9655172413793104	0.987012987012987	0.9797979797979798	0.9125	0.9130434782608696	0.946236559139785	0.99	0.9010989010989012	Tumor
3f91fef1-b62c-4884-a882-c99bb6ca9613	1.0	0.8484848484848485	0.951219512195122	1.0	0.9545454545454546	1.0	1.0	0.9487179487179488	1.0	0.9130434782608696	Tumor
4066800d-0b9e-4263-ba24-cab271630e41	0.9285714285714286	1.0	0.8	1.0	1.0	1.0	0.8333333333333334	1.0	1.0	1.0	Tumor
420197bd-db07-4df9-8f72-3d7d509ae1d0	0.6666666666666666	0.9565217391304348	0.9655172413793104	1.0	0.9722222222222222	1.0	0.9333333333333332	0.9722222222222222	1.0	0.9166666666666666	Tumor
42b32308-71f1-4f21-935f-7e4e5751e332	0.76	1.0	0.9655172413793104	0.9772727272727272	1.0	0.9	1.0	0.9361702127659576	1.0	0.9772727272727272	Tumor
4331397f-eaf9-4e43-8fa2-e30ad3643aca	0.9558823529411764	0.9782608695652174	0.92	1.0	1.0	0.9487179487179488	0.9166666666666666	0.9523809523809524	1.0	1.0	Tumor
4387a2a8-5011-44c4-8027-61d5ab3792a0	0.9090909090909092	1.0	1.0	1.0	1.0	1.0	1.0	1.0	1.0	1.0	Tumor
4497500a-5721-4d7a-8ed9-1ba7b42fb6ab	0.847457627118644	1.0	1.0	1.0	0.9655172413793104	1.0	0.9166666666666666	0.8918918918918919	1.0	0.8947368421052632	Tumor
45f837c9-6b9e-4eed-ba56-9715b4a0356d	0.9230769230769232	0.95	1.0	1.0	0.9583333333333334	1.0	0.9166666666666666	1.0	1.0	1.0	Tumor
466a4121-0583-47ee-9d54-1f1c2d47e381	0.9487179487179488	0.9152542372881356	0.9791666666666666	1.0	1.0	0.9782608695652174	0.9	0.9523809523809524	1.0	0.9166666666666666	Tumor
467bd108-f391-4dd1-92de-43879822400d	0.8656716417910447	0.9761904761904762	1.0	1.0	1.0	0.90625	0.9545454545454546	0.9696969696969696	1.0	0.9423076923076924	Tumor
46cdbe65-5610-4903-9452-518fd6d5787d	0.935483870967742	0.96	0.92	1.0	1.0	0.875	1.0	0.9166666666666666	1.0	0.8095238095238095	Tumor
470b6305-67ca-487c-b9b1-9b74f673f9fd	0.7777777777777778	1.0	0.9285714285714286	1.0	0.9655172413793104	0.8928571428571429	0.75	0.9411764705882352	1.0	0.8857142857142857	Tumor
490dfd10-0c85-48a9-b4ce-22b4445ed504	0.5555555555555556	1.0	0.9318181818181818	1.0	1.0	1.0	0.9705882352941176	0.9821428571428572	1.0	0.9803921568627452	Tumor
49ec7f30-d687-4124-a3aa-17bffb48ce26	0.7311827956989247	0.925	0.8888888888888888	1.0	1.0	0.9411764705882352	0.9642857142857144	1.0	1.0	1.0	Tumor
4abd29b3-0a83-41d3-a741-bcc5b6d2f98a	0.8888888888888888	1.0	1.0	1.0	0.9705882352941176	1.0	0.8947368421052632	0.935483870967742	0.9722222222222222	0.9696969696969696	Tumor
4c6f18b9-eb4c-4b7f-90ee-0c3194407be7	0.8235294117647058	0.9285714285714286	0.9696969696969696	1.0	1.0	1.0	1.0	1.0	1.0	1.0	Tumor
4da20b00-8ed6-41ed-88d9-9969d15761c7	0.8863636363636364	0.9166666666666666	1.0	0.9642857142857144	0.9714285714285714	0.9090909090909092	0.9473684210526316	0.9310344827586208	1.0	0.9629629629629628	Tumor
4fb42c7e-2a7e-4641-ae7c-e92fd9c2be11	0.7857142857142857	0.975609756097561	1.0	1.0	0.951219512195122	1.0	0.7391304347826086	0.9230769230769232	1.0	0.8260869565217391	Tumor
504f8320-62f8-4205-926a-a54d042d0e98	0.6190476190476191	1.0	0.9	1.0	1.0	0.9	0.9696969696969696	0.9090909090909092	1.0	1.0	Tumor
507de54a-b4a5-4778-99fc-2f4f45c6daa0	0.8484848484848485	0.953846153846154	0.984375	0.971830985915493	1.0	0.9767441860465116	0.8541666666666666	0.9333333333333332	1.0	0.9	Tumor
52064107-3c37-45b1-aa6b-a14a98352f9d	0.9230769230769232	1.0	0.9591836734693876	1.0	1.0	1.0	1.0	0.9454545454545454	1.0	0.8666666666666667	Tumor
52df14ea-5feb-481a-855e-0a6176744a73	0.9242424242424242	0.9629629629629628	1.0	1.0	1.0	1.0	1.0	0.9285714285714286	1.0	0.96	Tumor
52ff2501-c6d1-4469-a2b7-c458d98cfc8e	1.0	0.9629629629629628	0.9428571428571428	1.0	1.0	0.8205128205128205	1.0	1.0	1.0	1.0	Tumor
548b1967-fca4-4238-8d59-ae5405122c90	0.9213483146067416	0.9473684210526316	1.0	1.0	1.0	1.0	1.0	0.95	1.0	0.9090909090909092	Tumor
553e13f9-e00e-4b05-b934-c3837ad4d02d	0.9615384615384616	1.0	1.0	1.0	0.9791666666666666	0.9444444444444444	0.9090909090909092	0.8620689655172413	1.0	0.9629629629629628	Tumor
570b216f-f99d-4be8-b179-48c8d30c6c06	0.8235294117647058	0.9629629629629628	0.9285714285714286	1.0	1.0	1.0	0.9375	1.0	1.0	1.0	Tumor
57d2c12f-e3ae-457b-b92c-22002aecdba0	0.9166666666666666	0.9583333333333334	0.9666666666666668	1.0	0.9705882352941176	0.9545454545454546	0.9285714285714286	1.0	1.0	0.967741935483871	Tumor
586df577-513d-4d43-ac47-89c52f322d30	0.8484848484848485	0.9523809523809524	0.8333333333333334	1.0	1.0	0.9285714285714286	1.0	1.0	1.0	1.0	Tumor
58b399a0-3070-44aa-9a40-f0e2c0fea0fc	1.0	1.0	1.0	1.0	1.0	1.0	0.9375	0.9411764705882352	1.0	0.9565217391304348	Tumor
5991af25-0b64-43d2-867a-6b9713b17af9	0.9574468085106383	1.0	0.9375	1.0	1.0	1.0	0.9375	0.9285714285714286	1.0	1.0	Tumor
59c3ac05-7a99-4817-ae14-1584f2b7bf36	0.5897435897435898	1.0	0.918918918918919	1.0	1.0	1.0	1.0	0.9629629629629628	1.0	0.9787234042553192	Tumor
59fe0f14-0415-43b7-87c7-1098e4b434ea	0.84	0.9384615384615383	0.912280701754386	1.0	1.0	1.0	1.0	0.8387096774193549	1.0	0.951219512195122	Tumor
5a3d1b74-f904-44ef-94a0-b38291e30be6	0.75	0.8666666666666667	1.0	1.0	1.0	1.0	1.0	1.0	1.0	0.8333333333333334	Tumor
5bd46a5d-2390-421c-a7aa-90ba77fed60d	0.8333333333333334	0.9487179487179488	0.975	1.0	0.9583333333333334	1.0	0.9743589743589745	0.975	1.0	0.9523809523809524	Tumor
5c66dcbd-024b-4a7b-b3aa-bbbaaf91ae78	0.9	0.951219512195122	0.92	1.0	0.9473684210526316	0.8888888888888888	0.8571428571428571	0.972972972972973	1.0	0.9714285714285714	Tumor
5cc4350c-416e-4f2c-be73-12af68ad1ee4	0.9	0.945945945945946	0.96	1.0	0.9848484848484848	0.9333333333333332	0.8888888888888888	0.9295774647887324	1.0	0.975609756097561	Tumor
5ef81653-adf0-4286-9f43-218490539508	1.0	1.0	0.9642857142857144	1.0	1.0	0.8888888888888888	0.96	1.0	1.0	0.918918918918919	Tumor
61325789-0b1e-473d-8b71-5ec13ec1dcb7	1.0	0.967741935483871	0.9166666666666666	1.0	1.0	0.9545454545454546	0.9428571428571428	1.0	1.0	0.9642857142857144	Tumor
628501d9-94e5-440e-b39f-df0e3ea09986	1.0	0.9302325581395348	0.945945945945946	1.0	0.9753086419753086	0.9672131147540984	0.8	0.925531914893617	1.0	0.925925925925926	Tumor
62aa3903-4f3b-4693-b5e5-fc5abce184de	0.9090909090909092	1.0	0.9142857142857144	1.0	0.972972972972973	0.9130434782608696	1.0	0.9285714285714286	1.0	0.9375	Tumor
6365a756-2e65-42cb-be4f-1f726915ca94	0.7419354838709677	0.90625	0.9555555555555556	1.0	1.0	0.9736842105263158	0.9761904761904762	0.8392857142857143	1.0	0.9848484848484848	Tumor
66116a4d-210d-45f8-8dba-3f8c79566ecc	0.9411764705882352	0.9666666666666668	1.0	1.0	1.0	1.0	0.9565217391304348	0.9473684210526316	1.0	0.9090909090909092	Tumor
663797a8-ffd2-48a2-a5f6-992b5eb3c745	0.979591836734694	1.0	0.918918918918919	0.9864864864864864	0.9891304347826086	0.9285714285714286	0.9615384615384616	0.8666666666666667	0.968421052631579	0.962406015037594	Tumor
666548b5-7b80-42af-80f3-207063c35b3b	0.8888888888888888	0.9215686274509804	0.9615384615384616	1.0	1.0	1.0	1.0	0.9807692307692308	1.0	0.926829268292683	Tumor
671bc03b-e3a8-45f6-88e4-ce138c716886	0.8260869565217391	1.0	1.0	1.0	1.0	0.8888888888888888	1.0	1.0	1.0	0.9782608695652174	Tumor
674907a1-381a-4952-924a-52e2adf5ad19	0.5625	1.0	0.875	1.0	0.9696969696969696	1.0	0.9285714285714286	1.0	1.0	0.9615384615384616	Tumor
676cce88-9f6e-4490-8e73-c0e88bd00075	0.65625	0.96875	0.9285714285714286	1.0	1.0	0.9565217391304348	1.0	0.9655172413793104	0.9714285714285714	0.9743589743589745	Tumor
678aa892-0631-47cc-b19e-cdcef42cecb3	0.9102564102564102	0.9	0.9523809523809524	1.0	1.0	1.0	1.0	1.0	1.0	0.9428571428571428	Tumor
689ba70a-9664-459e-aee5-fd16b3b993a8	1.0	0.9666666666666668	0.9	1.0	0.96	1.0	1.0	0.967741935483871	0.9629629629629628	1.0	Tumor
69d12077-db51-4a74-a090-9b26e0368ee8	1.0	0.9090909090909092	1.0	1.0	1.0	0.9047619047619048	0.9583333333333334	0.9629629629629628	0.925925925925926	0.8947368421052632	Tumor
6e24acde-7dd0-46b9-b3c5-b0b617912910	0.9166666666666666	1.0	1.0	1.0	0.9583333333333334	1.0	1.0	0.8387096774193549	1.0	0.9545454545454546	Tumor
6f73500d-4b23-4f14-911b-fbc69bd38f4b	0.9166666666666666	1.0	0.8695652173913043	0.9444444444444444	1.0	1.0	1.0	1.0	0.9642857142857144	0.8297872340425532	Tumor
6fb7c578-dec9-4fe8-a9bf-3888bb765658	0.8518518518518519	1.0	0.967741935483871	0.9696969696969696	1.0	0.92	0.9523809523809524	0.918918918918919	1.0	0.9696969696969696	Tumor
70532e65-df18-4e1d-beaf-08fbf349bec0	1.0	0.9411764705882352	1.0	1.0	1.0	1.0	0.8947368421052632	1.0	1.0	1.0	Tumor
7135f14b-e84f-4ebf-8d95-b2a3c843fd4d	0.8717948717948718	1.0	1.0	1.0	1.0	1.0	0.9696969696969696	0.9629629629629628	1.0	0.9523809523809524	Tumor
723ed50c-2c78-4a3a-9f6e-9f9e8e264f6b	0.6428571428571429	0.967741935483871	1.0	1.0	1.0	1.0	0.8947368421052632	0.8372093023255814	1.0	0.9629629629629628	Tumor
7289e7d5-65af-4d53-a4de-2691991d90d6	0.951219512195122	0.8823529411764706	0.8518518518518519	1.0	1.0	0.8823529411764706	0.9565217391304348	1.0	1.0	1.0	Tumor
74d50556-5de8-4eff-82e6-a3ad9c70020a	0.9545454545454546	0.8787878787878788	0.8095238095238095	1.0	0.9545454545454546	1.0	1.0	0.96	0.96	1.0	Tumor
754df69c-2fab-4037-8673-fd3be673fc09	1.0	0.8666666666666667	0.8571428571428571	1.0	0.90625	1.0	0.9393939393939394	1.0	1.0	0.9047619047619048	Tumor
75525261-bd54-4e19-9f86-ab7b9cea3388	0.9722222222222222	1.0	1.0	1.0	1.0	1.0	1.0	1.0	1.0	0.9375	Tumor
75668632-f0c7-495b-ba34-cd4b00aa9450	0.7857142857142857	0.971830985915493	0.96	1.0	0.9846153846153848	0.9743589743589745	0.9411764705882352	0.9692307692307692	0.9850746268656716	0.95	Tumor
75e67bb5-098c-4b48-8f5d-badc72dc4c47	0.71875	0.96	1.0	1.0	0.9310344827586208	0.9534883720930232	0.9473684210526316	0.9285714285714286	0.9821428571428572	0.8928571428571429	Tumor
769dff27-1f9c-422d-8ba0-703136a9d5ca	0.8571428571428571	1.0	1.0	1.0	1.0	0.9166666666666666	1.0	1.0	1.0	1.0	Tumor
784a9c63-9b40-4f6c-8147-93d0ed523867	0.4347826086956521	0.9090909090909092	1.0	1.0	1.0	0.9473684210526316	1.0	0.9285714285714286	1.0	0.9565217391304348	Tumor
7aac48b4-dbb0-49a5-a3e0-04916a9270b8	0.8372093023255814	0.95	1.0	1.0	1.0	0.9333333333333332	1.0	0.8666666666666667	1.0	1.0	Tumor
7b7c91b5-0358-4d09-af89-26a791d7a23a	0.6	0.9482758620689656	0.8974358974358975	1.0	0.9803921568627452	1.0	1.0	0.9827586206896552	1.0	0.9342105263157896	Tumor
7dc54973-bfae-4811-b947-f98a6ac24b25	0.8157894736842105	1.0	0.8	1.0	0.9444444444444444	0.9166666666666666	0.9333333333333332	0.96875	1.0	0.925925925925926	Tumor
7de22a44-8f58-4a73-90a3-a16d161160e8	0.9047619047619048	0.961038961038961	0.9896907216494846	0.989010989010989	0.972972972972973	0.9456521739130436	0.902439024390244	0.9473684210526316	1.0	0.9197080291970804	Tumor
7e48e080-0ec9-4589-ba1d-6f7a1f60a010	0.9665809768637532	0.9565217391304348	1.0	1.0	0.9230769230769232	1.0	0.9047619047619048	1.0	1.0	0.925925925925926	Tumor
7e6ed4fc-b4bf-46c7-9f31-24a0c32c039e	0.9090909090909092	0.9615384615384616	0.9629629629629628	1.0	1.0	0.9629629629629628	0.8148148148148148	0.9545454545454546	1.0	0.9230769230769232	Tumor
8087339c-4fdc-42e4-94ff-299a59ae88a3	0.8974358974358975	0.9047619047619048	0.9230769230769232	1.0	1.0	1.0	0.9333333333333332	0.9545454545454546	1.0	0.9032258064516128	Tumor
8095ebc6-d293-4668-9d83-8b3f35dd198d	0.896551724137931	0.9736842105263158	0.9705882352941176	1.0	1.0	0.9393939393939394	1.0	0.967741935483871	1.0	0.9814814814814816	Tumor
80de2366-cd3c-4b51-9957-06ac3e152cf0	0.9166666666666666	1.0	1.0	1.0	0.8571428571428571	1.0	1.0	0.9629629629629628	1.0	0.8181818181818182	Tumor
81395cc8-c7d5-4ea7-957a-b5cb8d6bfd1a	0.875	0.945945945945946	0.9761904761904762	1.0	0.9107142857142856	1.0	0.9473684210526316	0.8974358974358975	1.0	0.9591836734693876	Tumor
824f5b0a-44d4-4ccf-9277-1ef752462bb3	0.8571428571428571	0.9375	0.8125	1.0	1.0	0.9285714285714286	1.0	1.0	1.0	1.0	Tumor
83834ecf-bc98-416a-98c0-824229e6cfe0	0.9069767441860463	0.935483870967742	0.9375	1.0	1.0	0.875	0.7777777777777778	0.90625	1.0	0.8947368421052632	Tumor
839aaefe-1755-4131-9b89-2610481a13c4	0.8	0.8333333333333334	1.0	1.0	0.9310344827586208	1.0	1.0	0.9444444444444444	0.9642857142857144	0.8148148148148148	Tumor
83f93d3f-d038-4773-a671-0f218f53821c	0.85	0.8928571428571429	0.8709677419354839	1.0	1.0	1.0	1.0	0.9666666666666668	1.0	1.0	Tumor
8634f872-177a-481f-ba51-62864c569001	0.8648648648648649	0.9777777777777776	0.945945945945946	1.0	1.0	1.0	0.9487179487179488	0.975609756097561	1.0	0.9347826086956522	Tumor
87c074cd-bcd8-4280-a12e-b205f50e139c	0.875	0.967741935483871	0.902439024390244	1.0	0.9772727272727272	0.9487179487179488	0.9655172413793104	0.9777777777777776	1.0	0.9777777777777776	Tumor
8923da54-2f7c-4315-9fc2-a1d6502df55b	0.8888888888888888	0.9411764705882352	0.9090909090909092	1.0	1.0	1.0	1.0	1.0	0.9722222222222222	0.9285714285714286	Tumor
898f9214-8dab-4b92-9233-70c06c60078c	0.8421052631578947	0.8928571428571429	0.967741935483871	1.0	0.9705882352941176	0.8787878787878788	1.0	1.0	1.0	0.9714285714285714	Tumor
8997a81b-4046-4c31-91f6-7c1519f1d2ec	0.6666666666666666	0.9642857142857144	0.9333333333333332	1.0	1.0	0.8571428571428571	1.0	1.0	1.0	0.75	Tumor
8a27980e-a506-4cb3-91f2-3f0e5a19acfe	0.964	1.0	0.9722222222222222	1.0	1.0	1.0	1.0	0.9615384615384616	0.975	0.8048780487804879	Tumor
8aed99b7-de49-4e7e-8fb3-17d897c03e00	0.927536231884058	0.9838709677419356	1.0	0.9642857142857144	1.0	0.9545454545454546	0.7894736842105263	0.9818181818181818	1.0	0.875	Tumor
8b629c3d-0f28-4740-b681-6f064354f794	0.9666666666666668	1.0	0.9230769230769232	1.0	1.0	1.0	1.0	1.0	1.0	0.9166666666666666	Tumor
8b9d534c-0d48-4d88-bbb2-a866d7e73a55	0.4285714285714285	1.0	1.0	1.0	0.9743589743589745	1.0	1.0	0.8	1.0	0.896551724137931	Tumor
8bfd50fb-d6d8-44cd-a492-1e0a983e40b6	0.8333333333333334	1.0	0.875	1.0	1.0	0.9230769230769232	1.0	0.9166666666666666	1.0	0.935483870967742	Tumor
8c147a31-a1be-4464-9606-12b14fbdf8d3	0.8823529411764706	1.0	0.9545454545454546	1.0	1.0	1.0	0.9166666666666666	0.9523809523809524	0.9666666666666668	0.9310344827586208	Tumor
8d1641ea-7552-4d23-9298-094e0056386a	0.8636363636363636	1.0	0.96	1.0	1.0	0.9545454545454546	0.96875	1.0	1.0	0.9473684210526316	Tumor
8f08cee9-a91f-4305-bf8d-efeee9cd386c	1.0	0.9714285714285714	0.9615384615384616	1.0	0.9310344827586208	0.9090909090909092	1.0	0.8571428571428571	1.0	0.967741935483871	Tumor
8fff7b55-a9c5-4179-a86a-80bff4fed1b0	0.8135593220338984	0.936	0.9381443298969072	0.9910714285714286	0.945945945945946	0.9418604651162792	0.9696969696969696	0.95	0.9858156028368794	0.9378531073446328	Tumor
9053485e-19f7-4d2b-b4b6-361d908cc708	0.8723404255319149	0.9523809523809524	0.8620689655172413	1.0	0.967741935483871	1.0	1.0	0.9130434782608696	1.0	0.9565217391304348	Tumor
914508e1-ccc8-47ff-a225-7aca326a54dd	0.5	0.9285714285714286	0.9076923076923076	1.0	0.9857142857142858	1.0	0.9285714285714286	0.963855421686747	1.0	0.9852941176470588	Tumor
91941243-48d2-4416-b104-0affb8c46316	0.6923076923076923	0.8372093023255814	1.0	1.0	0.9152542372881356	1.0	1.0	0.9875	1.0	0.9302325581395348	Tumor
922ac2aa-8619-47ef-99d8-160e19861f57	0.6792452830188679	0.9047619047619048	1.0	1.0	1.0	1.0	1.0	0.9473684210526316	1.0	0.9	Tumor
92e1baff-0f43-4841-aab9-fdda0078673a	0.8125	1.0	1.0	1.0	1.0	0.9333333333333332	0.9285714285714286	1.0	1.0	0.9047619047619048	Tumor
948f1e9e-702b-4f42-a766-fb6b4976b14d	0.8951612903225806	0.9433962264150944	0.9285714285714286	0.9491525423728814	0.9831932773109244	0.9714285714285714	1.0	0.7702702702702703	0.9915254237288136	0.9732142857142856	Tumor
94e93460-c9fc-48f9-a2de-3722231f54b6	0.5294117647058824	1.0	0.9473684210526316	1.0	0.96	1.0	0.9	0.9615384615384616	1.0	0.9565217391304348	Tumor
956570e5-7ed4-4d17-a830-f1bc67a7af15	0.7894736842105263	1.0	0.9629629629629628	1.0	1.0	1.0	1.0	0.9473684210526316	1.0	0.9714285714285714	Tumor
95e450bd-ff88-4498-9418-e09883c94988	0.7948717948717948	0.9090909090909092	0.9787234042553192	1.0	0.9814814814814816	0.9714285714285714	0.8863636363636364	0.9859154929577464	1.0	0.8813559322033898	Tumor
960df455-dab8-4c59-9a99-579cdabe4d19	0.8	0.96	0.9302325581395348	1.0	0.96	0.9655172413793104	1.0	0.9230769230769232	1.0	1.0	Tumor
967fde0b-9c38-4c69-97f2-9640ebe1dc9a	0.7875	0.935483870967742	1.0	1.0	1.0	0.9230769230769232	0.9545454545454546	0.96	1.0	1.0	Tumor
96cd848e-50fc-4244-beec-8d18b1703fff	0.9411764705882352	0.9230769230769232	0.8888888888888888	1.0	1.0	1.0	0.9523809523809524	0.9473684210526316	1.0	0.9444444444444444	Tumor
990f1383-2ef6-426a-a650-e182010a8281	0.7647058823529411	1.0	1.0	0.9545454545454546	1.0	1.0	0.9310344827586208	0.875	1.0	1.0	Tumor
9918029c-763f-4458-b929-a4db95fd5e1a	0.9210526315789472	1.0	0.896551724137931	1.0	1.0	1.0	0.9090909090909092	0.95	1.0	0.9411764705882352	Tumor
99d31369-3db2-4631-bc62-1aa6927476ad	0.7	0.951219512195122	0.9629629629629628	1.0	1.0	1.0	0.9787234042553192	0.972972972972973	1.0	0.9722222222222222	Tumor
9b7c81c7-d03c-446c-9d25-8c966058b0e3	0.8260869565217391	0.875	1.0	1.0	0.9444444444444444	0.9444444444444444	0.9473684210526316	0.9565217391304348	1.0	1.0	Tumor
9c0696ab-2bd6-4372-8b10-8222816de48e	0.875	0.9714285714285714	0.9615384615384616	1.0	0.9655172413793104	0.9230769230769232	1.0	0.9210526315789472	1.0	0.8529411764705882	Tumor
9c2ed2bb-8ee1-441e-9f3b-ffbb4def2673	0.94	1.0	0.8636363636363636	1.0	0.9285714285714286	0.9	1.0	0.8235294117647058	1.0	0.935483870967742	Tumor
9c706e45-00da-42cd-933f-1f42f0b6942e	0.8235294117647058	0.9583333333333334	0.78125	1.0	1.0	1.0	1.0	0.8636363636363636	1.0	0.9777777777777776	Tumor
9d515fd5-009a-4c32-95e7-042909d70b9f	0.9310344827586208	0.8461538461538461	1.0	1.0	1.0	0.9444444444444444	1.0	1.0	1.0	0.9473684210526316	Tumor
9da89066-8d82-4ace-80e1-889d3c73c8eb	0.8611111111111112	0.9272727272727272	0.8571428571428571	1.0	1.0	1.0	0.8846153846153846	1.0	1.0	0.9552238805970148	Tumor
9dffaff8-a482-4940-b53a-527e5a510740	0.7735849056603774	0.9448818897637796	0.9473684210526316	1.0	1.0	0.9493670886075948	1.0	0.9492753623188406	1.0	0.9739130434782608	Tumor
9e785594-f00c-4805-8901-66c73fe2588d	0.972972972972973	0.9166666666666666	0.88	1.0	1.0	1.0	1.0	0.7619047619047619	1.0	0.9310344827586208	Tumor
9eb69ff7-492b-4ed3-8762-c25c3dffa1fe	1.0	0.96875	0.975609756097561	1.0	1.0	1.0	0.9411764705882352	0.9565217391304348	1.0	0.975609756097561	Tumor
9ee600fe-20c7-4b1f-b08f-15d3d38a5c52	1.0	1.0	1.0	1.0	1.0	0.9285714285714286	1.0	0.9047619047619048	1.0	0.9130434782608696	Tumor
a068f661-e689-4e30-9572-3103039981aa	0.9466666666666668	0.9722222222222222	0.84375	1.0	0.9714285714285714	0.88	1.0	0.9534883720930232	1.0	0.9555555555555556	Tumor
a17d056c-59ee-4c93-9357-19d57f108144	0.7058823529411765	0.935483870967742	1.0	1.0	0.9801980198019802	0.8771929824561403	1.0	0.9186046511627908	1.0	0.956989247311828	Tumor
a2a798c5-3b1e-4192-8c6a-8c627cd0879e	1.0	0.972972972972973	0.8947368421052632	1.0	0.9736842105263158	0.967741935483871	0.9444444444444444	0.9807692307692308	1.0	0.9069767441860463	Tumor
a31cd337-8f1a-451d-9b90-b722590d3105	0.53125	1.0	0.8636363636363636	1.0	1.0	0.9333333333333332	0.9565217391304348	0.9565217391304348	1.0	1.0	Tumor
a32190c5-a193-4e90-ac98-38a600bb10f0	0.8421052631578947	0.9210526315789472	0.9242424242424242	1.0	0.9871794871794872	0.9491525423728814	0.9090909090909092	0.9411764705882352	1.0	0.9634146341463414	Tumor
a3624554-07c8-41d7-9b6b-f4cbf9de9301	0.7631578947368421	1.0	0.9411764705882352	1.0	1.0	0.9285714285714286	0.875	0.9523809523809524	1.0	1.0	Tumor
a41a8b37-2a35-487f-8a4d-ffa0f31b7839	1.0	0.8421052631578947	0.9444444444444444	1.0	1.0	0.9696969696969696	0.8461538461538461	1.0	1.0	0.9230769230769232	Tumor
a622a28b-a3ac-495b-b696-2a11e0e0e2ad	0.9090909090909092	0.9166666666666666	1.0	1.0	1.0	0.9285714285714286	0.9230769230769232	0.9411764705882352	1.0	1.0	Tumor
a740aa2d-a410-443f-99f4-3a123deb2f41	1.0	1.0	0.8918918918918919	1.0	1.0	1.0	0.9230769230769232	1.0	0.951219512195122	0.92	Tumor
a7b067c9-a62a-4d3d-8c4e-668830f7441f	0.8695652173913043	0.95	0.9523809523809524	1.0	1.0	1.0	1.0	1.0	1.0	0.9743589743589745	Tumor
a852a227-c31f-410f-baee-81135917a7d2	0.9953271028037384	0.9473684210526316	0.9411764705882352	1.0	1.0	1.0	1.0	0.9047619047619048	1.0	1.0	Tumor
a854c368-6e81-4ade-9ea9-afbee1c4c448	0.7272727272727273	1.0	1.0	1.0	1.0	1.0	0.9090909090909092	1.0	1.0	0.9655172413793104	Tumor
aa3d8e3d-68cb-47dc-80c0-d50917cb4878	0.576271186440678	0.8235294117647058	0.9473684210526316	1.0	0.9545454545454546	1.0	1.0	1.0	1.0	1.0	Tumor
abb411d3-1474-4e6e-afa9-23b974d9a557	1.0	0.8846153846153846	0.9	1.0	1.0	0.9411764705882352	0.8333333333333334	0.95	1.0	1.0	Tumor
ac175796-57dc-4de1-b6a2-eb71416e4c47	0.9375	0.8723404255319149	1.0	1.0	1.0	1.0	1.0	1.0	0.9791666666666666	0.8863636363636364	Tumor
ad502a9c-1f1a-4118-a8f9-2cffb9b0c610	1.0	1.0	0.8333333333333334	1.0	0.9523809523809524	1.0	0.8888888888888888	1.0	1.0	1.0	Tumor
ad930bd1-0026-4f83-92e2-23170c1965aa	0.631578947368421	1.0	0.9090909090909092	1.0	1.0	1.0	0.9333333333333332	0.975	1.0	0.9285714285714286	Tumor
ae8996bd-b0b7-4f9b-91fa-606f95d49f8c	0.4285714285714285	0.9	1.0	1.0	0.9	1.0	1.0	0.7142857142857143	1.0	0.9655172413793104	Tumor
af83a9af-a11f-4c29-a61f-8f0d2b5868c1	0.5882352941176471	1.0	1.0	1.0	1.0	1.0	1.0	0.9333333333333332	1.0	0.9302325581395348	Tumor
b1366128-6ab0-4205-ae2b-a854e8ad45bf	0.7419354838709677	0.8235294117647058	0.9393939393939394	1.0	1.0	1.0	1.0	1.0	1.0	0.9473684210526316	Tumor
b1e03953-263f-4331-b386-487cdc897425	1.0	0.9411764705882352	1.0	1.0	1.0	1.0	1.0	0.9333333333333332	1.0	0.8974358974358975	Tumor
b1e1ae0d-4558-4d30-9b20-79aa40fa5a2a	0.7	0.9666666666666668	0.926829268292683	1.0	0.9534883720930232	1.0	1.0	0.9772727272727272	1.0	0.967741935483871	Tumor
b22d3e38-c370-4719-bea6-3dcbd9590935	1.0	0.8529411764705882	1.0	1.0	1.0	0.9444444444444444	1.0	0.95	1.0	1.0	Tumor
b31c9e1c-be79-4264-81a3-40b67f1f0bde	0.918918918918919	1.0	1.0	1.0	1.0	1.0	0.9375	0.9230769230769232	0.972972972972973	0.8571428571428571	Tumor
b35809ed-747b-46b9-9921-e14d859e5b5d	0.9642857142857144	0.9696969696969696	1.0	0.9696969696969696	0.9761904761904762	0.9230769230769232	0.9428571428571428	0.9696969696969696	1.0	0.9545454545454546	Tumor
b47b2efb-02e1-4729-95ad-de05fb551bc7	0.8181818181818182	1.0	0.8695652173913043	1.0	1.0	1.0	0.9428571428571428	0.9565217391304348	1.0	0.9230769230769232	Tumor
b4a9422c-ed5b-435f-aa13-e8a8f2484e97	0.8064516129032258	1.0	0.9545454545454546	1.0	0.9649122807017544	0.7222222222222222	1.0	1.0	1.0	0.981132075471698	Tumor
b4aad532-f92b-43d9-820c-f3c98e382225	0.896551724137931	0.9583333333333334	1.0	0.951219512195122	0.9767441860465116	0.9565217391304348	0.9444444444444444	0.951219512195122	1.0	0.951219512195122	Tumor
b4e60c29-6c4d-49b4-878e-b91e20e17dad	0.7916666666666666	0.9647058823529412	0.9411764705882352	1.0	0.9829059829059827	0.9864864864864864	0.8863636363636364	0.9743589743589745	1.0	0.9153846153846154	Tumor
b58811d7-8ee0-4b65-a892-17319cc9ecaf	0.9523809523809524	0.9444444444444444	0.8947368421052632	1.0	1.0	1.0	1.0	1.0	1.0	1.0	Tumor
b5e84055-487f-467a-9bc4-bd59ec82f183	0.7631578947368421	1.0	0.9508196721311476	1.0	0.9452054794520548	1.0	0.967741935483871	0.9836065573770492	1.0	0.975	Tumor
b773c30d-f37b-4aee-8330-a159d42d3019	0.6	0.9565217391304348	0.7647058823529411	1.0	0.95	1.0	1.0	0.782608695652174	0.9661016949152542	0.9552238805970148	Tumor
b793fa3a-f197-409f-b630-2dcba3290cce	1.0	0.9583333333333334	0.9090909090909092	1.0	1.0	1.0	0.9047619047619048	1.0	1.0	0.972972972972973	Tumor
b7ef29ba-06f6-4445-8c70-52388892388c	0.9433962264150944	1.0	0.9230769230769232	1.0	1.0	0.9230769230769232	1.0	0.85	1.0	0.9047619047619048	Tumor
b85209a5-128a-4aff-83d4-1ab336d82b95	0.8666666666666667	0.8936170212765957	0.8372093023255814	1.0	1.0	0.92	1.0	0.8409090909090909	1.0	0.8775510204081632	Tumor
b8542fa9-5521-48bc-ae1b-4e12a1744e0d	0.9473684210526316	1.0	0.8695652173913043	1.0	0.925925925925926	1.0	0.8571428571428571	0.9166666666666666	1.0	0.8928571428571429	Tumor
b9e82597-fdf2-4479-a764-29193ddbd58f	0.9253731343283582	0.9655172413793104	0.984375	1.0	0.9863013698630136	0.9818181818181818	1.0	0.9375	0.9866666666666668	0.9629629629629628	Tumor
ba2e1bd2-56f5-4dfb-94b5-92c50c58b31e	0.8214285714285714	0.9705882352941176	0.945945945945946	1.0	1.0	1.0	0.9166666666666666	1.0	0.9767441860465116	0.9090909090909092	Tumor
bae57be0-48af-438d-88fa-cbaaf16b3d33	0.7692307692307693	1.0	0.8181818181818182	1.0	1.0	1.0	0.8571428571428571	0.9285714285714286	1.0	1.0	Tumor
bcbe88a9-729e-4af8-9bb8-1ac65aa4bd23	1.0	0.95	0.9583333333333334	1.0	1.0	0.92	0.8823529411764706	0.8421052631578947	1.0	0.8709677419354839	Tumor
bd1f12ab-ee49-4e7e-aad4-14924c49d306	0.95	0.9565217391304348	1.0	1.0	0.9743589743589745	0.9722222222222222	1.0	0.8823529411764706	1.0	0.9411764705882352	Tumor
be8e200c-dced-4b24-a70d-6b6baecb7300	0.9090909090909092	0.9473684210526316	0.8703703703703703	0.98	0.9814814814814816	1.0	0.975	1.0	1.0	0.9387755102040816	Tumor
c058aa43-349b-4f45-8217-6b193bf7c610	0.8070175438596491	1.0	1.0	1.0	1.0	0.96	0.9545454545454546	1.0	1.0	0.9464285714285714	Tumor
c1f95e8e-aaaa-4090-8f64-c619aa543d1b	1.0	1.0	1.0	1.0	1.0	1.0	1.0	1.0	1.0	0.9375	Tumor
c2fe2d79-efb1-4e4d-a297-bd6b15703d10	0.6153846153846154	1.0	1.0	1.0	0.9444444444444444	0.9655172413793104	0.9333333333333332	0.868421052631579	1.0	0.9215686274509804	Tumor
c33ecc28-d5ba-4416-b93d-445b7883b6e8	1.0	1.0	0.9	1.0	1.0	0.9545454545454546	0.9473684210526316	1.0	1.0	0.9	Tumor
c50adee7-f053-484e-8a2f-f66c94a14fd3	0.9375	0.9444444444444444	1.0	1.0	1.0	0.9142857142857144	0.9444444444444444	0.9375	1.0	0.8928571428571429	Tumor
c54b98cc-521e-4790-b67d-9dcc20af8c76	0.8717948717948718	1.0	0.9166666666666666	1.0	1.0	1.0	0.9565217391304348	1.0	1.0	0.935483870967742	Tumor
c58a5583-7b04-4b67-9372-e161e18d7de1	0.7368421052631579	0.9655172413793104	0.896551724137931	1.0	1.0	0.9411764705882352	0.9375	0.9615384615384616	1.0	0.9545454545454546	Tumor
c5bb9834-a08f-4729-9aec-22f9a2816184	0.9047619047619048	0.8095238095238095	0.9285714285714286	1.0	1.0	0.9523809523809524	0.9333333333333332	1.0	1.0	0.875	Tumor
c5d4a1ed-8fd3-4435-96f5-ea5e56326f20	0.8214285714285714	0.951219512195122	0.9523809523809524	0.9375	0.9642857142857144	1.0	1.0	1.0	1.0	0.925	Tumor
c63a27ff-1844-4b4f-9bc7-ac4d00dc0de8	0.8571428571428571	0.8705882352941177	0.9302325581395348	0.9692307692307692	1.0	1.0	1.0	0.8783783783783784	0.9888888888888888	0.9813084112149532	Tumor
c6683fc6-49f4-4e53-94ac-251799c2c638	1.0	1.0	0.8518518518518519	1.0	1.0	1.0	1.0	0.9130434782608696	1.0	1.0	Tumor
c8e8f4e7-7aae-41f7-9d36-5938d2c2fc04	0.9705882352941176	0.9333333333333332	0.9411764705882352	1.0	1.0	1.0	1.0	0.8823529411764706	1.0	0.96875	Tumor
ca34cd1c-026e-4641-a9dd-ac1a9b4f243b	0.8666666666666667	1.0	0.951219512195122	1.0	1.0	0.9583333333333334	0.9090909090909092	0.971830985915493	1.0	0.875	Tumor
ca701a41-b397-48b7-bad4-09ef8b4eb462	0.9166666666666666	1.0	1.0	1.0	0.9090909090909092	0.8461538461538461	1.0	1.0	1.0	0.8888888888888888	Tumor
ca823082-ede5-4bfd-8498-7e492f39bcd6	0.9166666666666666	1.0	0.9565217391304348	1.0	1.0	0.9523809523809524	0.9545454545454546	0.9130434782608696	1.0	0.9523809523809524	Tumor
ca8b34fa-ab70-42c1-8e81-8b28ba1a8f3a	0.9738562091503268	0.95	0.9090909090909092	1.0	1.0	0.9642857142857144	1.0	1.0	1.0	0.9	Tumor
cafc9e36-c5f0-45df-ad03-16210ff0d870	0.9074074074074074	0.9714285714285714	0.9130434782608696	1.0	0.9615384615384616	1.0	0.9666666666666668	0.95	1.0	0.9117647058823528	Tumor
cbf0063b-68e5-42ee-9292-dfbf918a7b08	0.92	1.0	0.9117647058823528	1.0	0.9714285714285714	0.9615384615384616	1.0	0.9714285714285714	1.0	0.9069767441860463	Tumor
cc66d11a-33c0-4247-9072-6e7c0d0b6112	0.9193548387096774	0.946341463414634	0.956989247311828	1.0	0.9857142857142858	0.9724137931034482	1.0	0.9745762711864406	0.981042654028436	0.9858490566037736	Tumor
cd215363-3f4a-4928-9dbb-60735f4c27ce	1.0	0.951219512195122	0.9642857142857144	0.935483870967742	0.9565217391304348	1.0	1.0	0.9375	1.0	0.9473684210526316	Tumor
ce362483-60b7-4654-b201-834c60e38690	0.8	0.953125	0.9367088607594936	0.9859154929577464	0.9775280898876404	1.0	1.0	0.8888888888888888	1.0	0.8859649122807017	Tumor
cf122ae0-0be8-43dd-a0b9-01fff585186f	0.8695652173913043	1.0	0.8947368421052632	1.0	1.0	0.9655172413793104	0.84	0.9777777777777776	0.975	0.9852941176470588	Tumor
cf4160bb-9ef4-43c1-ac83-f6ca897101ee	0.9	1.0	0.9375	1.0	1.0	1.0	1.0	0.9090909090909092	1.0	0.9444444444444444	Tumor
cf5fba05-4996-4f62-adcf-a2ee1f4c65d3	0.8870967741935484	0.972972972972973	0.9130434782608696	1.0	0.96	0.9047619047619048	0.9333333333333332	1.0	0.96	1.0	Tumor
cfe1c805-2211-419c-bf9a-e0c8b5020dce	0.8333333333333334	1.0	0.9523809523809524	1.0	0.9666666666666668	1.0	0.8461538461538461	1.0	1.0	0.972972972972973	Tumor
d0dc0f54-e23f-40fb-a0ac-56fbd55108f0	1.0	1.0	0.9230769230769232	1.0	0.9333333333333332	1.0	1.0	1.0	1.0	0.88	Tumor
d1adf0be-5afe-4df7-8f88-dbf7521bcdac	1.0	0.9047619047619048	0.8928571428571429	1.0	0.9629629629629628	1.0	0.9333333333333332	0.8947368421052632	1.0	0.9090909090909092	Tumor
d28a7c02-2f33-46e2-bff9-5ed518ea6fb6	0.8275862068965517	0.875	1.0	1.0	0.9629629629629628	1.0	1.0	0.9666666666666668	1.0	0.9117647058823528	Tumor
d33cdca5-78ec-4d34-be08-51efd97e8bfb	0.9245283018867924	1.0	0.7647058823529411	0.84	1.0	0.7692307692307693	0.9375	1.0	1.0	0.9705882352941176	Tumor
d474de4c-c01d-46f5-92a6-7513f7a38eed	0.8571428571428571	1.0	0.935483870967742	1.0	0.9696969696969696	1.0	0.9736842105263158	0.935483870967742	1.0	1.0	Tumor
d702ead2-f1df-43e1-b1a4-c506902b14df	0.9166666666666666	0.9310344827586208	0.9534883720930232	1.0	1.0	0.9583333333333334	0.9565217391304348	0.9285714285714286	1.0	0.945945945945946	Tumor
d7eb3fb0-7bfe-4f69-b298-41dde09902e6	0.7692307692307693	1.0	0.9130434782608696	1.0	1.0	1.0	1.0	0.8421052631578947	1.0	0.8928571428571429	Tumor
d81b8303-62b4-46ba-9370-8c6a92cfa4fb	0.8888888888888888	0.9777777777777776	0.9655172413793104	0.9767441860465116	0.96875	1.0	0.95	0.875	0.96875	0.9375	Tumor
d83bb114-c175-4fd5-aac0-5dc04b9218b0	0.9736842105263158	0.8421052631578947	1.0	1.0	1.0	0.7333333333333333	1.0	0.9473684210526316	1.0	0.9166666666666666	Tumor
d898e588-a74d-435c-b930-b96c266ff580	0.972972972972973	0.9230769230769232	0.9047619047619048	1.0	1.0	1.0	0.9473684210526316	1.0	1.0	1.0	Tumor
d89a84a4-4f45-4aab-ab6a-131bf3b359bd	0.9523809523809524	1.0	0.9642857142857144	1.0	1.0	1.0	1.0	0.9696969696969696	1.0	1.0	Tumor
d8edd309-518d-4358-8245-9e92d7af4441	0.9428571428571428	1.0	0.9615384615384616	1.0	1.0	1.0	0.935483870967742	0.8928571428571429	1.0	1.0	Tumor
d920c232-82ae-48f9-98d1-b94bf4a45d8d	0.7804878048780488	0.96875	0.9696969696969696	0.967741935483871	1.0	1.0	0.9	0.9375	0.9761904761904762	0.875	Tumor
d9666e09-51bb-49a4-b289-0e6b69636858	0.9545454545454546	0.9583333333333334	1.0	0.9666666666666668	1.0	0.9615384615384616	1.0	1.0	1.0	0.9444444444444444	Tumor
da549530-7ba5-4302-acd2-40a766860216	0.7424242424242424	0.88	1.0	1.0	0.896551724137931	0.8571428571428571	1.0	0.8260869565217391	1.0	0.935483870967742	Tumor
da752364-731c-4e77-8d6e-9c91a5b7f68f	0.8536585365853658	1.0	1.0	1.0	1.0	1.0	0.7777777777777778	0.8928571428571429	1.0	0.95	Tumor
db01aba1-3a00-4bf9-9f24-8fba144144f3	0.9411764705882352	1.0	1.0	1.0	0.8947368421052632	1.0	1.0	0.9615384615384616	1.0	1.0	Tumor
db360c44-bf72-41f4-8ca4-01c9973fce95	0.6	1.0	0.8936170212765957	1.0	0.9322033898305084	0.9230769230769232	0.9523809523809524	0.9814814814814816	1.0	1.0	Tumor
db5dab56-838e-4784-a7cf-f05296e356f7	0.4545454545454545	0.95	0.8461538461538461	0.8809523809523809	0.5769230769230769	0.6666666666666666	0.9375	0.945945945945946	0.5172413793103449	0.9629629629629628	Tumor
db998871-01ff-4a39-ba06-fe3fb1183584	0.5833333333333334	0.9130434782608696	0.9	0.9705882352941176	1.0	1.0	1.0	0.9166666666666666	1.0	0.9642857142857144	Tumor
dbc4f72a-3937-4092-92b8-d52c6b0c3340	0.7857142857142857	0.9615384615384616	1.0	1.0	1.0	0.875	1.0	0.9166666666666666	1.0	0.8888888888888888	Tumor
dda806cc-67a1-406b-8957-ffdb5f9087c8	0.7692307692307693	1.0	1.0	1.0	1.0	0.9375	0.9545454545454546	0.8947368421052632	1.0	0.9444444444444444	Tumor
df6189e5-bd61-4be2-9d31-efef56cb4739	0.8	0.9428571428571428	0.9545454545454546	1.0	1.0	0.9428571428571428	1.0	0.8648648648648649	1.0	0.9534883720930232	Tumor
e06580e9-0b4a-48f7-9522-d54229aefb2d	1.0	1.0	0.8461538461538461	1.0	1.0	1.0	0.8888888888888888	0.9230769230769232	1.0	0.9555555555555556	Tumor
e1edc70f-0307-4283-9efc-77feb465c9df	0.85	0.96875	0.9523809523809524	1.0	1.0	1.0	1.0	1.0	1.0	0.9333333333333332	Tumor
e20191d9-fddf-47a3-9ff9-d4a36af7d762	0.9591836734693876	0.953125	0.9714285714285714	1.0	0.9875	1.0	0.9574468085106383	0.9523809523809524	1.0	0.9322033898305084	Tumor
e3142cf7-334f-4f34-a5da-53ffa4e1ba33	0.868421052631579	1.0	0.972972972972973	1.0	1.0	1.0	0.9210526315789472	0.9705882352941176	0.9767441860465116	0.9420289855072465	Tumor
e38d31b7-ad89-4fff-93d5-05f49998727b	0.7307692307692307	0.9565217391304348	1.0	1.0	1.0	0.7727272727272727	1.0	0.9714285714285714	1.0	0.7352941176470589	Tumor
e4559121-091f-41f2-9559-2abb1bbfd229	0.9230769230769232	0.9583333333333334	0.9	1.0	1.0	1.0	1.0	1.0	0.9615384615384616	0.9615384615384616	Tumor
e4e983eb-2aa3-4858-b67f-9cc70452768c	0.8658536585365854	0.9347826086956522	0.9285714285714286	1.0	0.8695652173913043	0.9565217391304348	0.95	0.8461538461538461	1.0	0.9285714285714286	Tumor
e558015e-969b-4354-9bc9-219a60092734	0.6363636363636364	0.9444444444444444	0.8333333333333334	1.0	1.0	0.8333333333333334	0.9565217391304348	0.96	1.0	0.8571428571428571	Tumor
e590db5d-2577-43ec-9d39-45a257be5562	0.9696969696969696	0.9661016949152542	0.9	1.0	0.984375	0.9411764705882352	1.0	0.9310344827586208	1.0	0.9090909090909092	Tumor
e5bcd6f9-680e-4d57-81f3-c8e6b40bb2af	0.6923076923076923	0.8787878787878788	1.0	1.0	1.0	1.0	1.0	0.9333333333333332	1.0	0.8275862068965517	Tumor
e619e3c8-f6eb-4b0a-bf17-005ccbe269bb	0.6	1.0	0.9333333333333332	1.0	1.0	0.9166666666666666	0.967741935483871	0.9285714285714286	1.0	0.9743589743589745	Tumor
e6ac5ada-4358-4ca3-b1cf-05d3e0cf0597	0.8333333333333334	0.918918918918919	0.9666666666666668	1.0	1.0	1.0	0.9705882352941176	0.9375	1.0	0.9333333333333332	Tumor
e6e7d36e-b6c6-4e54-95ee-ee20e6f1f80e	0.9318181818181818	0.972972972972973	0.8837209302325582	0.95	1.0	1.0	0.9629629629629628	0.9302325581395348	1.0	0.92	Tumor
e7a1cdcf-ec99-44fd-a13b-604cf15b2bd4	0.9285714285714286	0.825	1.0	1.0	0.972972972972973	0.9642857142857144	0.9705882352941176	1.0	1.0	0.9375	Tumor
e7e4c883-af18-41bf-9383-e5b9f354bc8d	1.0	0.6666666666666666	0.8888888888888888	1.0	0.8787878787878788	0.9583333333333334	1.0	0.8947368421052632	1.0	1.0	Tumor
e88a6a51-24b3-4b52-bd5a-f306f1c9e0d9	0.8421052631578947	0.9555555555555556	0.875	1.0	1.0	0.9655172413793104	1.0	1.0	1.0	0.9636363636363636	Tumor
e8909d26-a289-4dc7-a819-5883c621efac	0.8813559322033898	0.9487179487179488	0.9152542372881356	0.9886363636363636	0.9857142857142858	0.925925925925926	1.0	0.9166666666666666	1.0	0.9594594594594594	Tumor
e97a2bf2-c5bd-4dbf-9940-450a8a99e9df	1.0	1.0	1.0	1.0	0.975609756097561	1.0	1.0	1.0	1.0	1.0	Tumor
eb805bd1-e1d5-47b1-8bbd-31f91fcee225	0.9852941176470588	1.0	0.95	1.0	0.9545454545454546	1.0	1.0	0.7777777777777778	1.0	0.9444444444444444	Tumor
ed108cc1-3b34-4ee5-b029-48b80ccaae19	0.8135593220338984	1.0	0.9545454545454546	1.0	1.0	1.0	0.972972972972973	1.0	0.9565217391304348	0.9090909090909092	Tumor
ed1fa4ae-5e58-465c-b106-379f7456656e	0.5333333333333333	0.96	0.8421052631578947	1.0	1.0	0.9523809523809524	0.9523809523809524	0.9508196721311476	1.0	0.9545454545454546	Tumor
ed9b3b6b-c2c2-41a2-ac61-dd2cfbb321ba	0.5333333333333333	1.0	0.9090909090909092	0.9714285714285714	1.0	0.9230769230769232	0.9545454545454546	0.918918918918919	1.0	0.9736842105263158	Tumor
eed349c6-a5ed-4543-ae8d-67b394b26c7a	0.8	0.9090909090909092	0.918918918918919	1.0	0.9736842105263158	1.0	1.0	1.0	1.0	0.9347826086956522	Tumor
f13d5df0-7293-4453-942f-2b49a3d33057	0.9230769230769232	1.0	0.9285714285714286	1.0	1.0	0.8461538461538461	0.6363636363636364	1.0	0.9375	0.7959183673469388	Tumor
f201e2e9-dfb0-4a53-bd68-56f4e87604d3	0.8484848484848485	0.9523809523809524	0.9	1.0	0.9523809523809524	1.0	1.0	1.0	1.0	1.0	Tumor
f3c13192-fe4d-45c5-9d12-5294799bd7f8	0.8974358974358975	0.9545454545454546	1.0	1.0	0.8936170212765957	0.9333333333333332	0.8846153846153846	1.0	1.0	0.9714285714285714	Tumor
f3d3848c-9ff7-4e84-a35c-f6b6e3a57605	0.9333333333333332	0.9117647058823528	0.8666666666666667	1.0	1.0	0.9642857142857144	0.945945945945946	0.98	1.0	0.9298245614035088	Tumor
f3f0919f-f9eb-4baf-aeef-c79fbafef237	0.7222222222222222	0.9473684210526316	0.925925925925926	1.0	0.967741935483871	1.0	0.896551724137931	0.92	0.967741935483871	1.0	Tumor
f4bbad06-fb0c-4064-8a05-18b30a16207a	1.0	0.8333333333333334	0.9705882352941176	1.0	0.9736842105263158	1.0	1.0	0.9333333333333332	1.0	1.0	Tumor
f4d60a0f-dc11-4005-8d59-7511ba4de8b1	0.6923076923076923	0.8536585365853658	1.0	1.0	1.0	0.9444444444444444	0.8974358974358975	0.9444444444444444	1.0	0.9649122807017544	Tumor
f7c6320e-0c39-4b92-9a25-fd4e03b70362	0.8541666666666666	1.0	0.9444444444444444	1.0	1.0	0.9444444444444444	1.0	0.9523809523809524	1.0	0.9473684210526316	Tumor
f9203ebe-d6c3-423b-ad65-28db38612f89	0.9111111111111112	1.0	0.9411764705882352	1.0	1.0	1.0	0.9230769230769232	0.9333333333333332	1.0	1.0	Tumor
f9506da9-20a3-4124-a614-eb525787ea45	1.0	0.8666666666666667	1.0	1.0	1.0	0.9	1.0	0.95	1.0	1.0	Tumor
f9683515-b944-4c7b-b41d-ea105bd37a5a	0.9941520467836256	0.85	1.0	1.0	1.0	0.9523809523809524	1.0	1.0	1.0	0.9473684210526316	Tumor
fb1c09a7-660e-4585-85b8-5acc456563cf	0.8571428571428571	1.0	0.9642857142857144	1.0	1.0	1.0	0.8888888888888888	0.9583333333333334	1.0	0.9375	Tumor
fb27491d-a418-4957-a387-9a4e4de84b06	0.9032258064516128	1.0	0.8695652173913043	1.0	1.0	0.96875	0.90625	1.0	1.0	0.9183673469387756	Tumor
fb3713b9-fad5-4d66-b419-8f53530b14cd	0.9489795918367347	1.0	1.0	1.0	1.0	1.0	0.8571428571428571	0.9428571428571428	1.0	0.8928571428571429	Tumor
fb9c23f2-8694-41ca-a126-a5a131abeac1	0.6333333333333333	0.9375	1.0	1.0	1.0	0.9444444444444444	0.8518518518518519	1.0	1.0	0.9	Tumor
fc801acd-4b1f-46e7-bc1e-47752fb08779	0.7631578947368421	0.9866666666666668	0.8378378378378378	1.0	0.9857142857142858	0.8974358974358975	0.971830985915493	0.9404761904761904	1.0	0.9113924050632912	Tumor
fcc2a5c0-ec23-43b5-b616-9b03c8ff4129	0.9605263157894736	0.9777777777777776	0.961038961038961	1.0	0.9871794871794872	1.0	1.0	0.8235294117647058	1.0	1.0	Tumor
fdadb011-0da3-458f-8b4e-d09e4c847a5b	0.5454545454545454	1.0	1.0	1.0	1.0	0.9047619047619048	1.0	1.0	1.0	1.0	Tumor
fe15bb7d-6469-4778-9dc8-9e4c5877942c	0.9333333333333332	1.0	0.925925925925926	1.0	1.0	1.0	1.0	1.0	1.0	0.9310344827586208	Tumor
feb7140e-d822-4462-8dfa-7a63805ac740	0.96	1.0	1.0	0.9696969696969696	1.0	1.0	0.875	1.0	1.0	0.967741935483871	Tumor
