	211665476:211665478	211624043:211624045	211384059:211384061	211657827:211657829	211750703:211750705	211562087:211562089	211725193:211725195	211679183:211679185	211665353:211665355	211387991:211387993	211387149:211387151	211788158:211788160	211712175:211712177	211420610:211420612	211424300:211424302	211657993:211657995	211705390:211705392	211702165:211702167	211704193:211704195	212124902:212124904	211947615:211947617	211630593:211630595	211431099:211431101	211422103:211422105	211619274:211619276	211722533:211722535	211673256:211673258	211713647:211713649	label
0361ec21-e83f-40a9-b825-d92487b1239a	1.0	0.984126984126984	0.9245283018867924	0.8636363636363636	0.9142857142857144	0.9824561403508772	1.0	0.9333333333333332	0.5	1.0	0.9875	1.0	1.0	1.0	0.9534883720930232	1.0	0.9482758620689656	1.0	0.9555555555555556	1.0	0.9772727272727272	0.9534883720930232	1.0	0.979591836734694	0.9814814814814816	1.0	0.9615384615384616	1.0	Tumor
05ea028e-6b8a-4352-88aa-057494cf5e80	1.0	1.0	0.8939393939393939	0.8703703703703703	0.8823529411764706	1.0	0.9772727272727272	0.9166666666666666	0.4285714285714285	0.9682539682539684	0.9166666666666666	0.9767441860465116	0.981132075471698	0.9649122807017544	1.0	0.9387755102040816	0.9210526315789472	1.0	0.8666666666666667	1.0	0.9833333333333332	0.9230769230769232	0.9807692307692308	0.9777777777777776	1.0	1.0	1.0	0.9666666666666668	Tumor
05f4836a-8db8-4dbc-a996-090887bf8a64	1.0	0.9888888888888888	0.9285714285714286	0.951219512195122	0.9230769230769232	0.986842105263158	0.9625	0.975	0.3466666666666667	1.0	0.9487179487179488	0.9857142857142858	0.875	0.972972972972973	0.9807692307692308	1.0	0.9782608695652174	1.0	1.0	0.9859154929577464	0.9534883720930232	0.9863013698630136	0.9871794871794872	0.9607843137254902	1.0	0.95	0.9523809523809524	0.921875	Tumor
063a4886-ee4d-43a9-95c1-25a0c0b2d85d	1.0	0.974025974025974	0.9692307692307692	0.9166666666666666	1.0	0.981132075471698	1.0	0.8666666666666667	0.2222222222222222	1.0	0.9636363636363636	1.0	1.0	1.0	1.0	1.0	0.9850746268656716	0.9705882352941176	1.0	0.9722222222222222	0.9772727272727272	0.9777777777777776	1.0	0.8536585365853658	1.0	1.0	0.9117647058823528	0.9666666666666668	Tumor
064d1578-9fb7-439c-9644-d4cb6389ec9d	1.0	0.96875	0.9666666666666668	0.92	0.8636363636363636	1.0	1.0	1.0	0.3181818181818182	1.0	1.0	1.0	1.0	1.0	1.0	1.0	1.0	1.0	1.0	1.0	0.9473684210526316	1.0	1.0	1.0	1.0	1.0	1.0	0.9230769230769232	Tumor
078f6959-adcf-44a5-91d2-2581ba3c8e62	1.0	1.0	0.92	0.9183673469387756	0.945945945945946	0.9807692307692308	1.0	1.0	0.3809523809523809	1.0	0.9523809523809524	0.96875	1.0	1.0	1.0	0.98	0.9655172413793104	0.9777777777777776	0.9714285714285714	0.8918918918918919	1.0	1.0	1.0	1.0	1.0	1.0	0.9583333333333334	0.9655172413793104	Tumor
083eb05f-0af4-4f73-bf09-3806eb3b71bb	0.96875	1.0	0.9	0.8409090909090909	1.0	0.9130434782608696	0.9411764705882352	0.8823529411764706	0.4444444444444444	0.945945945945946	1.0	0.945945945945946	0.9473684210526316	1.0	1.0	1.0	0.9361702127659576	0.88	1.0	0.967741935483871	1.0	0.8974358974358975	1.0	1.0	1.0	1.0	1.0	0.9565217391304348	Tumor
09cf8de3-bb0f-434d-8cb3-9f5eeb264b6b	1.0	0.9915966386554622	0.9606299212598424	0.8548387096774194	0.9178082191780822	0.95	0.983739837398374	0.9404761904761904	0.3867924528301887	0.9896907216494846	0.9052631578947368	0.9550561797752808	0.9791666666666666	1.0	0.9885057471264368	1.0	0.9272727272727272	0.9777777777777776	0.9775280898876404	0.9629629629629628	0.9714285714285714	0.9761904761904762	0.9904761904761904	0.9821428571428572	1.0	0.9883720930232558	0.9857142857142858	0.9591836734693876	Tumor
0a133c47-fae8-4e3b-8f4d-cbf357f5e2fc	1.0	0.972972972972973	0.9032258064516128	0.8095238095238095	0.896551724137931	1.0	0.9523809523809524	0.8333333333333334	0.35	1.0	0.9545454545454546	0.9714285714285714	0.926829268292683	1.0	1.0	0.975	0.9487179487179488	1.0	0.96875	0.926829268292683	0.9736842105263158	1.0	0.9705882352941176	0.9444444444444444	1.0	0.925925925925926	1.0	0.9523809523809524	Tumor
0a430a9a-7e63-41d6-8cd0-1dda1e1df975	0.96	1.0	0.9032258064516128	0.8636363636363636	1.0	1.0	1.0	1.0	0.3076923076923077	1.0	1.0	0.9722222222222222	0.8611111111111112	1.0	1.0	0.9545454545454546	0.9615384615384616	1.0	1.0	0.9473684210526316	0.975609756097561	0.9666666666666668	1.0	0.9285714285714286	1.0	1.0	0.9615384615384616	0.9655172413793104	Tumor
1075d95f-6d27-42e1-a67a-73d5247c8a68	0.988095238095238	1.0	0.9545454545454546	0.7547169811320755	0.92	0.96	0.9923664122137404	0.9411764705882352	0.3820224719101123	1.0	0.9607843137254902	0.9690721649484536	0.951219512195122	0.9672131147540984	1.0	0.9897959183673468	0.9622641509433962	0.9736842105263158	0.9411764705882352	0.9669421487603306	0.9823008849557522	1.0	0.9824561403508772	0.9230769230769232	1.0	1.0	0.9821428571428572	0.978021978021978	Tumor
13d6ae6d-1662-4e0a-a10b-a733efc216b2	1.0	0.9565217391304348	0.9230769230769232	0.7777777777777778	1.0	1.0	1.0	0.9375	0.4090909090909091	1.0	0.9411764705882352	0.9761904761904762	0.9714285714285714	0.9375	1.0	1.0	0.9574468085106383	0.9523809523809524	0.9615384615384616	1.0	0.9642857142857144	1.0	0.9615384615384616	1.0	1.0	1.0	0.9444444444444444	1.0	Tumor
13fc37db-3160-4e82-bd63-52fc295e0e19	0.9375	0.9761904761904762	1.0	0.9032258064516128	0.9411764705882352	1.0	0.984126984126984	0.9047619047619048	0.3125	0.9545454545454546	0.9565217391304348	1.0	0.9	1.0	1.0	1.0	1.0	1.0	1.0	0.95	0.7586206896551724	1.0	1.0	0.9375	1.0	1.0	1.0	1.0	Tumor
1453285a-717a-4ae3-a537-57df2b8e65e2	0.9968051118210862	0.9969604863221884	0.9285714285714286	0.9629629629629628	0.9761904761904762	0.989010989010989	0.9965986394557824	0.9432989690721648	0.4432234432234432	0.9937694704049844	0.9908536585365854	0.9563636363636364	0.9756838905775076	0.99609375	1.0	1.0	0.9614147909967846	0.9912280701754386	0.967741935483871	0.986013986013986	0.9603658536585366	0.971518987341772	0.986254295532646	0.9903846153846154	0.984251968503937	0.9957446808510638	0.981651376146789	0.9778761061946902	Tumor
16bd1ebb-5bf9-4839-99bd-5a4d3dcad7b8	1.0	1.0	1.0	0.9696969696969696	1.0	1.0	1.0	0.8823529411764706	0.6666666666666666	0.9166666666666666	1.0	1.0	0.9642857142857144	1.0	1.0	1.0	0.8333333333333334	1.0	1.0	1.0	0.9375	1.0	0.92	1.0	1.0	1.0	1.0	0.96	Tumor
187f14ba-0002-4f99-9eb1-af93cbfdd4c2	1.0	0.9877300613496932	0.8698630136986302	0.8773006134969326	0.9333333333333332	0.987878787878788	1.0	0.9344262295081968	0.3333333333333333	0.9602649006622516	0.8881118881118881	0.9869281045751634	0.9633507853403142	0.9928571428571428	0.9784172661870504	0.9867549668874172	0.9832402234636872	0.9906542056074766	0.9316239316239316	0.9562043795620438	0.9925373134328358	0.976	0.9872611464968152	0.9629629629629628	0.9935064935064936	0.9924242424242424	0.989010989010989	0.952755905511811	Tumor
1bc678a3-1850-4ab6-874b-d68992fddc7b	1.0	0.8947368421052632	1.0	0.9090909090909092	1.0	1.0	0.9583333333333334	0.9444444444444444	0.3684210526315789	1.0	0.96875	0.9130434782608696	1.0	1.0	0.95	1.0	1.0	0.9523809523809524	0.9473684210526316	1.0	1.0	0.9285714285714286	1.0	0.9411764705882352	0.9285714285714286	1.0	0.9545454545454546	1.0	Tumor
1dd10557-4e50-4af0-87c6-b4b3f6fa3a15	1.0	1.0	0.8888888888888888	0.8888888888888888	0.8846153846153846	0.9705882352941176	1.0	1.0	0.4375	0.9642857142857144	0.9722222222222222	0.9534883720930232	0.9375	0.9333333333333332	1.0	1.0	1.0	1.0	1.0	0.94	0.9534883720930232	1.0	1.0	1.0	1.0	1.0	1.0	1.0	Tumor
204cf188-2162-43ac-bad4-8304622f3090	1.0	0.96	0.8653846153846154	0.6666666666666666	0.925925925925926	1.0	1.0	0.9523809523809524	0.2580645161290322	1.0	0.975	0.975609756097561	0.9272727272727272	0.9607843137254902	0.9473684210526316	1.0	0.9672131147540984	0.9696969696969696	1.0	1.0	0.9836065573770492	0.8974358974358975	0.972972972972973	0.967741935483871	0.9767441860465116	1.0	0.9629629629629628	0.972972972972973	Tumor
207b5c1c-3710-47bd-be2c-e1307631b28f	0.9846153846153848	1.0	0.984126984126984	0.9057971014492754	0.9230769230769232	0.981651376146789	0.9791666666666666	0.948051948051948	0.2871287128712871	1.0	0.9622641509433962	0.9591836734693876	0.9770992366412212	0.989247311827957	0.9846153846153848	1.0	0.9802631578947368	1.0	0.9907407407407408	0.970873786407767	0.9622641509433962	0.9917355371900828	1.0	0.9857142857142858	1.0	1.0	1.0	0.9727272727272728	Tumor
20ef7196-2274-44e1-a105-0761f80c893c	1.0	1.0	0.9629629629629628	0.9736842105263158	0.8928571428571429	1.0	1.0	1.0	0.2758620689655172	1.0	0.8809523809523809	1.0	0.9743589743589745	1.0	1.0	1.0	0.9622641509433962	1.0	0.8780487804878049	0.9666666666666668	0.9705882352941176	0.925925925925926	0.9714285714285714	1.0	1.0	1.0	1.0	0.9696969696969696	Tumor
2244c5e8-a873-4e29-abb7-e869a7d79e3f	1.0	1.0	0.96	0.8888888888888888	0.935483870967742	1.0	1.0	0.9117647058823528	0.4583333333333333	1.0	0.9705882352941176	1.0	0.9722222222222222	1.0	0.972972972972973	1.0	0.8947368421052632	1.0	0.9714285714285714	1.0	1.0	0.9772727272727272	0.9545454545454546	1.0	0.9722222222222222	1.0	0.8571428571428571	1.0	Tumor
22c2b380-799e-4fad-ae38-46a916c592d5	1.0	1.0	0.8529411764705882	0.95	0.9285714285714286	1.0	0.9666666666666668	0.8571428571428571	0.3809523809523809	1.0	0.9285714285714286	1.0	0.9523809523809524	1.0	1.0	1.0	1.0	0.9565217391304348	1.0	0.9473684210526316	0.9666666666666668	1.0	1.0	1.0	0.96	1.0	1.0	1.0	Tumor
23b6c182-bb01-403a-9844-560518d059ac	1.0	0.9387755102040816	0.9375	0.8064516129032258	0.9285714285714286	1.0	1.0	1.0	0.4666666666666667	0.9230769230769232	0.9615384615384616	1.0	0.9722222222222222	1.0	1.0	1.0	0.9534883720930232	0.8461538461538461	0.9583333333333334	0.9583333333333334	0.972972972972973	0.8787878787878788	1.0	0.9333333333333332	1.0	1.0	0.75	0.95	Tumor
28f3a34c-f73a-4d10-8c0a-23e578866289	0.9887640449438202	1.0	0.9545454545454546	0.8414634146341463	0.9622641509433962	0.9534883720930232	0.98	0.9690721649484536	0.3409090909090909	0.9634146341463414	0.9078947368421052	1.0	0.976	1.0	1.0	1.0	0.978494623655914	0.9864864864864864	0.9587628865979382	0.9699248120300752	0.9658119658119658	0.9883720930232558	0.981132075471698	0.9692307692307692	0.986842105263158	0.9583333333333334	0.9855072463768116	0.9625	Tumor
2db5e0aa-342e-4766-8725-c1d677fd52b2	1.0	1.0	0.8979591836734694	0.696969696969697	0.9428571428571428	0.9230769230769232	0.9767441860465116	0.8787878787878788	0.2903225806451613	1.0	0.925925925925926	1.0	0.984375	1.0	1.0	1.0	0.9491525423728814	1.0	1.0	0.9333333333333332	1.0	0.9230769230769232	0.945945945945946	1.0	1.0	0.9428571428571428	1.0	0.8863636363636364	Tumor
2e4316d2-5fe5-4ee1-9b22-73f4c42b6202	0.9166666666666666	1.0	0.8666666666666667	0.9230769230769232	0.925925925925926	1.0	1.0	0.9	0.3333333333333333	1.0	0.9166666666666666	1.0	0.9629629629629628	1.0	0.9090909090909092	1.0	1.0	0.9615384615384616	0.8571428571428571	1.0	0.9166666666666666	0.9545454545454546	0.9285714285714286	1.0	0.9230769230769232	1.0	1.0	1.0	Tumor
304b7293-0a76-4028-9a18-58c87c751ceb	0.951048951048951	0.92	0.8823529411764706	0.8333333333333334	0.9814814814814816	0.8444444444444444	0.8364779874213837	0.978021978021978	0.3260869565217391	0.9174311926605504	0.970873786407767	0.992248062015504	0.8387096774193549	0.9487179487179488	0.9622641509433962	0.9741379310344828	0.9694656488549618	0.9873417721518988	0.891566265060241	0.8918918918918919	0.968421052631579	0.8773584905660378	1.0	0.9508196721311476	0.951219512195122	0.8554216867469879	0.913978494623656	0.982608695652174	Tumor
316d8a79-9084-4355-9de7-e29503bf0864	1.0	1.0	0.8421052631578947	0.9655172413793104	0.8888888888888888	1.0	1.0	0.9285714285714286	0.32	0.9583333333333334	0.8888888888888888	0.9375	0.9310344827586208	1.0	1.0	1.0	1.0	0.9583333333333334	1.0	0.96875	0.972972972972973	1.0	1.0	1.0	1.0	0.9523809523809524	0.9375	1.0	Tumor
31bdedf8-eb1c-48ae-8d96-e06c2b3f27d2	0.951219512195122	1.0	0.961038961038961	0.9176470588235294	0.9090909090909092	0.9655172413793104	0.953125	0.9807692307692308	0.3720930232558139	0.9523809523809524	1.0	0.9655172413793104	0.9291338582677166	1.0	1.0	0.9878048780487804	0.9814814814814816	0.9775280898876404	0.9803921568627452	0.9382022471910112	0.9917355371900828	0.9594594594594594	0.978494623655914	0.8780487804878049	1.0	0.9375	0.9230769230769232	0.9879518072289156	Tumor
343c349a-57ce-4599-8185-3ed2e15c6fdd	1.0	0.9917355371900828	0.9111111111111112	0.9381443298969072	0.9295774647887324	0.9803921568627452	1.0	0.9318181818181818	0.3275862068965517	0.9906542056074766	0.96875	0.987012987012987	0.9813084112149532	0.9905660377358492	1.0	1.0	1.0	0.9696969696969696	0.926829268292683	0.9897959183673468	0.989010989010989	0.9895833333333334	0.9918032786885246	0.9864864864864864	1.0	1.0	0.96875	0.972972972972973	Tumor
3621ce2e-a1eb-4a45-ac06-779a780b0b99	1.0	1.0	0.875	0.86	0.9714285714285714	0.9565217391304348	1.0	0.9375	0.375	0.9615384615384616	0.9090909090909092	1.0	1.0	0.9347826086956522	1.0	0.9772727272727272	1.0	1.0	1.0	0.9722222222222222	0.9534883720930232	0.8918918918918919	0.967741935483871	1.0	0.967741935483871	1.0	0.9	0.9655172413793104	Tumor
36998e69-e955-49da-b859-2092caff19cb	1.0	1.0	0.9814814814814816	0.9230769230769232	0.9393939393939394	0.9761904761904762	1.0	0.9736842105263158	0.3695652173913043	1.0	0.9803921568627452	1.0	0.9591836734693876	1.0	1.0	1.0	0.9210526315789472	1.0	0.8717948717948718	0.9767441860465116	0.9375	0.9824561403508772	1.0	1.0	0.9787234042553192	1.0	0.9166666666666666	0.9545454545454546	Tumor
36bbebb5-ba1e-4ac6-83b2-67ccd05e4939	1.0	1.0	0.9565217391304348	0.9772727272727272	0.9523809523809524	0.975	1.0	0.8235294117647058	0.3611111111111111	1.0	1.0	1.0	0.9166666666666666	1.0	1.0	1.0	1.0	1.0	1.0	1.0	0.975	0.9444444444444444	1.0	1.0	1.0	1.0	1.0	0.9545454545454546	Tumor
37d359b3-d8f5-44cf-8f30-57dfdbbab8c1	1.0	0.9574468085106383	0.8852459016393442	0.9245283018867924	1.0	1.0	1.0	0.9047619047619048	0.4782608695652174	0.9	0.9473684210526316	1.0	0.9666666666666668	1.0	0.9444444444444444	0.9814814814814816	0.9375	1.0	1.0	1.0	0.935483870967742	1.0	0.98	0.9629629629629628	1.0	1.0	1.0	1.0	Tumor
3c3c4741-8eda-46fe-8d36-2cd683f4a987	1.0	1.0	0.9069767441860463	0.8548387096774194	0.9	0.9830508474576272	0.9807692307692308	0.9642857142857144	0.28125	1.0	0.8936170212765957	1.0	0.9636363636363636	0.9761904761904762	1.0	1.0	0.971830985915493	0.9787234042553192	0.9824561403508772	1.0	0.984126984126984	0.9591836734693876	1.0	0.9473684210526316	1.0	1.0	0.9807692307692308	0.9642857142857144	Tumor
3d31d7a9-76b8-41f4-a037-0dfe6a4ecb0c	1.0	0.9636363636363636	0.9779411764705882	0.8333333333333334	0.8214285714285714	1.0	1.0	0.8181818181818182	0.3695652173913043	0.975609756097561	0.9689922480620154	0.9428571428571428	1.0	1.0	1.0	0.9636363636363636	1.0	0.9666666666666668	1.0	0.9534883720930232	0.9714285714285714	1.0	1.0	0.9915966386554622	1.0	1.0	0.9375	0.9523809523809524	Tumor
3f3b6a7b-94f0-40a3-9f16-32bab2854678	0.96875	1.0	0.8846153846153846	0.9166666666666666	0.9230769230769232	0.935483870967742	1.0	0.9375	0.2142857142857142	1.0	0.875	1.0	0.9655172413793104	0.9696969696969696	1.0	1.0	0.9787234042553192	1.0	1.0	0.8888888888888888	0.96875	1.0	1.0	1.0	1.0	0.9565217391304348	0.9444444444444444	1.0	Tumor
40a31ab3-71fa-4f7b-a3b1-22e15ff0f358	0.9714285714285714	0.9767441860465116	0.9142857142857144	0.8108108108108109	0.9393939393939394	1.0	0.9736842105263158	1.0	0.4848484848484848	0.975	1.0	0.9487179487179488	0.96	1.0	1.0	1.0	1.0	0.9642857142857144	0.9565217391304348	1.0	0.9636363636363636	1.0	0.9666666666666668	1.0	1.0	1.0	0.9285714285714286	1.0	Tumor
40a4fc74-f345-4940-be5c-249013782e4f	1.0	1.0	0.8846153846153846	0.9550561797752808	0.981132075471698	1.0	0.9824561403508772	0.92	0.3820224719101123	1.0	1.0	1.0	0.9473684210526316	1.0	1.0	1.0	0.9402985074626866	1.0	0.96875	0.981132075471698	0.979591836734694	0.9886363636363636	1.0	1.0	0.989010989010989	0.9767441860465116	0.96	1.0	Tumor
420197bd-db07-4df9-8f72-3d7d509ae1d0	0.9772727272727272	1.0	0.95	0.8695652173913043	0.9333333333333332	1.0	1.0	0.945945945945946	0.3939393939393939	0.975609756097561	1.0	0.9130434782608696	0.945945945945946	1.0	0.9565217391304348	0.9565217391304348	0.979591836734694	1.0	0.972972972972973	1.0	0.918918918918919	1.0	1.0	1.0	1.0	1.0	1.0	1.0	Tumor
42b32308-71f1-4f21-935f-7e4e5751e332	1.0	1.0	0.8695652173913043	0.9142857142857144	0.8846153846153846	0.967741935483871	1.0	0.8695652173913043	0.3076923076923077	1.0	1.0	0.9705882352941176	0.9347826086956522	1.0	1.0	1.0	1.0	0.9375	0.9333333333333332	0.9310344827586208	0.9615384615384616	1.0	1.0	1.0	1.0	1.0	0.9655172413793104	0.8333333333333334	Tumor
4331397f-eaf9-4e43-8fa2-e30ad3643aca	1.0	1.0	1.0	0.9565217391304348	0.9333333333333332	1.0	1.0	0.8	0.3928571428571428	1.0	0.7428571428571429	1.0	0.925925925925926	1.0	1.0	1.0	0.96875	0.9565217391304348	0.9230769230769232	1.0	0.918918918918919	1.0	1.0	1.0	0.95	1.0	1.0	1.0	Tumor
4541a5e4-240b-466d-bbc4-3904581490f3	0.9333333333333332	1.0	0.9583333333333334	0.7777777777777778	1.0	1.0	1.0	1.0	0.3076923076923077	1.0	1.0	0.9047619047619048	0.9444444444444444	0.9285714285714286	1.0	1.0	1.0	1.0	1.0	0.9629629629629628	1.0	0.9333333333333332	0.9230769230769232	0.9411764705882352	1.0	0.9230769230769232	1.0	1.0	Tumor
45f837c9-6b9e-4eed-ba56-9715b4a0356d	1.0	1.0	1.0	0.84375	0.9629629629629628	1.0	0.90625	0.8636363636363636	0.2941176470588235	1.0	0.9375	1.0	1.0	1.0	1.0	0.96875	0.9375	1.0	1.0	1.0	0.8787878787878788	1.0	1.0	1.0	1.0	1.0	1.0	0.95	Tumor
467bd108-f391-4dd1-92de-43879822400d	1.0	0.9615384615384616	0.6285714285714286	1.0	0.9333333333333332	1.0	1.0	1.0	0.2903225806451613	1.0	0.9696969696969696	1.0	1.0	1.0	1.0	1.0	1.0	1.0	1.0	1.0	1.0	0.935483870967742	0.951219512195122	1.0	1.0	1.0	0.9	0.9629629629629628	Tumor
470b6305-67ca-487c-b9b1-9b74f673f9fd	1.0	0.9722222222222222	0.925	0.819672131147541	0.8421052631578947	1.0	1.0	0.8695652173913043	0.4888888888888889	0.9117647058823528	1.0	1.0	1.0	1.0	1.0	1.0	0.9722222222222222	0.9666666666666668	1.0	0.92	1.0	0.975609756097561	1.0	0.8421052631578947	1.0	1.0	0.9090909090909092	0.9545454545454546	Tumor
4796719b-2fa2-40ee-9fa9-6a8caa703823	1.0	1.0	0.9655172413793104	0.9166666666666666	0.9666666666666668	0.9285714285714286	0.8771929824561403	0.95	0.5263157894736842	1.0	0.9285714285714286	0.9375	1.0	1.0	1.0	1.0	1.0	0.9696969696969696	0.9148936170212766	0.967741935483871	1.0	0.975609756097561	0.9696969696969696	0.9411764705882352	1.0	1.0	1.0	0.9736842105263158	Tumor
48077485-61e6-4d16-a74c-ee216a9455f1	1.0	1.0	0.8461538461538461	0.9705882352941176	0.9166666666666666	0.9666666666666668	0.9629629629629628	1.0	0.5348837209302325	1.0	0.925925925925926	0.9767441860465116	1.0	1.0	0.967741935483871	1.0	0.94	1.0	1.0	1.0	1.0	1.0	0.9772727272727272	1.0	0.967741935483871	0.9642857142857144	0.8518518518518519	1.0	Tumor
488d0d81-4872-4204-b8e8-745e64a35d65	1.0	0.9818181818181818	0.875	0.8351648351648352	0.9433962264150944	0.943661971830986	0.9732142857142856	0.986842105263158	0.3625	0.9836065573770492	0.9848484848484848	0.9487179487179488	0.970873786407767	0.9887640449438202	1.0	0.989247311827957	0.9183673469387756	0.9833333333333332	0.971830985915493	0.9591836734693876	0.9402985074626866	0.9876543209876544	0.9915254237288136	0.9838709677419356	1.0	1.0	0.9705882352941176	1.0	Tumor
4a88d54f-c88c-4ffd-84c9-069b53f2cb28	1.0	0.9838709677419356	0.8666666666666667	0.7619047619047619	0.9466666666666668	1.0	0.9769230769230768	0.9571428571428572	0.2631578947368421	0.9452054794520548	0.9824561403508772	0.8559322033898306	0.9739130434782608	1.0	0.9824561403508772	0.9827586206896552	0.9347826086956522	0.9080459770114944	0.9894736842105264	0.9769230769230768	0.9801980198019802	0.9767441860465116	0.9491525423728814	0.9428571428571428	0.9761904761904762	0.9519230769230768	0.9855072463768116	0.9540229885057472	Tumor
4abd29b3-0a83-41d3-a741-bcc5b6d2f98a	1.0	0.9807692307692308	0.9074074074074074	0.9361702127659576	0.9	0.9733333333333334	0.9803921568627452	0.945945945945946	0.2926829268292683	1.0	1.0	0.9629629629629628	0.9767441860465116	0.9782608695652174	0.9777777777777776	1.0	0.9523809523809524	1.0	0.951219512195122	1.0	0.9545454545454546	0.9555555555555556	0.9833333333333332	0.9393939393939394	1.0	1.0	0.945945945945946	1.0	Tumor
4d7842e5-9d8b-433a-a768-7a40129bdd0d	1.0	1.0	0.9772727272727272	0.8863636363636364	0.9705882352941176	1.0	1.0	1.0	0.3125	1.0	0.9	1.0	0.9591836734693876	1.0	0.9444444444444444	1.0	0.9347826086956522	0.9565217391304348	1.0	0.9852941176470588	0.9607843137254902	0.972972972972973	1.0	1.0	0.9696969696969696	0.9736842105263158	1.0	1.0	Tumor
4e3fbf45-1a73-437b-8d85-29aa0c8ac6b0	1.0	1.0	0.92	0.7073170731707317	0.9583333333333334	1.0	0.9696969696969696	0.9047619047619048	0.2162162162162162	1.0	0.9047619047619048	0.9375	0.9142857142857144	1.0	1.0	1.0	0.9142857142857144	0.96875	0.875	1.0	1.0	1.0	1.0	0.9411764705882352	1.0	1.0	0.9666666666666668	0.9583333333333334	Tumor
4e75f67b-99df-4ad5-a2ca-1877a3d45655	1.0	1.0	0.9444444444444444	0.7377049180327869	0.9761904761904762	1.0	0.9871794871794872	0.9111111111111112	0.2909090909090909	0.9701492537313432	1.0	0.984126984126984	0.9876543209876544	0.9736842105263158	1.0	1.0	0.9603960396039604	0.9508196721311476	0.984126984126984	0.986842105263158	0.9859154929577464	1.0	0.9558823529411764	0.9615384615384616	1.0	0.9753086419753086	0.9230769230769232	0.9655172413793104	Tumor
4f3fa7c5-fe72-4b99-8a4f-9f487efc1ef1	1.0	1.0	0.9444444444444444	0.8	1.0	1.0	1.0	0.8823529411764706	0.2777777777777778	1.0	0.8823529411764706	1.0	1.0	1.0	1.0	1.0	1.0	1.0	0.8666666666666667	0.9166666666666666	1.0	0.9090909090909092	0.9333333333333332	1.0	1.0	1.0	0.9166666666666666	0.95	Tumor
4fb42c7e-2a7e-4641-ae7c-e92fd9c2be11	1.0	0.782608695652174	0.95	1.0	0.8181818181818182	1.0	0.8235294117647058	1.0	0.55	0.9375	1.0	0.9411764705882352	0.9615384615384616	1.0	0.8888888888888888	1.0	0.8333333333333334	0.8260869565217391	1.0	0.9130434782608696	0.96	0.9444444444444444	1.0	1.0	1.0	0.9	1.0	1.0	Tumor
504f8320-62f8-4205-926a-a54d042d0e98	1.0	1.0	0.9285714285714286	0.9230769230769232	0.9	1.0	1.0	0.9473684210526316	0.40625	1.0	1.0	1.0	1.0	1.0	0.9230769230769232	1.0	0.8787878787878788	1.0	1.0	1.0	0.9705882352941176	0.896551724137931	0.9473684210526316	1.0	0.9615384615384616	1.0	1.0	0.9565217391304348	Tumor
51538db5-edf3-40bc-ae5e-dc9b552e8b53	0.9824561403508772	1.0	0.9647058823529412	0.9285714285714286	0.8421052631578947	1.0	1.0	0.9803921568627452	0.4915254237288136	0.9859154929577464	0.9516129032258064	0.9230769230769232	1.0	1.0	1.0	0.9859154929577464	0.9705882352941176	0.9833333333333332	0.9803921568627452	0.9803921568627452	0.9846153846153848	0.9821428571428572	0.987012987012987	0.9772727272727272	1.0	1.0	0.9743589743589745	0.9782608695652174	Tumor
52064107-3c37-45b1-aa6b-a14a98352f9d	1.0	0.9487179487179488	0.9454545454545454	0.9090909090909092	0.7916666666666666	0.9375	0.9666666666666668	0.9047619047619048	0.3333333333333333	1.0	0.9333333333333332	0.918918918918919	0.9130434782608696	1.0	1.0	1.0	0.9318181818181818	1.0	1.0	1.0	1.0	1.0	1.0	0.9565217391304348	1.0	1.0	0.9473684210526316	1.0	Tumor
52df14ea-5feb-481a-855e-0a6176744a73	1.0	1.0	0.9473684210526316	0.9393939393939394	1.0	1.0	1.0	1.0	0.2972972972972973	1.0	0.9444444444444444	0.9615384615384616	0.935483870967742	1.0	0.96	1.0	1.0	1.0	0.9230769230769232	1.0	0.9655172413793104	1.0	1.0	1.0	1.0	1.0	1.0	1.0	Tumor
54aca121-5b70-4833-84ac-c7506a57bd02	1.0	1.0	0.8888888888888888	0.8	0.9	0.9166666666666666	1.0	1.0	0.4137931034482758	0.9230769230769232	0.9333333333333332	1.0	1.0	1.0	1.0	1.0	0.9230769230769232	1.0	0.96	1.0	0.9375	1.0	0.95	1.0	1.0	0.8947368421052632	1.0	1.0	Tumor
586df577-513d-4d43-ac47-89c52f322d30	1.0	0.987012987012987	0.9444444444444444	0.9375	0.9705882352941176	0.9852941176470588	1.0	0.9183673469387756	0.3518518518518518	1.0	0.8958333333333334	0.9622641509433962	0.9864864864864864	1.0	1.0	1.0	0.9857142857142858	0.9821428571428572	0.979591836734694	0.9444444444444444	0.9365079365079364	0.9838709677419356	0.9818181818181818	0.9583333333333334	1.0	1.0	0.9696969696969696	1.0	Tumor
59fe0f14-0415-43b7-87c7-1098e4b434ea	1.0	1.0	0.9583333333333334	0.9264705882352942	0.9487179487179488	1.0	1.0	0.975	0.3611111111111111	0.9821428571428572	0.921875	1.0	1.0	1.0	1.0	1.0	0.9534883720930232	1.0	0.9705882352941176	0.9736842105263158	0.9433962264150944	0.9777777777777776	1.0	0.9411764705882352	0.9473684210526316	0.9696969696969696	0.979591836734694	1.0	Tumor
5c66dcbd-024b-4a7b-b3aa-bbbaaf91ae78	0.9830508474576272	0.974025974025974	0.9418604651162792	0.903846153846154	0.9347826086956522	0.9857142857142858	1.0	0.9454545454545454	0.3333333333333333	0.9821428571428572	0.8524590163934426	0.9558823529411764	0.9565217391304348	0.984375	0.981132075471698	1.0	0.9558823529411764	0.9565217391304348	0.9298245614035088	0.9803921568627452	0.9736842105263158	0.9090909090909092	0.9857142857142858	0.9821428571428572	0.9615384615384616	1.0	1.0	1.0	Tumor
5cc4350c-416e-4f2c-be73-12af68ad1ee4	1.0	0.984375	0.9125	0.9285714285714286	0.8372093023255814	0.9850746268656716	0.9861111111111112	0.9215686274509804	0.3225806451612903	0.9649122807017544	1.0	0.984375	1.0	1.0	0.9473684210526316	0.9722222222222222	0.890625	0.9818181818181818	0.9375	0.9629629629629628	0.9821428571428572	0.9818181818181818	0.9565217391304348	0.9230769230769232	1.0	0.984126984126984	0.9583333333333334	1.0	Tumor
5cf049e5-d45c-4601-8f67-1fdc0b1918a9	0.9666666666666668	0.9855072463768116	0.9019607843137256	0.972972972972973	0.9047619047619048	1.0	0.9523809523809524	0.875	0.3333333333333333	1.0	0.9722222222222222	0.96875	0.9487179487179488	1.0	1.0	1.0	0.9047619047619048	0.951219512195122	0.972972972972973	0.9767441860465116	0.9302325581395348	1.0	0.9333333333333332	1.0	1.0	0.9487179487179488	1.0	0.9545454545454546	Tumor
5dc7afc5-90d0-4286-a6f9-c2548f930e35	0.9473684210526316	0.9696969696969696	0.9666666666666668	0.8974358974358975	1.0	1.0	1.0	1.0	0.3125	1.0	1.0	1.0	0.9117647058823528	1.0	1.0	1.0	1.0	0.9166666666666666	0.9	1.0	0.8787878787878788	1.0	1.0	1.0	0.9583333333333334	0.967741935483871	1.0	0.9047619047619048	Tumor
61325789-0b1e-473d-8b71-5ec13ec1dcb7	1.0	0.9682539682539684	0.9375	0.9466666666666668	0.9107142857142856	1.0	0.9879518072289156	0.945945945945946	0.4098360655737705	1.0	1.0	0.9746835443037974	0.9518072289156626	1.0	1.0	1.0	0.9666666666666668	1.0	0.9710144927536232	1.0	0.967741935483871	0.9857142857142858	0.9833333333333332	1.0	1.0	1.0	0.8648648648648649	1.0	Tumor
628501d9-94e5-440e-b39f-df0e3ea09986	1.0	0.95	0.9090909090909092	0.9230769230769232	0.9285714285714286	1.0	0.9411764705882352	0.95	0.4	1.0	0.88	0.9375	1.0	1.0	0.9375	1.0	0.9629629629629628	0.9	0.9444444444444444	0.9615384615384616	0.9629629629629628	1.0	1.0	1.0	1.0	0.896551724137931	0.9	0.9545454545454546	Tumor
62aa3903-4f3b-4693-b5e5-fc5abce184de	1.0	1.0	0.9230769230769232	0.8793103448275862	0.979591836734694	0.9615384615384616	0.9661016949152542	0.8888888888888888	0.2653061224489796	1.0	0.9411764705882352	1.0	0.9666666666666668	0.9767441860465116	1.0	1.0	1.0	0.9523809523809524	0.9607843137254902	0.9552238805970148	0.9824561403508772	1.0	1.0	1.0	1.0	0.9777777777777776	1.0	0.975	Tumor
663797a8-ffd2-48a2-a5f6-992b5eb3c745	1.0	1.0	0.8985507246376812	0.9555555555555556	0.9310344827586208	1.0	0.98	1.0	0.4347826086956521	0.9622641509433962	0.9791666666666666	1.0	0.9302325581395348	0.984375	1.0	1.0	0.9803921568627452	1.0	0.9607843137254902	1.0	0.9393939393939394	0.975	0.9661016949152542	0.96	0.9782608695652174	1.0	1.0	1.0	Tumor
66941b24-9c8f-4657-a4eb-8cc267e38bdc	1.0	0.9908256880733946	0.8241758241758241	0.8852459016393442	0.9433962264150944	1.0	0.9753086419753086	0.868421052631579	0.3673469387755102	1.0	1.0	1.0	0.9603960396039604	1.0	1.0	1.0	0.9726027397260274	1.0	1.0	1.0	0.935483870967742	1.0	1.0	0.975	0.9571428571428572	1.0	1.0	0.975609756097561	Tumor
671bc03b-e3a8-45f6-88e4-ce138c716886	0.984375	1.0	0.9464285714285714	0.8409090909090909	1.0	1.0	1.0	0.6410256410256411	0.2432432432432432	0.8596491228070176	0.84	1.0	0.9423076923076924	0.9642857142857144	1.0	1.0	0.9298245614035088	1.0	1.0	1.0	0.9772727272727272	0.9607843137254902	1.0	1.0	1.0	1.0	0.8809523809523809	1.0	Tumor
676cce88-9f6e-4490-8e73-c0e88bd00075	1.0	1.0	0.9420289855072465	0.8636363636363636	0.9736842105263158	0.9818181818181818	1.0	0.925	0.3333333333333333	0.984126984126984	0.9428571428571428	0.9454545454545454	0.9491525423728814	1.0	1.0	0.9710144927536232	1.0	1.0	0.967741935483871	0.9818181818181818	0.9629629629629628	1.0	0.9661016949152542	0.9772727272727272	1.0	1.0	1.0	0.979591836734694	Tumor
692ea666-b4ac-4e92-b712-96a67edaef56	1.0	1.0	0.935483870967742	0.75	0.875	0.9642857142857144	0.95	0.875	0.2352941176470588	1.0	1.0	0.9473684210526316	0.9393939393939394	1.0	1.0	1.0	1.0	0.9166666666666666	1.0	0.9642857142857144	1.0	0.9375	1.0	1.0	1.0	1.0	1.0	1.0	Tumor
6e24acde-7dd0-46b9-b3c5-b0b617912910	1.0	1.0	1.0	0.9285714285714286	1.0	1.0	1.0	1.0	0.3571428571428571	1.0	0.9545454545454546	1.0	1.0	1.0	1.0	1.0	0.9655172413793104	1.0	1.0	1.0	0.9642857142857144	0.95	1.0	1.0	1.0	0.9	1.0	1.0	Tumor
6e8eeaae-cc26-4db8-85f6-5c975b06bf45	1.0	0.9736842105263158	0.9166666666666666	0.8604651162790697	1.0	1.0	1.0	0.9444444444444444	0.3636363636363636	0.9772727272727272	1.0	0.96875	0.945945945945946	1.0	1.0	1.0	0.9565217391304348	1.0	0.9714285714285714	1.0	1.0	1.0	0.9411764705882352	1.0	1.0	1.0	0.9565217391304348	0.96875	Tumor
6f73500d-4b23-4f14-911b-fbc69bd38f4b	1.0	0.9714285714285714	0.9411764705882352	0.9411764705882352	0.8974358974358975	0.96875	0.8604651162790697	0.9655172413793104	0.2272727272727272	1.0	1.0	1.0	1.0	1.0	1.0	0.8333333333333334	0.975	0.967741935483871	0.979591836734694	0.9583333333333334	1.0	1.0	0.9183673469387756	0.9230769230769232	1.0	0.9705882352941176	0.9142857142857144	1.0	Tumor
6fb7c578-dec9-4fe8-a9bf-3888bb765658	0.984375	0.9696969696969696	1.0	0.979591836734694	1.0	1.0	1.0	1.0	0.4390243902439024	0.9807692307692308	0.9807692307692308	0.9318181818181818	0.96875	1.0	1.0	1.0	0.9666666666666668	1.0	0.96	0.9791666666666666	1.0	1.0	1.0	0.9736842105263158	0.9642857142857144	1.0	1.0	0.9310344827586208	Tumor
70532e65-df18-4e1d-beaf-08fbf349bec0	1.0	1.0	0.8780487804878049	1.0	1.0	1.0	0.9761904761904762	0.8571428571428571	0.3076923076923077	1.0	1.0	1.0	0.9032258064516128	1.0	1.0	1.0	1.0	0.9310344827586208	0.9333333333333332	1.0	1.0	0.9818181818181818	0.967741935483871	1.0	0.9642857142857144	0.9722222222222222	0.9130434782608696	1.0	Tumor
7135f14b-e84f-4ebf-8d95-b2a3c843fd4d	0.9858156028368794	0.9741935483870968	0.9265536723163842	0.8354430379746836	0.981651376146789	1.0	0.9941176470588236	0.9666666666666668	0.3469387755102041	0.992248062015504	0.8467741935483871	0.9797297297297296	0.9705882352941176	1.0	1.0	1.0	0.9186046511627908	0.9583333333333334	0.9559748427672956	0.9847328244274808	0.9664804469273744	1.0	0.992	0.990909090909091	0.9838709677419356	0.9784172661870504	0.978494623655914	0.963302752293578	Tumor
723ed50c-2c78-4a3a-9f6e-9f9e8e264f6b	1.0	1.0	0.8461538461538461	0.9230769230769232	0.8947368421052632	0.9	1.0	1.0	0.4545454545454545	1.0	0.9375	1.0	1.0	1.0	1.0	1.0	0.95	0.8888888888888888	1.0	1.0	0.95	0.8947368421052632	1.0	1.0	1.0	0.9375	0.9333333333333332	1.0	Tumor
7289e7d5-65af-4d53-a4de-2691991d90d6	0.9777777777777776	1.0	0.9230769230769232	0.8461538461538461	0.8421052631578947	0.9655172413793104	1.0	1.0	0.4230769230769231	0.9642857142857144	1.0	0.9782608695652174	1.0	1.0	1.0	1.0	1.0	1.0	0.9555555555555556	1.0	0.9622641509433962	1.0	0.9565217391304348	0.8888888888888888	1.0	0.9583333333333334	0.9375	1.0	Tumor
74179e5e-2d3c-417e-8844-6740ea9fb2e5	0.9615384615384616	1.0	0.9142857142857144	0.9473684210526316	0.9047619047619048	1.0	0.975	0.9473684210526316	0.1875	1.0	0.9523809523809524	0.95	0.9655172413793104	1.0	1.0	1.0	0.9130434782608696	1.0	0.95	1.0	0.9375	1.0	0.975609756097561	1.0	0.9444444444444444	1.0	0.9375	1.0	Tumor
74d50556-5de8-4eff-82e6-a3ad9c70020a	0.967741935483871	0.9607843137254902	1.0	0.875	1.0	1.0	0.9767441860465116	1.0	0.25	0.9583333333333334	0.9629629629629628	1.0	0.9824561403508772	0.9705882352941176	1.0	1.0	1.0	1.0	0.9772727272727272	1.0	0.9444444444444444	0.88	1.0	1.0	1.0	1.0	1.0	1.0	Tumor
754df69c-2fab-4037-8673-fd3be673fc09	1.0	1.0	1.0	0.7674418604651163	1.0	0.95	1.0	0.9642857142857144	0.3548387096774194	1.0	0.9411764705882352	0.9782608695652174	1.0	1.0	1.0	1.0	0.9019607843137256	0.9545454545454546	1.0	0.96	0.9558823529411764	0.9642857142857144	1.0	0.96	1.0	1.0	0.9615384615384616	0.975	Tumor
75e67bb5-098c-4b48-8f5d-badc72dc4c47	1.0	0.9375	0.9310344827586208	0.7916666666666666	1.0	1.0	1.0	0.9545454545454546	0.5945945945945946	0.9428571428571428	0.9130434782608696	1.0	1.0	1.0	1.0	1.0	0.9428571428571428	1.0	1.0	1.0	1.0	1.0	0.9302325581395348	1.0	1.0	0.9523809523809524	0.7272727272727273	0.9487179487179488	Tumor
784a9c63-9b40-4f6c-8147-93d0ed523867	1.0	0.9827586206896552	0.8803418803418803	0.9150943396226416	0.902439024390244	0.9634146341463414	1.0	0.9230769230769232	0.38	0.9887640449438202	1.0	0.9861111111111112	0.9882352941176472	0.981651376146789	1.0	1.0	0.9489795918367347	0.975609756097561	0.9545454545454546	1.0	0.9855072463768116	0.9574468085106383	0.9906542056074766	0.9833333333333332	0.9873417721518988	0.96875	0.98	0.9852941176470588	Tumor
7d30a479-6d2f-431e-b15c-26736994b2f5	0.9375	0.9423076923076924	0.9814814814814816	0.8333333333333334	0.8888888888888888	1.0	0.9736842105263158	0.9393939393939394	0.3448275862068966	1.0	0.9	0.9402985074626866	0.9583333333333334	1.0	1.0	0.9705882352941176	0.918918918918919	1.0	1.0	1.0	1.0	1.0	1.0	1.0	1.0	1.0	0.9615384615384616	0.9615384615384616	Tumor
7e6ed4fc-b4bf-46c7-9f31-24a0c32c039e	0.9565217391304348	1.0	1.0	0.8857142857142857	0.75	1.0	1.0	0.8571428571428571	0.5	1.0	0.925925925925926	1.0	1.0	1.0	1.0	1.0	1.0	1.0	1.0	1.0	0.9333333333333332	0.9565217391304348	1.0	1.0	1.0	0.9411764705882352	1.0	1.0	Tumor
8087339c-4fdc-42e4-94ff-299a59ae88a3	1.0	1.0	0.8787878787878788	1.0	1.0	1.0	1.0	0.8571428571428571	0.3103448275862069	1.0	1.0	1.0	0.96875	0.9615384615384616	1.0	1.0	1.0	1.0	1.0	0.8484848484848485	1.0	1.0	0.9629629629629628	1.0	1.0	0.9629629629629628	0.9565217391304348	1.0	Tumor
80de2366-cd3c-4b51-9957-06ac3e152cf0	1.0	1.0	0.9117647058823528	0.88	1.0	0.9166666666666666	1.0	0.9629629629629628	0.3809523809523809	1.0	1.0	1.0	1.0	1.0	1.0	1.0	1.0	1.0	0.9629629629629628	1.0	1.0	1.0	1.0	1.0	1.0	1.0	1.0	1.0	Tumor
815b70e5-858d-416d-94aa-6749960883ce	0.9888888888888888	1.0	0.9333333333333332	0.9145299145299144	0.9113924050632912	1.0	1.0	0.9454545454545454	0.4639175257731959	1.0	0.9545454545454546	0.963855421686747	0.9333333333333332	1.0	1.0	1.0	0.9893617021276596	0.984375	0.96875	0.9701492537313432	0.9523809523809524	0.989247311827957	0.9863013698630136	0.981132075471698	0.986842105263158	1.0	0.94	0.984126984126984	Tumor
83f93d3f-d038-4773-a671-0f218f53821c	1.0	1.0	0.9583333333333334	0.9629629629629628	0.875	1.0	0.967741935483871	0.9166666666666666	0.5	0.9642857142857144	1.0	0.9230769230769232	1.0	1.0	1.0	1.0	1.0	1.0	1.0	0.967741935483871	1.0	1.0	1.0	0.9473684210526316	1.0	0.8823529411764706	1.0	0.9642857142857144	Tumor
8634f872-177a-481f-ba51-62864c569001	1.0	1.0	0.9047619047619048	0.6097560975609756	0.9166666666666666	0.9615384615384616	1.0	0.875	0.2857142857142857	1.0	1.0	0.9411764705882352	0.979591836734694	1.0	1.0	1.0	1.0	1.0	0.967741935483871	1.0	1.0	1.0	0.9722222222222222	0.9545454545454546	1.0	1.0	1.0	0.9310344827586208	Tumor
87c074cd-bcd8-4280-a12e-b205f50e139c	0.9672131147540984	0.9615384615384616	0.9047619047619048	0.9036144578313252	0.9565217391304348	0.9710144927536232	0.9864864864864864	0.7575757575757576	0.453125	1.0	0.84	1.0	0.9523809523809524	1.0	0.9655172413793104	1.0	0.96875	0.972972972972973	0.94	0.9866666666666668	0.972972972972973	0.9824561403508772	1.0	0.9473684210526316	0.9761904761904762	1.0	1.0	1.0	Tumor
8997a81b-4046-4c31-91f6-7c1519f1d2ec	1.0	1.0	0.9565217391304348	0.75	1.0	0.9375	1.0	0.7272727272727273	0.1818181818181818	1.0	1.0	1.0	1.0	1.0	1.0	1.0	0.95	1.0	1.0	1.0	1.0	1.0	1.0	1.0	1.0	1.0	1.0	1.0	Tumor
8f08cee9-a91f-4305-bf8d-efeee9cd386c	1.0	0.9615384615384616	0.9402985074626866	0.94	0.8974358974358975	0.9818181818181818	0.9433962264150944	0.9615384615384616	0.3389830508474576	0.953846153846154	0.9016393442622952	1.0	0.984375	1.0	0.972972972972973	0.9807692307692308	0.9753086419753086	1.0	1.0	1.0	1.0	0.9803921568627452	1.0	1.0	0.9772727272727272	1.0	1.0	0.9545454545454546	Tumor
8f4d89ea-3207-4fa7-9898-9b78cb971577	1.0	1.0	0.9294117647058824	0.9	0.8709677419354839	0.971830985915493	1.0	0.851063829787234	0.463768115942029	0.9420289855072465	0.7647058823529411	0.9791666666666666	0.9807692307692308	0.9846153846153848	1.0	1.0	0.988095238095238	0.9682539682539684	1.0	1.0	0.8918918918918919	1.0	0.9607843137254902	1.0	0.9591836734693876	0.9743589743589745	0.9583333333333334	0.9833333333333332	Tumor
8fff7b55-a9c5-4179-a86a-80bff4fed1b0	0.9814814814814816	0.9824561403508772	0.970873786407767	0.8666666666666667	0.9736842105263158	0.989247311827957	0.9836065573770492	0.8620689655172413	0.5306122448979592	0.9734513274336284	0.978494623655914	0.9117647058823528	0.9915966386554622	0.976470588235294	1.0	0.9848484848484848	0.9770114942528736	0.9361702127659576	0.9367088607594936	0.972972972972973	0.9777777777777776	0.945054945054945	0.9342105263157896	0.953846153846154	0.9550561797752808	1.0	0.8611111111111112	0.9433962264150944	Tumor
9053485e-19f7-4d2b-b4b6-361d908cc708	1.0	1.0	0.9767441860465116	0.8809523809523809	1.0	1.0	0.9333333333333332	0.8064516129032258	0.425	1.0	1.0	1.0	0.9534883720930232	1.0	1.0	1.0	0.9318181818181818	1.0	0.9347826086956522	0.9534883720930232	0.9523809523809524	0.9318181818181818	1.0	1.0	1.0	0.9714285714285714	1.0	1.0	Tumor
914508e1-ccc8-47ff-a225-7aca326a54dd	1.0	0.9838709677419356	0.8870967741935484	0.94	0.9	1.0	1.0	0.9615384615384616	0.3428571428571428	1.0	0.9666666666666668	1.0	1.0	1.0	1.0	1.0	0.9555555555555556	0.9565217391304348	0.9375	0.9428571428571428	0.9836065573770492	0.967741935483871	0.9803921568627452	0.9615384615384616	1.0	1.0	0.9642857142857144	0.9574468085106383	Tumor
91941243-48d2-4416-b104-0affb8c46316	1.0	1.0	0.9545454545454546	0.9032258064516128	1.0	1.0	0.9090909090909092	1.0	0.25	1.0	1.0	0.8928571428571429	0.9642857142857144	0.9090909090909092	1.0	1.0	1.0	1.0	1.0	1.0	1.0	1.0	1.0	1.0	0.9285714285714286	1.0	1.0	1.0	Tumor
922ac2aa-8619-47ef-99d8-160e19861f57	1.0	1.0	0.9375	0.9782608695652174	1.0	0.9696969696969696	1.0	1.0	0.4222222222222222	1.0	0.9743589743589745	1.0	1.0	1.0	1.0	1.0	0.9545454545454546	1.0	0.9787234042553192	1.0	1.0	1.0	1.0	1.0	1.0	1.0	1.0	1.0	Tumor
92b7faad-a817-4464-a074-9b64bf25fad5	1.0	1.0	0.9230769230769232	0.981132075471698	0.90625	0.975	1.0	1.0	0.42	1.0	0.9	0.9625	0.9565217391304348	1.0	1.0	1.0	0.9759036144578314	0.9347826086956522	0.8478260869565217	0.9859154929577464	1.0	0.7777777777777778	1.0	1.0	1.0	1.0	0.9696969696969696	1.0	Tumor
92e1baff-0f43-4841-aab9-fdda0078673a	1.0	1.0	0.8970588235294118	0.9054054054054054	0.9487179487179488	0.9672131147540984	1.0	0.9473684210526316	0.4038461538461538	1.0	0.8656716417910447	0.9772727272727272	0.9791666666666666	0.9722222222222222	0.9701492537313432	1.0	0.9166666666666666	1.0	1.0	0.9824561403508772	0.9814814814814816	1.0	0.9772727272727272	1.0	0.9791666666666666	0.9777777777777776	0.96875	1.0	Tumor
948f1e9e-702b-4f42-a766-fb6b4976b14d	1.0	1.0	0.8611111111111112	0.9473684210526316	0.9375	1.0	0.9565217391304348	0.95	0.3333333333333333	1.0	0.975609756097561	0.9285714285714286	0.96875	1.0	0.9166666666666666	1.0	0.8636363636363636	0.875	0.9565217391304348	1.0	0.926829268292683	1.0	1.0	0.9285714285714286	0.96	1.0	0.8888888888888888	1.0	Tumor
952e9924-3a48-4572-bf4c-95e5049e452d	0.9850746268656716	0.9905660377358492	0.926829268292683	0.9078947368421052	1.0	0.972972972972973	0.9523809523809524	0.9090909090909092	0.3037974683544304	0.975609756097561	0.9156626506024096	0.9672131147540984	0.9508196721311476	1.0	1.0	0.972972972972973	0.9545454545454546	1.0	0.9545454545454546	1.0	0.9285714285714286	0.987012987012987	0.9864864864864864	1.0	1.0	1.0	0.945945945945946	1.0	Tumor
956570e5-7ed4-4d17-a830-f1bc67a7af15	0.9859154929577464	1.0	0.8975609756097561	0.8765432098765432	0.9222222222222224	0.9930555555555556	0.988095238095238	0.9396551724137931	0.3076923076923077	0.9838709677419356	1.0	0.9914529914529916	0.9700598802395208	0.9904761904761904	0.9803921568627452	1.0	1.0	0.9897959183673468	0.9302325581395348	0.9864864864864864	0.9642857142857144	0.992248062015504	0.993939393939394	0.9772727272727272	0.993103448275862	0.9908256880733946	0.9629629629629628	0.961904761904762	Tumor
9634f770-bc93-4dfa-949c-98a6da30a102	0.96875	0.9333333333333332	0.8490566037735849	0.7777777777777778	0.75	1.0	0.9649122807017544	0.9523809523809524	0.3448275862068966	1.0	0.9130434782608696	0.9722222222222222	0.9322033898305084	0.9655172413793104	1.0	0.967741935483871	0.95	0.9375	0.9607843137254902	1.0	0.9814814814814816	1.0	0.9696969696969696	1.0	0.8571428571428571	0.84	0.9444444444444444	0.96875	Tumor
967f7008-e212-4114-ab43-dc2a6295f80c	1.0	0.9777777777777776	0.896551724137931	0.8787878787878788	0.96875	0.991150442477876	1.0	0.9701492537313432	0.3870967741935484	0.9444444444444444	0.9642857142857144	1.0	0.9807692307692308	0.991304347826087	1.0	0.9787234042553192	0.9803921568627452	0.9852941176470588	0.9866666666666668	0.9882352941176472	0.9545454545454546	0.9636363636363636	1.0	0.9878048780487804	1.0	1.0	0.987012987012987	0.975	Tumor
967fde0b-9c38-4c69-97f2-9640ebe1dc9a	1.0	0.9887640449438202	0.9253731343283582	0.9487179487179488	0.8867924528301887	1.0	0.981132075471698	0.9302325581395348	0.352112676056338	1.0	1.0	1.0	0.9733333333333334	0.96	1.0	1.0	0.984126984126984	1.0	0.9772727272727272	1.0	1.0	1.0	1.0	1.0	0.9827586206896552	1.0	1.0	0.9824561403508772	Tumor
96cd848e-50fc-4244-beec-8d18b1703fff	0.98	0.9375	0.9714285714285714	0.8846153846153846	0.8	1.0	1.0	0.8571428571428571	0.3191489361702128	1.0	0.903846153846154	1.0	1.0	1.0	0.9629629629629628	1.0	1.0	1.0	1.0	1.0	0.9761904761904762	0.9767441860465116	0.972972972972973	0.9473684210526316	1.0	1.0	0.9655172413793104	1.0	Tumor
990f1383-2ef6-426a-a650-e182010a8281	0.9642857142857144	1.0	0.9166666666666666	0.9444444444444444	0.9696969696969696	1.0	0.975609756097561	1.0	0.325	1.0	0.8387096774193549	0.9772727272727272	0.9574468085106383	0.975	1.0	1.0	0.9428571428571428	1.0	1.0	0.9565217391304348	1.0	0.9743589743589745	1.0	0.945945945945946	1.0	0.9696969696969696	0.9375	0.945945945945946	Tumor
9c1779d3-6e10-413b-9df9-a9378862d8c4	1.0	1.0	0.935483870967742	0.7857142857142857	1.0	0.975	0.8666666666666667	1.0	0.3076923076923077	1.0	1.0	0.9333333333333332	1.0	1.0	1.0	1.0	0.9642857142857144	1.0	0.967741935483871	0.9090909090909092	0.9411764705882352	0.875	0.9	1.0	1.0	1.0	1.0	0.96	Tumor
9c2ed2bb-8ee1-441e-9f3b-ffbb4def2673	1.0	1.0	0.9701492537313432	0.8421052631578947	1.0	0.9629629629629628	0.9767441860465116	0.945945945945946	0.3809523809523809	1.0	1.0	0.951219512195122	0.9615384615384616	1.0	1.0	1.0	1.0	0.9705882352941176	0.9642857142857144	0.9850746268656716	1.0	1.0	0.9634146341463414	0.974025974025974	0.9767441860465116	1.0	1.0	0.967741935483871	Tumor
9c706e45-00da-42cd-933f-1f42f0b6942e	1.0	1.0	0.9629629629629628	0.8481012658227848	0.9821428571428572	0.9636363636363636	1.0	0.9069767441860463	0.34375	0.9361702127659576	1.0	1.0	1.0	1.0	1.0	1.0	0.9863013698630136	1.0	0.9411764705882352	1.0	0.9777777777777776	0.9830508474576272	0.9787234042553192	1.0	1.0	1.0	0.975	0.975609756097561	Tumor
9da89066-8d82-4ace-80e1-889d3c73c8eb	1.0	1.0	0.7894736842105263	0.9230769230769232	0.9230769230769232	1.0	1.0	0.9444444444444444	0.4761904761904761	0.9473684210526316	0.9583333333333334	1.0	1.0	1.0	1.0	1.0	0.9333333333333332	1.0	1.0	1.0	0.9	1.0	0.8461538461538461	1.0	1.0	0.9444444444444444	0.8461538461538461	1.0	Tumor
9dffaff8-a482-4940-b53a-527e5a510740	0.975	0.9791666666666666	1.0	0.7192982456140351	1.0	1.0	1.0	1.0	0.4262295081967213	1.0	1.0	1.0	1.0	1.0	0.9473684210526316	1.0	0.95	1.0	1.0	1.0	0.9642857142857144	1.0	1.0	1.0	1.0	1.0	0.9130434782608696	0.9	Tumor
a068f661-e689-4e30-9572-3103039981aa	0.99375	0.9927272727272728	0.927038626609442	0.9388888888888888	0.9636363636363636	0.985781990521327	0.9948186528497408	0.9568345323741008	0.2857142857142857	0.9623655913978496	0.9161290322580644	0.981012658227848	0.9754098360655736	0.994186046511628	0.994011976047904	0.99438202247191	0.9497907949790796	0.9735099337748344	0.9813664596273292	0.9603960396039604	0.9302325581395348	0.8894472361809045	0.975609756097561	0.9779411764705882	0.9824561403508772	1.0	0.967479674796748	0.9886363636363636	Tumor
a2a798c5-3b1e-4192-8c6a-8c627cd0879e	0.9953051643192488	0.9878048780487804	0.9523809523809524	0.8978723404255319	0.952054794520548	0.9789473684210528	0.9914529914529916	0.9542857142857144	0.4300518134715025	1.0	0.9953271028037384	0.9888888888888888	0.9726027397260274	0.9900497512437813	0.9943181818181818	1.0	0.9246231155778896	0.9861111111111112	0.9473684210526316	0.9834254143646408	0.9238578680203046	0.995260663507109	0.9761904761904762	0.9733333333333334	0.9775280898876404	0.9731543624161074	0.9803921568627452	0.9333333333333332	Tumor
a2b214c2-a5d4-4ce6-b505-e1438027236d	1.0	0.9767441860465116	0.9615384615384616	0.9090909090909092	0.9662921348314608	0.975609756097561	0.9882352941176472	0.9714285714285714	0.3416666666666667	0.9787234042553192	1.0	0.9043478260869564	0.9453551912568308	0.9858156028368794	0.993421052631579	1.0	0.963157894736842	1.0	0.9318181818181818	0.9904761904761904	0.9043478260869564	0.9923076923076924	0.9851485148514852	0.9915966386554622	0.989247311827957	0.992063492063492	0.9595959595959596	0.9914529914529916	Tumor
a3624554-07c8-41d7-9b6b-f4cbf9de9301	1.0	1.0	0.9032258064516128	0.9047619047619048	0.8888888888888888	0.9285714285714286	1.0	1.0	0.25	1.0	0.8888888888888888	1.0	0.9629629629629628	1.0	1.0	1.0	1.0	1.0	1.0	1.0	1.0	0.9166666666666666	1.0	0.8888888888888888	1.0	1.0	0.8888888888888888	1.0	Tumor
a854c368-6e81-4ade-9ea9-afbee1c4c448	0.988095238095238	1.0	0.912751677852349	0.8881578947368421	0.921875	0.9834710743801652	1.0	0.9393939393939394	0.4017094017094017	1.0	1.0	0.990990990990991	0.9365079365079364	1.0	1.0	1.0	0.971830985915493	0.9565217391304348	0.9895833333333334	0.9912280701754386	0.9830508474576272	0.9919354838709676	0.9807692307692308	0.9615384615384616	0.99	1.0	0.9863013698630136	1.0	Tumor
a8e0466b-d106-44b7-b846-c4fb666715f5	0.975	0.9743589743589745	0.967741935483871	0.925	0.95	0.9655172413793104	0.9787234042553192	0.9629629629629628	0.25	1.0	1.0	1.0	1.0	0.967741935483871	1.0	1.0	0.9736842105263158	0.96	0.967741935483871	1.0	0.9583333333333334	1.0	0.9393939393939394	0.8636363636363636	1.0	1.0	0.9230769230769232	1.0	Tumor
aa3d8e3d-68cb-47dc-80c0-d50917cb4878	0.94	0.991150442477876	0.951219512195122	0.9345794392523364	0.8695652173913043	1.0	0.9651162790697676	0.8918918918918919	0.2941176470588235	1.0	0.9693877551020408	0.9565217391304348	0.974025974025974	1.0	0.963302752293578	1.0	0.9772727272727272	1.0	1.0	0.975	0.9528301886792452	0.9466666666666668	0.9594594594594594	0.9594594594594594	1.0	1.0	1.0	1.0	Tumor
ad8c55ae-46df-43cd-8cb5-c049e3019959	1.0	0.9428571428571428	0.8909090909090909	0.8813559322033898	0.8936170212765957	0.963855421686747	1.0	0.94	0.3272727272727272	1.0	1.0	1.0	0.9491525423728814	1.0	1.0	1.0	0.9583333333333334	1.0	0.9148936170212766	1.0	0.945945945945946	0.9682539682539684	0.986842105263158	1.0	1.0	0.972972972972973	0.9629629629629628	0.9347826086956522	Tumor
ad930bd1-0026-4f83-92e2-23170c1965aa	1.0	0.9836065573770492	0.9272727272727272	0.9433962264150944	0.9642857142857144	1.0	0.979591836734694	0.918918918918919	0.375	0.9696969696969696	0.96875	1.0	0.9322033898305084	1.0	1.0	1.0	0.9242424242424242	1.0	0.9347826086956522	0.9722222222222222	0.9850746268656716	1.0	0.9803921568627452	1.0	0.967741935483871	0.972972972972973	1.0	0.9787234042553192	Tumor
af58b506-df1d-4221-964d-76dbade6ab85	0.9710144927536232	0.96875	0.95	0.4487179487179487	0.9726027397260274	1.0	0.9879518072289156	0.8103448275862069	0.3472222222222222	1.0	0.9090909090909092	0.9821428571428572	0.9666666666666668	0.9375	1.0	0.9863013698630136	0.9493670886075948	1.0	1.0	1.0	0.9423076923076924	0.95	0.9666666666666668	1.0	1.0	1.0	0.9821428571428572	0.9818181818181818	Tumor
af83a9af-a11f-4c29-a61f-8f0d2b5868c1	0.9787234042553192	1.0	0.9420289855072465	0.7910447761194029	0.925	1.0	1.0	0.925	0.4651162790697674	0.984375	0.9310344827586208	0.9411764705882352	0.967741935483871	1.0	1.0	0.9666666666666668	0.9636363636363636	0.9636363636363636	0.9821428571428572	0.9322033898305084	0.9552238805970148	1.0	0.95	1.0	1.0	0.9666666666666668	1.0	0.9772727272727272	Tumor
afd15ee9-ef38-4d14-b1c1-7f4267fe6a04	0.9782608695652174	1.0	0.9487179487179488	0.9183673469387756	0.9047619047619048	1.0	0.975	1.0	0.391304347826087	1.0	0.9666666666666668	1.0	0.9090909090909092	1.0	1.0	1.0	0.9473684210526316	1.0	0.96	0.9714285714285714	1.0	1.0	1.0	0.9444444444444444	0.9473684210526316	0.9642857142857144	0.967741935483871	0.9444444444444444	Tumor
b1e1ae0d-4558-4d30-9b20-79aa40fa5a2a	1.0	0.9761904761904762	0.975	0.8421052631578947	0.9166666666666666	1.0	0.9830508474576272	0.9166666666666666	0.2686567164179104	0.9722222222222222	0.9666666666666668	0.9565217391304348	1.0	0.9032258064516128	1.0	1.0	0.9420289855072465	0.9772727272727272	0.9583333333333334	0.9830508474576272	0.9333333333333332	1.0	0.9393939393939394	1.0	1.0	1.0	1.0	0.875	Tumor
b31c9e1c-be79-4264-81a3-40b67f1f0bde	0.95	0.975	0.8536585365853658	0.9545454545454546	0.8947368421052632	0.9545454545454546	1.0	0.8235294117647058	0.2916666666666667	1.0	0.9090909090909092	1.0	1.0	1.0	1.0	1.0	0.9705882352941176	0.9565217391304348	0.9333333333333332	1.0	0.9411764705882352	0.9285714285714286	0.9411764705882352	0.95	1.0	1.0	0.9444444444444444	0.9444444444444444	Tumor
b35809ed-747b-46b9-9921-e14d859e5b5d	0.9696969696969696	1.0	0.9047619047619048	0.7307692307692307	0.8125	1.0	1.0	0.8666666666666667	0.3846153846153846	1.0	0.9444444444444444	0.935483870967742	1.0	1.0	0.9375	1.0	0.9642857142857144	1.0	0.9411764705882352	0.96	0.967741935483871	1.0	1.0	1.0	1.0	1.0	1.0	0.9333333333333332	Tumor
b3d432d6-0b86-4407-98e2-99c1971283a8	1.0	1.0	0.967741935483871	0.9375	0.88	0.9166666666666666	1.0	1.0	0.4090909090909091	0.9473684210526316	0.9230769230769232	1.0	1.0	1.0	0.9166666666666666	1.0	0.967741935483871	0.95	1.0	1.0	1.0	1.0	1.0	1.0	1.0	1.0	0.8636363636363636	0.8823529411764706	Tumor
b5e84055-487f-467a-9bc4-bd59ec82f183	0.9777777777777776	0.9705882352941176	0.9516129032258064	0.84375	0.8928571428571429	1.0	1.0	0.8928571428571429	0.35	1.0	1.0	1.0	0.9642857142857144	1.0	1.0	1.0	0.9705882352941176	0.8947368421052632	0.9333333333333332	1.0	0.975	1.0	1.0	1.0	1.0	1.0	1.0	1.0	Tumor
b773c30d-f37b-4aee-8330-a159d42d3019	0.925925925925926	0.95	0.9428571428571428	1.0	0.9583333333333334	0.9743589743589745	1.0	0.967741935483871	0.3548387096774194	1.0	0.8611111111111112	1.0	1.0	1.0	1.0	1.0	1.0	1.0	1.0	0.9767441860465116	0.9428571428571428	1.0	0.9696969696969696	1.0	1.0	1.0	1.0	1.0	Tumor
b9e82597-fdf2-4479-a764-29193ddbd58f	1.0	0.9743589743589745	0.9523809523809524	0.9696969696969696	0.95	1.0	0.9642857142857144	1.0	0.2391304347826087	0.9743589743589745	0.9523809523809524	0.9782608695652174	0.96875	1.0	1.0	1.0	0.9803921568627452	1.0	0.8888888888888888	1.0	0.9636363636363636	0.8888888888888888	1.0	0.8888888888888888	1.0	0.9032258064516128	1.0	0.9166666666666666	Tumor
ba2e1bd2-56f5-4dfb-94b5-92c50c58b31e	0.9761904761904762	0.9824561403508772	0.8979591836734694	0.89171974522293	0.9689922480620154	0.9856115107913668	0.9947368421052633	0.9230769230769232	0.3795620437956204	0.990990990990991	0.9912280701754386	0.9863945578231292	0.9659090909090908	1.0	1.0	1.0	0.9753086419753086	1.0	0.9788732394366196	0.9867549668874172	0.9767441860465116	0.9813664596273292	0.971830985915493	0.9523809523809524	0.990990990990991	0.993103448275862	0.9789473684210528	0.9534883720930232	Tumor
be813beb-9b35-4063-9d61-9f49a7fd7706	0.9824561403508772	1.0	0.8805970149253731	0.9661016949152542	0.9787234042553192	1.0	1.0	0.7666666666666667	0.4561403508771929	0.9787234042553192	0.9347826086956522	0.9583333333333334	0.9620253164556962	1.0	0.9782608695652174	1.0	0.9726027397260274	0.972972972972973	1.0	0.9583333333333334	1.0	1.0	1.0	0.975	1.0	1.0	1.0	0.9782608695652174	Tumor
be8e200c-dced-4b24-a70d-6b6baecb7300	0.9705882352941176	0.9534883720930232	0.9565217391304348	1.0	0.9375	0.9166666666666666	1.0	1.0	0.4285714285714285	1.0	0.9032258064516128	1.0	0.902439024390244	1.0	1.0	1.0	0.926829268292683	0.9705882352941176	0.95	1.0	0.8888888888888888	0.9090909090909092	0.9722222222222222	0.9375	0.9743589743589745	0.9375	1.0	0.9666666666666668	Tumor
c058aa43-349b-4f45-8217-6b193bf7c610	1.0	0.9882352941176472	0.9146341463414634	0.9642857142857144	0.9152542372881356	0.9850746268656716	0.9705882352941176	0.9705882352941176	0.2884615384615384	1.0	0.981132075471698	1.0	0.9814814814814816	0.9827586206896552	1.0	1.0	0.9722222222222222	0.981132075471698	1.0	0.981132075471698	1.0	0.984375	0.9605263157894736	0.9767441860465116	0.9782608695652174	0.979591836734694	1.0	0.979591836734694	Tumor
c102587f-0390-4dd5-8b35-d819e0083134	1.0	1.0	0.967741935483871	0.9166666666666666	0.8461538461538461	1.0	1.0	1.0	0.4583333333333333	1.0	1.0	1.0	0.9642857142857144	1.0	1.0	1.0	0.7352941176470589	1.0	1.0	0.9473684210526316	0.9285714285714286	1.0	1.0	1.0	1.0	1.0	1.0	0.9166666666666666	Tumor
c2fe2d79-efb1-4e4d-a297-bd6b15703d10	0.988826815642458	0.9838056680161944	0.9444444444444444	0.9330143540669856	0.9285714285714286	0.9754601226993864	1.0	0.8977272727272727	0.4806629834254143	1.0	0.8874172185430463	0.97196261682243	0.973404255319149	1.0	1.0	1.0	0.9587628865979382	0.9770992366412212	0.9751552795031057	0.9583333333333334	0.875	0.9725274725274724	1.0	0.9905660377358492	1.0	1.0	1.0	0.9763779527559056	Tumor
c50adee7-f053-484e-8a2f-f66c94a14fd3	1.0	1.0	0.918918918918919	0.8461538461538461	0.9696969696969696	0.9523809523809524	0.9692307692307692	0.9	0.3518518518518518	1.0	0.9107142857142856	1.0	1.0	1.0	1.0	1.0	0.9833333333333332	1.0	0.9743589743589745	1.0	0.9411764705882352	1.0	1.0	0.9444444444444444	0.9848484848484848	0.9	0.9523809523809524	0.95	Tumor
c54b98cc-521e-4790-b67d-9dcc20af8c76	0.9963503649635036	0.9846153846153848	0.936231884057971	0.9595959595959596	0.9458128078817734	0.9859154929577464	0.9849397590361446	0.922279792746114	0.3919413919413919	0.9884169884169884	0.984313725490196	1.0	0.9535714285714286	1.0	0.995575221238938	0.9931972789115646	0.9693877551020408	0.9676113360323888	0.9901477832512317	0.979253112033195	0.966542750929368	0.9957983193277312	0.9903225806451612	0.9744897959183674	1.0	0.9875	0.9662921348314608	0.9662447257383966	Tumor
c5bb9834-a08f-4729-9aec-22f9a2816184	1.0	0.9722222222222222	0.8947368421052632	0.8888888888888888	0.9565217391304348	1.0	1.0	1.0	0.5555555555555556	1.0	1.0	0.96	0.96	1.0	1.0	1.0	0.9375	1.0	1.0	1.0	1.0	1.0	0.8666666666666667	1.0	1.0	1.0	0.8823529411764706	1.0	Tumor
c5d4a1ed-8fd3-4435-96f5-ea5e56326f20	1.0	0.9622641509433962	0.9491525423728814	0.902439024390244	0.8571428571428571	0.9545454545454546	0.9743589743589745	0.972972972972973	0.4375	0.9787234042553192	1.0	0.975609756097561	0.953846153846154	0.9607843137254902	0.9444444444444444	0.972972972972973	0.9090909090909092	1.0	0.9565217391304348	1.0	0.90625	0.9767441860465116	1.0	0.875	1.0	1.0	1.0	0.9130434782608696	Tumor
c861f2ac-61fd-45cc-9e14-f775f9eed494	1.0	1.0	0.8333333333333334	0.9444444444444444	0.9166666666666666	0.9545454545454546	1.0	0.9411764705882352	0.28	1.0	0.7647058823529411	0.9523809523809524	1.0	1.0	1.0	1.0	1.0	1.0	1.0	1.0	1.0	0.9583333333333334	1.0	1.0	1.0	1.0	0.9	1.0	Tumor
ca823082-ede5-4bfd-8498-7e492f39bcd6	1.0	1.0	0.84	0.8095238095238095	0.8888888888888888	1.0	1.0	1.0	0.32	1.0	0.9565217391304348	1.0	0.9565217391304348	1.0	1.0	1.0	0.9375	1.0	1.0	1.0	0.9666666666666668	0.9285714285714286	1.0	1.0	1.0	1.0	1.0	1.0	Tumor
ce52c9b2-ab83-4efa-8abf-97475dcf892d	1.0	0.9736842105263158	0.9830508474576272	0.8837209302325582	0.95	1.0	1.0	1.0	0.4444444444444444	1.0	1.0	1.0	0.9705882352941176	1.0	1.0	0.975609756097561	0.9736842105263158	1.0	0.9642857142857144	1.0	0.8846153846153846	0.9736842105263158	0.9722222222222222	1.0	1.0	1.0	0.9545454545454546	1.0	Tumor
cf122ae0-0be8-43dd-a0b9-01fff585186f	1.0	1.0	0.9210526315789472	0.912280701754386	0.9722222222222222	1.0	0.9682539682539684	0.9655172413793104	0.2826086956521739	1.0	0.9714285714285714	1.0	0.9574468085106383	1.0	0.9743589743589745	1.0	0.9863013698630136	0.9722222222222222	0.9347826086956522	1.0	0.9883720930232558	0.9571428571428572	0.9761904761904762	0.918918918918919	0.9761904761904762	1.0	0.9787234042553192	1.0	Tumor
cf4160bb-9ef4-43c1-ac83-f6ca897101ee	0.9130434782608696	1.0	0.9318181818181818	0.9	1.0	0.9666666666666668	1.0	0.9	0.4782608695652174	1.0	0.9375	1.0	0.9111111111111112	1.0	1.0	1.0	0.9491525423728814	0.9565217391304348	1.0	0.9615384615384616	1.0	0.9375	0.9666666666666668	0.85	1.0	1.0	1.0	1.0	Tumor
cf86835f-2bd2-4b15-a9a9-66fe369a560d	1.0	1.0	0.9782608695652174	0.8947368421052632	0.972972972972973	1.0	0.9848484848484848	0.9387755102040816	0.5538461538461539	1.0	0.8888888888888888	1.0	1.0	1.0	1.0	1.0	0.974025974025974	0.98	0.9791666666666666	0.9859154929577464	0.9571428571428572	0.9838709677419356	1.0	1.0	1.0	0.9787234042553192	1.0	0.9818181818181818	Tumor
cfbfbac5-7f44-4537-9a1c-088075a936e6	0.9285714285714286	1.0	0.9487179487179488	0.5897435897435898	1.0	1.0	1.0	1.0	0.2285714285714285	1.0	0.975	0.9722222222222222	0.9142857142857144	1.0	1.0	1.0	0.8936170212765957	0.9642857142857144	0.9722222222222222	0.9393939393939394	0.9411764705882352	1.0	1.0	1.0	0.96	0.9545454545454546	1.0	0.9736842105263158	Tumor
d0d2b8fc-6915-49fe-ae4a-f80e2d090cf5	1.0	1.0	0.8933333333333333	0.8148148148148148	0.8055555555555556	0.981132075471698	0.9310344827586208	0.972972972972973	0.3103448275862069	0.9782608695652174	0.9555555555555556	0.9433962264150944	0.9111111111111112	1.0	1.0	0.9807692307692308	0.9534883720930232	1.0	1.0	0.92	0.9333333333333332	1.0	1.0	1.0	1.0	1.0	0.9705882352941176	0.9166666666666666	Tumor
d0dc0f54-e23f-40fb-a0ac-56fbd55108f0	1.0	1.0	0.8987341772151899	0.7876106194690266	0.8888888888888888	1.0	1.0	0.9206349206349206	0.4090909090909091	1.0	0.875	1.0	0.9642857142857144	1.0	1.0	0.9907407407407408	0.925	0.9625	0.9058823529411764	0.9620253164556962	0.9550561797752808	0.9875	0.96875	1.0	0.984375	1.0	0.981132075471698	0.9871794871794872	Tumor
d1adf0be-5afe-4df7-8f88-dbf7521bcdac	1.0	0.9772727272727272	0.9230769230769232	0.8421052631578947	0.9607843137254902	0.9855072463768116	1.0	0.8863636363636364	0.4918032786885246	1.0	0.9622641509433962	0.9821428571428572	1.0	1.0	1.0	1.0	0.9852941176470588	0.9322033898305084	0.9814814814814816	0.9333333333333332	0.9295774647887324	0.9852941176470588	1.0	1.0	1.0	0.9838709677419356	0.9803921568627452	0.9818181818181818	Tumor
d28a7c02-2f33-46e2-bff9-5ed518ea6fb6	0.9824561403508772	1.0	0.9411764705882352	0.9387755102040816	0.8857142857142857	1.0	1.0	0.918918918918919	0.2444444444444444	0.98	0.9183673469387756	1.0	0.9782608695652174	1.0	1.0	1.0	1.0	1.0	0.967741935483871	1.0	0.9302325581395348	1.0	1.0	1.0	1.0	1.0	0.9333333333333332	1.0	Tumor
d32c4662-2b0b-4f78-b031-e6ff5286664c	1.0	0.96875	0.9285714285714286	0.8809523809523809	0.9230769230769232	0.9833333333333332	0.9782608695652174	0.9428571428571428	0.2222222222222222	1.0	0.8148148148148148	0.975	0.9420289855072465	0.9682539682539684	1.0	0.96	0.9361702127659576	0.9736842105263158	0.9696969696969696	0.9655172413793104	1.0	1.0	0.9833333333333332	1.0	1.0	1.0	0.9714285714285714	0.9411764705882352	Tumor
d474de4c-c01d-46f5-92a6-7513f7a38eed	1.0	0.979591836734694	0.9473684210526316	0.95	0.8518518518518519	0.9767441860465116	1.0	0.9375	0.3777777777777777	0.875	0.9696969696969696	0.9629629629629628	1.0	1.0	1.0	1.0	0.9411764705882352	1.0	1.0	1.0	0.9696969696969696	1.0	0.975609756097561	1.0	0.9736842105263158	0.972972972972973	0.782608695652174	1.0	Tumor
d7eb3fb0-7bfe-4f69-b298-41dde09902e6	1.0	0.9642857142857144	0.9402985074626866	0.8627450980392157	0.9	0.9821428571428572	1.0	0.9714285714285714	0.375	1.0	0.8775510204081632	0.9807692307692308	0.9692307692307692	0.9777777777777776	1.0	0.979591836734694	0.9833333333333332	1.0	1.0	0.95	0.9743589743589745	0.9743589743589745	1.0	1.0	1.0	0.9230769230769232	1.0	0.9545454545454546	Tumor
d920c232-82ae-48f9-98d1-b94bf4a45d8d	1.0	0.9629629629629628	0.9154929577464788	0.9454545454545454	0.8809523809523809	1.0	1.0	0.9705882352941176	0.3962264150943396	1.0	0.8490566037735849	1.0	0.9743589743589745	1.0	1.0	1.0	0.9154929577464788	1.0	0.9166666666666666	1.0	1.0	0.921875	1.0	0.9821428571428572	1.0	1.0	1.0	1.0	Tumor
da752364-731c-4e77-8d6e-9c91a5b7f68f	1.0	1.0	0.875	0.8571428571428571	0.9090909090909092	1.0	0.9375	0.9230769230769232	0.3333333333333333	1.0	0.8636363636363636	0.9285714285714286	0.8947368421052632	1.0	1.0	1.0	0.9333333333333332	1.0	1.0	1.0	0.925925925925926	1.0	1.0	1.0	1.0	0.85	0.9230769230769232	1.0	Tumor
db01aba1-3a00-4bf9-9f24-8fba144144f3	1.0	1.0	0.8	0.8461538461538461	0.9444444444444444	1.0	1.0	1.0	0.2413793103448276	1.0	1.0	1.0	1.0	1.0	1.0	1.0	1.0	1.0	1.0	0.96	0.9666666666666668	1.0	1.0	1.0	1.0	1.0	1.0	1.0	Tumor
db5dab56-838e-4784-a7cf-f05296e356f7	0.9961089494163424	0.979591836734694	0.9146341463414634	0.8815331010452961	0.8846153846153846	0.9655172413793104	0.9528619528619529	0.92018779342723	0.3741258741258741	0.9935897435897436	0.9295774647887324	0.9736842105263158	0.975	0.9751552795031057	0.937888198757764	0.925	0.9615384615384616	0.983957219251337	0.9572192513368984	0.9619377162629758	0.9446808510638298	0.8942731277533039	0.9351351351351352	0.935483870967742	0.9852216748768472	0.9716981132075472	0.902439024390244	0.9619565217391304	Tumor
db998871-01ff-4a39-ba06-fe3fb1183584	1.0	1.0	0.9142857142857144	0.9523809523809524	0.9310344827586208	0.9722222222222222	1.0	0.9230769230769232	0.3243243243243243	0.98	0.8867924528301887	1.0	1.0	1.0	1.0	1.0	1.0	0.96	0.9615384615384616	0.9714285714285714	1.0	1.0	1.0	1.0	1.0	1.0	0.9047619047619048	0.96875	Tumor
dbb3747a-aafe-421c-bb21-84a0b82c6a75	1.0	1.0	0.925925925925926	1.0	1.0	1.0	1.0	1.0	0.5263157894736842	1.0	0.8571428571428571	1.0	1.0	1.0	0.9375	1.0	1.0	0.9375	1.0	0.9696969696969696	0.9696969696969696	1.0	1.0	1.0	1.0	0.9565217391304348	1.0	0.9473684210526316	Tumor
e06580e9-0b4a-48f7-9522-d54229aefb2d	0.9814814814814816	0.9615384615384616	1.0	0.9361702127659576	1.0	1.0	1.0	0.9615384615384616	0.3157894736842105	1.0	0.7241379310344828	0.9428571428571428	1.0	0.96875	1.0	1.0	1.0	1.0	1.0	1.0	1.0	0.9736842105263158	0.9821428571428572	1.0	1.0	0.96	0.9032258064516128	0.9666666666666668	Tumor
e0e050cc-5e2a-41fc-8394-b4816a9dc8a2	1.0	1.0	0.896551724137931	0.85	0.9629629629629628	1.0	0.9850746268656716	0.9777777777777776	0.2692307692307692	1.0	0.9433962264150944	1.0	0.987012987012987	0.9772727272727272	0.98	1.0	0.9411764705882352	1.0	1.0	0.9852941176470588	0.918032786885246	0.9875	0.9672131147540984	0.90625	1.0	0.9555555555555556	1.0	0.975	Tumor
e1edc70f-0307-4283-9efc-77feb465c9df	1.0	1.0	0.9375	0.8220338983050848	0.9607843137254902	0.978494623655914	0.9772727272727272	0.8928571428571429	0.40625	0.9836065573770492	1.0	0.9908256880733946	0.9710144927536232	1.0	0.9803921568627452	0.9908256880733946	0.9655172413793104	1.0	0.9230769230769232	0.986206896551724	0.9915966386554622	1.0	1.0	0.9649122807017544	0.9878048780487804	0.9696969696969696	0.9074074074074074	0.979591836734694	Tumor
e22c6b51-c27e-468f-883c-f71918330eb0	1.0	1.0	0.8620689655172413	0.75	0.9333333333333332	1.0	0.9473684210526316	1.0	0.4117647058823529	0.9	1.0	0.96875	1.0	1.0	1.0	1.0	1.0	1.0	1.0	1.0	1.0	0.9285714285714286	0.95	0.8333333333333334	1.0	1.0	1.0	0.9583333333333334	Tumor
e3142cf7-334f-4f34-a5da-53ffa4e1ba33	1.0	1.0	0.9230769230769232	0.9090909090909092	1.0	0.96875	0.9655172413793104	1.0	0.3793103448275862	1.0	1.0	1.0	0.9583333333333334	1.0	1.0	1.0	0.9696969696969696	0.925925925925926	1.0	1.0	1.0	0.9743589743589745	0.9565217391304348	0.92	0.9285714285714286	0.95	0.9615384615384616	1.0	Tumor
e558015e-969b-4354-9bc9-219a60092734	0.972972972972973	0.9523809523809524	0.9545454545454546	0.9666666666666668	0.9117647058823528	1.0	1.0	0.96	0.48	1.0	0.9523809523809524	1.0	0.9375	0.9411764705882352	1.0	1.0	0.9615384615384616	0.9333333333333332	1.0	1.0	1.0	1.0	0.9565217391304348	1.0	1.0	1.0	0.8888888888888888	0.9565217391304348	Tumor
e590db5d-2577-43ec-9d39-45a257be5562	0.9047619047619048	1.0	0.9090909090909092	0.6451612903225806	0.8333333333333334	0.9230769230769232	1.0	0.9473684210526316	0.2916666666666667	1.0	0.9090909090909092	1.0	1.0	1.0	1.0	1.0	0.967741935483871	1.0	1.0	0.9696969696969696	0.90625	1.0	1.0	1.0	0.9523809523809524	1.0	0.9	0.9666666666666668	Tumor
e619e3c8-f6eb-4b0a-bf17-005ccbe269bb	1.0	0.98989898989899	0.9401709401709402	0.9326923076923076	0.9183673469387756	0.9615384615384616	0.9736842105263158	0.9662921348314608	0.3402061855670103	0.9326923076923076	0.967391304347826	0.9871794871794872	1.0	0.987012987012987	1.0	1.0	1.0	0.9487179487179488	0.96	0.96875	0.8979591836734694	0.9807692307692308	1.0	0.9848484848484848	0.9863013698630136	0.945945945945946	0.9857142857142858	0.953846153846154	Tumor
e6ac5ada-4358-4ca3-b1cf-05d3e0cf0597	0.9130434782608696	0.9333333333333332	1.0	0.84375	0.88	0.972972972972973	1.0	1.0	0.4615384615384615	1.0	0.96	0.967741935483871	0.967741935483871	1.0	1.0	1.0	0.9696969696969696	1.0	0.95	0.985645933014354	0.8636363636363636	1.0	0.8846153846153846	1.0	1.0	1.0	0.8235294117647058	0.85	Tumor
e6e7d36e-b6c6-4e54-95ee-ee20e6f1f80e	0.9827586206896552	1.0	0.975	0.8	0.9545454545454546	0.9444444444444444	0.9523809523809524	0.9622641509433962	0.3174603174603174	1.0	1.0	0.958904109589041	0.9852941176470588	1.0	1.0	1.0	0.9861111111111112	0.96875	0.9545454545454546	0.9058823529411764	0.9166666666666666	1.0	0.967741935483871	1.0	1.0	1.0	0.9591836734693876	0.9836065573770492	Tumor
e7a1cdcf-ec99-44fd-a13b-604cf15b2bd4	1.0	0.9166666666666666	0.987012987012987	0.9375	0.9714285714285714	1.0	1.0	0.9069767441860463	0.4029850746268656	1.0	1.0	0.98	0.9111111111111112	1.0	1.0	1.0	1.0	1.0	1.0	0.9565217391304348	0.9661016949152542	0.9454545454545454	0.971830985915493	1.0	1.0	1.0	1.0	0.8666666666666667	Tumor
e869b178-9abe-44ca-ae6b-a6caae1834fb	0.9833333333333332	1.0	0.9558823529411764	0.8651685393258427	0.902439024390244	0.984126984126984	1.0	0.9629629629629628	0.453125	0.979591836734694	0.9230769230769232	0.9	0.9622641509433962	0.9761904761904762	1.0	1.0	0.9726027397260274	1.0	0.9047619047619048	0.9761904761904762	0.9655172413793104	0.9821428571428572	1.0	0.975	0.9830508474576272	1.0	0.9166666666666666	0.8958333333333334	Tumor
e88a6a51-24b3-4b52-bd5a-f306f1c9e0d9	1.0	1.0	0.8679245283018868	0.9438202247191012	0.9107142857142856	1.0	0.9857142857142858	0.9736842105263158	0.4193548387096774	1.0	0.9629629629629628	0.9230769230769232	0.9625	1.0	1.0	1.0	0.9558823529411764	0.9333333333333332	0.975	0.984375	0.9814814814814816	1.0	0.9577464788732394	0.9821428571428572	1.0	0.972972972972973	1.0	0.9577464788732394	Tumor
e96b0282-8ff5-4390-9466-119534a50628	0.9545454545454546	0.95	1.0	0.7586206896551724	0.9230769230769232	0.9655172413793104	1.0	0.8333333333333334	0.3076923076923077	1.0	1.0	0.9629629629629628	1.0	1.0	1.0	1.0	1.0	0.8823529411764706	1.0	1.0	1.0	0.9411764705882352	1.0	1.0	1.0	0.9473684210526316	0.9473684210526316	1.0	Tumor
e97a2bf2-c5bd-4dbf-9940-450a8a99e9df	1.0	1.0	0.9117647058823528	0.7674418604651163	0.8421052631578947	1.0	1.0	0.8947368421052632	0.4864864864864865	1.0	0.9666666666666668	1.0	0.9428571428571428	1.0	0.8846153846153846	1.0	0.967741935483871	0.9375	0.9545454545454546	1.0	0.9117647058823528	1.0	1.0	0.9	1.0	0.96	1.0	1.0	Tumor
ef2a6bd9-fe3b-4b67-942c-89f3a34813ad	1.0	1.0	1.0	0.9629629629629628	0.96	1.0	1.0	0.9642857142857144	0.5	1.0	0.9411764705882352	0.92	0.9583333333333334	0.9	1.0	1.0	1.0	1.0	1.0	0.9736842105263158	1.0	0.9642857142857144	0.9642857142857144	1.0	1.0	0.95	0.9523809523809524	0.9545454545454546	Tumor
f13d5df0-7293-4453-942f-2b49a3d33057	1.0	1.0	0.9705882352941176	0.8846153846153846	0.9736842105263158	0.9743589743589745	1.0	1.0	0.3333333333333333	1.0	0.9629629629629628	0.95	0.9722222222222222	1.0	1.0	1.0	1.0	0.9	0.9705882352941176	0.8909090909090909	1.0	0.9743589743589745	0.9444444444444444	1.0	1.0	1.0	0.9523809523809524	1.0	Tumor
f201e2e9-dfb0-4a53-bd68-56f4e87604d3	0.967741935483871	0.9285714285714286	0.8857142857142857	0.96	0.9583333333333334	1.0	1.0	0.9473684210526316	0.5333333333333333	0.96	1.0	1.0	1.0	1.0	1.0	1.0	1.0	1.0	1.0	1.0	1.0	0.9772727272727272	0.975609756097561	0.875	1.0	1.0	0.9523809523809524	0.875	Tumor
f2ab4258-222d-4a08-a805-3628048ebf1c	1.0	1.0	0.9833333333333332	0.9215686274509804	0.9666666666666668	0.981132075471698	1.0	1.0	0.4285714285714285	1.0	0.7948717948717948	0.9285714285714286	1.0	1.0	1.0	1.0	0.9583333333333334	0.9666666666666668	0.90625	1.0	0.9767441860465116	1.0	0.9545454545454546	1.0	1.0	0.9743589743589745	1.0	1.0	Tumor
f3f0919f-f9eb-4baf-aeef-c79fbafef237	0.9875	0.9741379310344828	0.9393939393939394	0.9157894736842104	0.9607843137254902	1.0	0.9696969696969696	0.9577464788732394	0.4456521739130434	1.0	1.0	0.956989247311828	0.9876543209876544	0.9333333333333332	1.0	1.0	0.9532710280373832	0.9625	0.9473684210526316	0.9827586206896552	0.9736842105263158	1.0	0.9918032786885246	0.9791666666666666	1.0	0.9863013698630136	1.0	0.9655172413793104	Tumor
f4bbad06-fb0c-4064-8a05-18b30a16207a	0.9838709677419356	0.970873786407767	0.9142857142857144	0.9310344827586208	0.9491525423728814	0.9777777777777776	1.0	0.8333333333333334	0.31	0.9855072463768116	0.9565217391304348	1.0	0.9861111111111112	1.0	1.0	1.0	0.875	1.0	0.9493670886075948	0.9583333333333334	0.9672131147540984	0.927536231884058	0.9855072463768116	0.9814814814814816	0.9876543209876544	1.0	1.0	0.975	Tumor
f4cecad7-2cca-4990-9d88-115b6b201cc5	1.0	1.0	0.9032258064516128	0.6551724137931034	1.0	1.0	1.0	0.9565217391304348	0.28	1.0	1.0	0.967741935483871	0.9615384615384616	0.9565217391304348	1.0	1.0	0.972972972972973	1.0	0.9666666666666668	1.0	1.0	0.967741935483871	1.0	1.0	1.0	0.9615384615384616	1.0	0.9230769230769232	Tumor
f4d60a0f-dc11-4005-8d59-7511ba4de8b1	1.0	0.9714285714285714	0.945945945945946	0.72	1.0	0.9655172413793104	0.9565217391304348	0.9523809523809524	0.2962962962962963	1.0	0.8947368421052632	1.0	0.8947368421052632	1.0	1.0	1.0	0.9393939393939394	1.0	0.9375	1.0	0.9230769230769232	0.9696969696969696	1.0	0.9285714285714286	0.9523809523809524	0.9615384615384616	1.0	0.9523809523809524	Tumor
f518ad50-78d8-4b0f-a6b0-07bad20462ce	1.0	0.9661016949152542	0.9333333333333332	0.9285714285714286	1.0	1.0	0.9866666666666668	0.9130434782608696	0.4038461538461538	0.9782608695652174	1.0	0.9402985074626866	0.9636363636363636	1.0	0.9428571428571428	1.0	0.9642857142857144	1.0	1.0	0.9574468085106383	1.0	0.95	1.0	1.0	1.0	1.0	0.9767441860465116	0.9743589743589745	Tumor
f6c907ac-5dc9-4bdc-b7c6-3bac9f9059d3	1.0	1.0	0.9058823529411764	0.797752808988764	1.0	0.9523809523809524	0.9473684210526316	0.9428571428571428	0.4492753623188406	1.0	0.9423076923076924	1.0	1.0	0.975	1.0	1.0	0.9651162790697676	0.9767441860465116	0.9375	0.9387755102040816	0.945945945945946	0.9830508474576272	1.0	1.0	1.0	1.0	0.875	1.0	Tumor
f9203ebe-d6c3-423b-ad65-28db38612f89	0.9838709677419356	1.0	0.9493670886075948	0.8571428571428571	0.967741935483871	1.0	1.0	0.9682539682539684	0.3382352941176471	1.0	0.9722222222222222	1.0	0.9864864864864864	1.0	1.0	1.0	0.9864864864864864	1.0	0.8863636363636364	1.0	0.9838709677419356	0.9682539682539684	0.96	0.975	1.0	0.9761904761904762	0.9444444444444444	0.9433962264150944	Tumor
fb120cb4-2cee-4848-a60e-6c1fba723dc9	1.0	1.0	0.9210526315789472	0.9347826086956522	1.0	1.0	1.0	0.8695652173913043	0.2678571428571428	1.0	1.0	1.0	0.9736842105263158	1.0	1.0	1.0	1.0	0.96	1.0	0.9666666666666668	0.9230769230769232	0.9736842105263158	0.975	1.0	1.0	0.9642857142857144	1.0	1.0	Tumor
fb3713b9-fad5-4d66-b419-8f53530b14cd	1.0	1.0	1.0	0.96875	1.0	1.0	0.925925925925926	0.88	0.5	1.0	0.9411764705882352	0.9285714285714286	1.0	1.0	1.0	1.0	0.975609756097561	0.9545454545454546	1.0	0.7931034482758621	1.0	1.0	1.0	1.0	1.0	1.0	1.0	1.0	Tumor
fc5b682e-c00d-4840-8c11-f17abe059fa8	1.0	1.0	0.9726027397260274	0.9545454545454546	0.9473684210526316	0.98	1.0	1.0	0.5128205128205128	0.9736842105263158	0.9850746268656716	0.9428571428571428	1.0	1.0	0.972972972972973	0.9545454545454546	1.0	1.0	1.0	0.9545454545454546	0.8695652173913043	0.868421052631579	1.0	1.0	1.0	1.0	0.95	0.95	Tumor
fdadb011-0da3-458f-8b4e-d09e4c847a5b	1.0	1.0	0.7916666666666666	0.9090909090909092	1.0	1.0	1.0	1.0	0.2777777777777778	1.0	0.9655172413793104	1.0	0.9090909090909092	1.0	1.0	1.0	1.0	1.0	0.7777777777777778	1.0	1.0	1.0	1.0	1.0	1.0	1.0	1.0	1.0	Tumor
feb7140e-d822-4462-8dfa-7a63805ac740	1.0	1.0	0.935483870967742	0.9655172413793104	1.0	1.0	0.9230769230769232	0.875	0.5333333333333333	1.0	0.782608695652174	1.0	0.9166666666666666	1.0	1.0	1.0	1.0	0.9444444444444444	1.0	0.9655172413793104	0.9583333333333334	1.0	1.0	1.0	1.0	1.0	1.0	1.0	Tumor
