	42080931:42080933	42448328:42448330	42771549:42771551	42104717:42104719	42085852:42085854	42102296:42102298	42315995:42315997	42084844:42084846	42119970:42119972	42282524:42282526	42116097:42116099	42115314:42115316	42248821:42248823	42142001:42142003	42161538:42161540	42350729:42350731	42352284:42352286	42161541:42161543	42270452:42270454	42082016:42082018	label
00a26384-1b1c-4db4-9664-75fb9b3febdb	0.8809523809523809	1.0	0.9375	0.9302325581395348	0.96875	1.0	0.9791666666666666	1.0	1.0	1.0	1.0	0.9807692307692308	0.9591836734693876	1.0	0.9	0.9423076923076924	0.8636363636363636	0.9032258064516128	1.0	0.96875	Tumor
02423743-43b4-494b-acd9-1cd3bcd3d395	0.9617117117117115	0.979591836734694	0.9497907949790796	0.9522292993630572	0.9402390438247012	0.9853801169590644	0.96875	0.9848484848484848	0.996996996996997	0.9914529914529916	0.9702970297029704	0.9275862068965516	0.95625	0.9742857142857144	0.9833333333333332	0.9447513812154696	0.9553903345724908	0.9918032786885246	0.996742671009772	0.9785522788203752	Tumor
039eaafb-c311-45ff-9df7-30c1b0bab00a	0.9727626459143968	0.9805825242718448	0.9869565217391304	0.972972972972973	0.9585798816568049	1.0	0.9422222222222222	0.970873786407767	1.0	1.0	0.995	0.8705357142857143	0.9913793103448276	0.968503937007874	0.9262672811059908	0.9385113268608414	0.9848484848484848	0.943661971830986	1.0	0.907608695652174	Tumor
04c428b5-d0b9-4ecf-86e8-8a42dc4cbb5e	0.9822485207100592	0.9793103448275862	0.9636363636363636	0.9787234042553192	0.9912280701754386	0.993103448275862	0.9424460431654677	0.9806451612903224	1.0	1.0	0.9797297297297296	0.98159509202454	0.9746835443037974	0.9937106918238994	0.9830508474576272	0.974025974025974	0.9727272727272728	1.0	1.0	0.9602272727272728	Tumor
04de1f79-fdfc-4662-bab2-a3ed667c7dea	0.9927536231884058	0.988095238095238	0.9620253164556962	0.95	0.9882352941176472	1.0	0.8780487804878049	0.9651162790697676	1.0	1.0	1.0	0.925925925925926	0.9466666666666668	1.0	1.0	0.9838709677419356	0.918918918918919	1.0	1.0	0.9651162790697676	Tumor
05ea028e-6b8a-4352-88aa-057494cf5e80	0.926829268292683	1.0	0.98	0.9090909090909092	0.9117647058823528	1.0	0.9523809523809524	0.9516129032258064	0.9772727272727272	0.951219512195122	0.9833333333333332	0.9682539682539684	0.9375	0.9743589743589745	0.9666666666666668	0.9692307692307692	0.9117647058823528	1.0	1.0	0.9318181818181818	Tumor
05f4836a-8db8-4dbc-a996-090887bf8a64	0.979591836734694	0.98	0.9594594594594594	0.9508196721311476	1.0	1.0	0.9833333333333332	0.9387755102040816	0.9857142857142858	1.0	1.0	0.9565217391304348	0.9615384615384616	0.9861111111111112	1.0	0.9012345679012346	0.9464285714285714	1.0	1.0	0.95	Tumor
064d1578-9fb7-439c-9644-d4cb6389ec9d	1.0	1.0	1.0	1.0	1.0	1.0	0.951219512195122	0.9803921568627452	1.0	1.0	1.0	0.8478260869565217	0.9636363636363636	1.0	0.96875	0.9206349206349206	1.0	0.96875	1.0	0.925	Tumor
06ce7b93-1264-4219-8a2f-d8f0d295e45f	0.9428571428571428	0.96	0.9411764705882352	0.9333333333333332	0.8333333333333334	1.0	0.9714285714285714	0.9130434782608696	1.0	1.0	1.0	1.0	1.0	1.0	0.9142857142857144	0.9615384615384616	0.95	0.9142857142857144	1.0	0.8363636363636363	Tumor
078f6959-adcf-44a5-91d2-2581ba3c8e62	0.9855072463768116	1.0	1.0	0.9642857142857144	0.9	1.0	0.9375	1.0	1.0	1.0	1.0	0.9272727272727272	0.9523809523809524	1.0	1.0	0.96875	0.9310344827586208	1.0	1.0	0.9454545454545454	Tumor
083eb05f-0af4-4f73-bf09-3806eb3b71bb	0.935897435897436	0.972972972972973	0.9666666666666668	0.8936170212765957	1.0	1.0	0.975	0.9464285714285714	0.9696969696969696	1.0	1.0	0.9032258064516128	1.0	0.9736842105263158	0.9629629629629628	0.9714285714285714	1.0	1.0	1.0	0.967741935483871	Tumor
0940092b-46da-4975-bde7-f205fe12707b	1.0	0.96875	0.9705882352941176	0.9508196721311476	1.0	1.0	0.9206349206349206	1.0	1.0	1.0	1.0	0.9827586206896552	0.9701492537313432	0.9830508474576272	0.981132075471698	1.0	1.0	0.981132075471698	1.0	0.9682539682539684	Tumor
09cf8de3-bb0f-434d-8cb3-9f5eeb264b6b	0.9447513812154696	0.9808917197452228	0.975	0.9655172413793104	0.9838709677419356	1.0	0.961038961038961	0.9673202614379084	1.0	1.0	0.9928057553956836	0.9079754601226994	0.959731543624161	0.9938650306748468	0.9692307692307692	0.9753694581280788	0.9689922480620154	0.9924242424242424	1.0	0.9828571428571428	Tumor
0e062eef-29b8-4622-afd9-0d3f0d1c37d6	0.9704433497536946	0.9794520547945206	0.9925373134328358	0.9631336405529954	0.9691358024691358	1.0	0.9101796407185628	0.9562841530054644	0.9948453608247424	1.0	0.9885057471264368	0.932367149758454	0.9666666666666668	0.9953051643192488	0.9692307692307692	0.9647058823529412	0.9700598802395208	0.9849624060150376	1.0	0.9615384615384616	Tumor
0f168687-6f42-4d92-8f91-13efde785a0c	0.972972972972973	1.0	1.0	0.9642857142857144	0.8636363636363636	0.9696969696969696	0.9666666666666668	0.925925925925926	1.0	1.0	1.0	0.9230769230769232	0.9428571428571428	0.9487179487179488	0.875	0.9411764705882352	1.0	0.9375	1.0	0.935483870967742	Tumor
0f3b932e-de72-483f-9ef6-74ae972637bd	0.9298245614035088	1.0	1.0	0.925925925925926	0.9682539682539684	1.0	0.9833333333333332	0.9454545454545454	1.0	1.0	1.0	0.9019607843137256	0.9696969696969696	0.9838709677419356	1.0	0.945945945945946	0.9615384615384616	1.0	1.0	0.903846153846154	Tumor
13d6ae6d-1662-4e0a-a10b-a733efc216b2	0.8571428571428571	0.979591836734694	0.9696969696969696	0.96	1.0	1.0	0.90625	0.967741935483871	1.0	1.0	0.9714285714285714	1.0	0.902439024390244	1.0	1.0	1.0	0.9393939393939394	1.0	1.0	0.967741935483871	Tumor
13daffbb-aa53-44f9-a6ed-5fd43ed37471	1.0	1.0	1.0	1.0	0.9666666666666668	1.0	0.88	0.925925925925926	1.0	1.0	1.0	0.9545454545454546	1.0	0.9629629629629628	1.0	1.0	1.0	1.0	1.0	0.9696969696969696	Tumor
13fc37db-3160-4e82-bd63-52fc295e0e19	0.8857142857142857	1.0	1.0	1.0	0.9545454545454546	1.0	1.0	0.9565217391304348	1.0	1.0	1.0	1.0	1.0	1.0	0.9666666666666668	0.9117647058823528	0.9285714285714286	1.0	1.0	1.0	Tumor
144d0f39-feff-4dcd-a07d-abcc400e901f	0.9722222222222222	1.0	0.891566265060241	0.9508196721311476	0.9906542056074766	1.0	0.9375	0.9823008849557522	0.9940476190476192	1.0	0.9758064516129032	0.933774834437086	0.9927007299270072	0.9833333333333332	0.9577464788732394	0.9804878048780488	0.9096774193548388	0.9927536231884058	0.9716312056737588	0.9727272727272728	Tumor
1729f18b-f4d7-4e1c-af9f-2c651023e7fc	1.0	1.0	1.0	0.9166666666666666	0.95	0.98989898989899	1.0	1.0	1.0	1.0	1.0	1.0	1.0	1.0	1.0	0.972972972972973	0.9821428571428572	1.0	1.0	1.0	Tumor
187f14ba-0002-4f99-9eb1-af93cbfdd4c2	0.9389312977099236	0.9809523809523808	1.0	0.9629629629629628	0.9647058823529412	1.0	0.9765625	0.945054945054945	1.0	0.98	0.9903846153846154	0.9444444444444444	0.951219512195122	1.0	0.9647058823529412	0.962406015037594	0.971153846153846	0.9770114942528736	1.0	0.9647058823529412	Tumor
18cbd510-bce2-4370-a00f-939d562ba7de	0.9882352941176472	0.96875	0.935483870967742	0.9555555555555556	0.9583333333333334	1.0	0.94	0.9516129032258064	0.9838709677419356	1.0	0.9767441860465116	0.9361702127659576	1.0	0.9696969696969696	0.9090909090909092	0.9107142857142856	0.94	1.0	1.0	0.9253731343283582	Tumor
18e5bf73-efdd-4c75-957c-68a94f6cb396	0.951219512195122	1.0	0.8666666666666667	0.9	0.9565217391304348	1.0	1.0	0.9	1.0	1.0	0.918918918918919	1.0	0.935483870967742	1.0	0.8181818181818182	1.0	0.8823529411764706	0.8571428571428571	1.0	0.9444444444444444	Tumor
1924888b-3b46-4079-a403-d758975a37bd	0.926829268292683	1.0	1.0	1.0	1.0	1.0	1.0	0.9736842105263158	1.0	1.0	0.972972972972973	0.8285714285714286	1.0	0.9761904761904762	1.0	0.9423076923076924	0.9210526315789472	1.0	1.0	1.0	Tumor
1dd6852b-2456-4576-9b22-f7604277c955	0.8823529411764706	1.0	0.9583333333333334	1.0	0.9130434782608696	1.0	0.9444444444444444	0.9230769230769232	1.0	1.0	1.0	0.8947368421052632	0.9666666666666668	0.96	0.9333333333333332	0.9375	1.0	0.9333333333333332	1.0	0.9333333333333332	Tumor
204cf188-2162-43ac-bad4-8304622f3090	0.9310344827586208	0.9826839826839828	0.973404255319149	0.971153846153846	0.9479768786127168	0.986425339366516	0.9476190476190476	0.9627906976744186	1.0	0.9933774834437086	0.9620253164556962	0.9174757281553398	0.9411764705882352	0.9956140350877192	0.9681528662420382	0.9753521126760564	0.9800995024875622	0.9748427672955976	1.0	0.976470588235294	Tumor
2244c5e8-a873-4e29-abb7-e869a7d79e3f	0.9682539682539684	0.9830508474576272	0.981981981981982	0.9661016949152542	0.990909090909091	0.9913793103448276	0.9772727272727272	0.9700598802395208	1.0	1.0	0.9770992366412212	0.9262295081967212	0.972972972972973	0.9646017699115044	0.9705882352941176	0.967948717948718	0.976	0.9705882352941176	1.0	0.943089430894309	Tumor
22c2b380-799e-4fad-ae38-46a916c592d5	0.9230769230769232	1.0	0.9583333333333334	0.9583333333333334	1.0	1.0	0.9636363636363636	0.9555555555555556	1.0	0.9761904761904762	0.9743589743589745	0.8918918918918919	0.9148936170212766	1.0	1.0	0.912280701754386	0.9183673469387756	1.0	1.0	1.0	Tumor
2ae456c7-57fa-4146-9b29-2d4129f0cf7c	1.0	0.9142857142857144	0.88	1.0	1.0	0.9642857142857144	0.9523809523809524	1.0	1.0	1.0	1.0	0.90625	1.0	1.0	1.0	0.9777777777777776	0.92	1.0	1.0	1.0	Tumor
2ed88c3e-bf61-4e2f-b06c-0b93c9f9402e	0.963302752293578	0.9767441860465116	0.8604651162790697	0.913793103448276	0.9655172413793104	1.0	0.9761904761904762	0.9382716049382716	1.0	1.0	1.0	0.8955223880597015	0.9565217391304348	1.0	0.9402985074626866	0.9473684210526316	0.9666666666666668	0.9696969696969696	1.0	0.9058823529411764	Tumor
308e15c9-16b0-4f24-b9dc-e9dc91038579	0.9565217391304348	1.0	0.9375	0.9534883720930232	1.0	1.0	0.8846153846153846	0.9767441860465116	1.0	1.0	1.0	0.9666666666666668	1.0	1.0	1.0	1.0	0.9	1.0	1.0	0.9655172413793104	Tumor
3099b2a6-0d46-4404-88b0-a3689b019c38	0.9386792452830188	0.9679144385026738	0.986842105263158	0.9748427672955976	0.9875776397515528	0.9942528735632185	0.9395348837209302	0.9743589743589745	0.995260663507109	1.0	0.989071038251366	0.9202127659574468	0.9739583333333334	0.985981308411215	0.9452054794520548	0.965034965034965	0.9798994974874372	0.9859154929577464	1.0	0.9732620320855616	Tumor
315f3deb-74b5-4b71-afe5-759c85a0a6cc	0.9292929292929292	1.0	1.0	0.9761904761904762	0.8723404255319149	1.0	1.0	0.9183673469387756	1.0	1.0	1.0	0.9047619047619048	0.967741935483871	1.0	0.9565217391304348	1.0	1.0	0.9565217391304348	1.0	1.0	Tumor
316d8a79-9084-4355-9de7-e29503bf0864	1.0	1.0	0.9473684210526316	1.0	1.0	1.0	1.0	1.0	1.0	1.0	1.0	0.8260869565217391	0.96	1.0	0.9333333333333332	1.0	0.9565217391304348	0.9333333333333332	1.0	1.0	Tumor
31bdedf8-eb1c-48ae-8d96-e06c2b3f27d2	0.9805825242718448	0.9914529914529916	0.9329758713136728	0.9260355029585798	0.9638009049773756	0.9937694704049844	0.9611111111111112	0.9666666666666668	0.994459833795014	1.0	0.9608938547486032	0.9073170731707316	0.974293059125964	0.9746835443037974	0.9489795918367347	0.9731543624161074	0.9419795221843004	0.9628378378378378	1.0	0.954225352112676	Tumor
3621ce2e-a1eb-4a45-ac06-779a780b0b99	0.9375	0.9848484848484848	0.95	0.953125	0.9508196721311476	1.0	0.9605263157894736	0.95	1.0	1.0	1.0	0.8313253012048193	1.0	1.0	0.9787234042553192	0.9278350515463918	0.961038961038961	1.0	1.0	0.9452054794520548	Tumor
36bbebb5-ba1e-4ac6-83b2-67ccd05e4939	1.0	1.0	0.8974358974358975	0.9818181818181818	0.90625	0.918918918918919	0.926829268292683	0.9814814814814816	1.0	1.0	1.0	0.8571428571428571	0.9375	1.0	0.967741935483871	0.9661016949152542	0.95	1.0	1.0	0.9736842105263158	Tumor
36e48370-2ecb-4d2c-91ab-7f7426647213	0.9066666666666666	1.0	0.9767441860465116	0.9423076923076924	0.9814814814814816	1.0	0.9361702127659576	0.9508196721311476	1.0	1.0	1.0	0.8974358974358975	0.951219512195122	0.979591836734694	0.9428571428571428	0.975	0.9473684210526316	0.9428571428571428	1.0	0.922077922077922	Tumor
37d359b3-d8f5-44cf-8f30-57dfdbbab8c1	1.0	1.0	0.9615384615384616	0.9736842105263158	1.0	1.0	0.9333333333333332	0.935483870967742	1.0	1.0	1.0	0.896551724137931	0.9230769230769232	1.0	1.0	1.0	1.0	1.0	1.0	0.8518518518518519	Tumor
3823e741-c29c-431e-9397-4d16a30ec473	0.9850746268656716	1.0	1.0	0.9375	0.9574468085106383	1.0	0.918918918918919	0.95	1.0	1.0	1.0	0.9767441860465116	0.9696969696969696	1.0	1.0	0.9583333333333334	0.9444444444444444	1.0	1.0	0.9361702127659576	Tumor
39a75bde-24a0-4d26-8377-df045423f786	0.9473684210526316	0.953125	0.975609756097561	0.9565217391304348	0.9824561403508772	0.9782608695652174	0.96875	0.9583333333333334	1.0	1.0	1.0	0.975	0.9178082191780822	0.9743589743589745	0.9555555555555556	0.9130434782608696	0.9861111111111112	0.9777777777777776	1.0	0.8771929824561403	Tumor
3c3c4741-8eda-46fe-8d36-2cd683f4a987	1.0	1.0	0.9696969696969696	0.9722222222222222	1.0	0.9791666666666666	0.9722222222222222	0.9183673469387756	0.9705882352941176	1.0	1.0	0.8974358974358975	0.918918918918919	1.0	0.9666666666666668	0.9387755102040816	1.0	1.0	1.0	0.9344262295081968	Tumor
3d2bf709-b8ab-41c5-a8a0-dd42e7846c25	0.9647058823529412	0.9803921568627452	1.0	0.9454545454545454	0.9444444444444444	0.9824561403508772	1.0	0.9264705882352942	1.0	1.0	1.0	0.9402985074626866	0.9791666666666666	1.0	0.9433962264150944	0.9240506329113924	0.9574468085106383	0.9807692307692308	1.0	1.0	Tumor
3d31d7a9-76b8-41f4-a037-0dfe6a4ecb0c	0.989010989010989	0.988095238095238	0.9629629629629628	0.9195402298850576	1.0	1.0	0.9896907216494846	0.918032786885246	1.0	1.0	1.0	0.8648648648648649	0.9333333333333332	1.0	0.987012987012987	0.9805825242718448	1.0	0.9871794871794872	1.0	0.9365079365079364	Tumor
3f3b6a7b-94f0-40a3-9f16-32bab2854678	0.9278350515463918	1.0	1.0	1.0	0.9454545454545454	0.9850746268656716	0.961038961038961	0.9701492537313432	1.0	1.0	0.9863013698630136	0.943661971830986	0.948051948051948	0.971830985915493	0.9642857142857144	0.9545454545454546	0.9861111111111112	1.0	1.0	0.9090909090909092	Tumor
4066800d-0b9e-4263-ba24-cab271630e41	0.9850746268656716	0.987012987012987	0.9803921568627452	0.9672131147540984	0.9583333333333334	0.9696969696969696	0.8928571428571429	0.9591836734693876	1.0	1.0	0.967741935483871	0.9722222222222222	0.9696969696969696	0.9864864864864864	0.9615384615384616	0.936842105263158	0.9649122807017544	0.9615384615384616	1.0	0.9230769230769232	Tumor
40a4fc74-f345-4940-be5c-249013782e4f	0.9827586206896552	0.9818181818181818	0.96875	0.9850746268656716	1.0	1.0	0.9324324324324323	1.0	1.0	0.981132075471698	1.0	0.9775280898876404	0.9574468085106383	0.9864864864864864	0.975609756097561	0.9736842105263158	0.9607843137254902	0.975609756097561	1.0	0.9295774647887324	Tumor
420197bd-db07-4df9-8f72-3d7d509ae1d0	0.9743589743589745	1.0	1.0	1.0	0.9722222222222222	1.0	0.8148148148148148	0.9736842105263158	1.0	1.0	1.0	0.9787234042553192	0.9375	1.0	0.9736842105263158	0.935897435897436	0.9772727272727272	1.0	1.0	0.8918918918918919	Tumor
42b32308-71f1-4f21-935f-7e4e5751e332	0.9782608695652174	1.0	0.9318181818181818	0.9722222222222222	0.9090909090909092	1.0	0.9696969696969696	0.8529411764705882	0.9777777777777776	1.0	1.0	0.9761904761904762	1.0	0.9767441860465116	1.0	0.9777777777777776	0.9444444444444444	1.0	0.9777777777777776	0.972972972972973	Tumor
43d15c49-f348-48a8-b00f-7f6a7b605a04	0.9814814814814816	1.0	0.967741935483871	0.9636363636363636	0.96	1.0	0.9714285714285714	1.0	1.0	1.0	1.0	0.9761904761904762	0.9285714285714286	1.0	0.92	1.0	1.0	0.96	1.0	0.9130434782608696	Tumor
45f837c9-6b9e-4eed-ba56-9715b4a0356d	0.968503937007874	0.9519230769230768	0.8865979381443299	0.9506172839506172	1.0	0.9887640449438202	0.9252336448598132	0.9724770642201837	0.9894736842105264	1.0	1.0	0.898876404494382	0.9285714285714286	1.0	0.9393939393939394	0.9473684210526316	0.9746835443037974	0.9696969696969696	1.0	0.9831932773109244	Tumor
466a4121-0583-47ee-9d54-1f1c2d47e381	0.9130434782608696	0.9473684210526316	0.9411764705882352	0.9230769230769232	0.9615384615384616	1.0	1.0	1.0	1.0	1.0	1.0	1.0	0.92	0.9444444444444444	1.0	1.0	0.925925925925926	1.0	1.0	1.0	Tumor
467bd108-f391-4dd1-92de-43879822400d	0.9473684210526316	1.0	1.0	1.0	1.0	1.0	1.0	0.953846153846154	1.0	1.0	1.0	0.875	0.8823529411764706	0.9818181818181818	0.9411764705882352	0.9714285714285714	0.8888888888888888	0.9411764705882352	1.0	1.0	Tumor
4796719b-2fa2-40ee-9fa9-6a8caa703823	0.9836065573770492	0.9914893617021276	0.9853658536585366	1.0	0.8888888888888888	1.0	0.950413223140496	0.9148936170212766	1.0	0.7894736842105263	0.9855072463768116	0.9696969696969696	0.981132075471698	1.0	0.975	0.960960960960961	0.9645669291338582	0.975	1.0	0.9696969696969696	Tumor
48077485-61e6-4d16-a74c-ee216a9455f1	0.9272727272727272	1.0	1.0	0.9807692307692308	0.9807692307692308	0.9838709677419356	0.984375	0.9482758620689656	0.9855072463768116	1.0	1.0	0.945945945945946	0.967741935483871	1.0	0.9830508474576272	0.935064935064935	0.9454545454545454	1.0	1.0	0.9696969696969696	Tumor
4a88d54f-c88c-4ffd-84c9-069b53f2cb28	0.9587628865979382	1.0	0.935897435897436	0.9672131147540984	0.9824561403508772	0.9661016949152542	0.9444444444444444	0.9125	1.0	0.9824561403508772	1.0	0.9210526315789472	0.9672131147540984	1.0	1.0	0.9620253164556962	0.9629629629629628	1.0	1.0	0.9367088607594936	Tumor
4abd29b3-0a83-41d3-a741-bcc5b6d2f98a	0.975	1.0	0.8666666666666667	0.9090909090909092	1.0	0.9583333333333334	0.9090909090909092	0.975609756097561	1.0	1.0	0.9523809523809524	0.9615384615384616	0.96875	1.0	0.9090909090909092	0.9574468085106383	1.0	0.9523809523809524	1.0	0.9375	Tumor
4c6f18b9-eb4c-4b7f-90ee-0c3194407be7	0.9818181818181818	0.96875	0.9642857142857144	0.96875	0.9714285714285714	1.0	0.9629629629629628	0.9545454545454546	1.0	1.0	1.0	0.935483870967742	0.92	1.0	0.90625	0.9714285714285714	1.0	0.90625	1.0	0.9636363636363636	Tumor
4da20b00-8ed6-41ed-88d9-9969d15761c7	0.979591836734694	0.9803921568627452	0.925925925925926	1.0	1.0	0.9777777777777776	0.9672131147540984	0.9821428571428572	1.0	1.0	1.0	0.9838709677419356	0.9454545454545454	1.0	0.9574468085106383	0.9722222222222222	0.9464285714285714	1.0	1.0	1.0	Tumor
4e3fbf45-1a73-437b-8d85-29aa0c8ac6b0	0.97	0.99375	0.9658119658119658	0.9517241379310344	0.9507042253521126	0.9851851851851852	0.9448275862068966	0.9743589743589745	0.9834710743801652	1.0	0.9861111111111112	0.9452054794520548	0.9849624060150376	0.9574468085106383	0.956896551724138	0.9209039548022598	0.9438202247191012	0.9743589743589745	1.0	0.9746835443037974	Tumor
4e75f67b-99df-4ad5-a2ca-1877a3d45655	1.0	0.9736842105263158	1.0	1.0	0.9411764705882352	1.0	0.9655172413793104	1.0	1.0	0.96	1.0	1.0	0.951219512195122	1.0	0.9473684210526316	0.8478260869565217	1.0	1.0	1.0	0.9285714285714286	Tumor
4eee2055-ed1f-4958-b214-4cff055c87bd	0.9611111111111112	0.9818181818181818	0.95	0.9634146341463414	0.9895833333333334	0.993103448275862	0.8795180722891566	0.956896551724138	1.0	1.0	0.9897959183673468	0.9183673469387756	0.9927007299270072	0.98989898989899	0.9818181818181818	0.9274193548387096	0.9625	0.9908256880733946	1.0	0.9936708860759492	Tumor
4f3fa7c5-fe72-4b99-8a4f-9f487efc1ef1	0.9736842105263158	0.9761904761904762	0.9393939393939394	0.9574468085106383	1.0	0.9705882352941176	0.9761904761904762	0.9705882352941176	1.0	1.0	1.0	0.9285714285714286	0.9444444444444444	0.9714285714285714	1.0	0.9692307692307692	0.975	1.0	1.0	1.0	Tumor
511ced4c-a861-4f26-9e29-afcf8d603fab	0.9519230769230768	0.9607843137254902	0.9824561403508772	0.94	0.9557522123893806	0.9902912621359224	0.970873786407767	0.9381443298969072	1.0	0.9903846153846154	0.9739130434782608	0.912621359223301	0.9803921568627452	1.0	0.9659090909090908	0.9793103448275862	0.988095238095238	0.9885057471264368	1.0	0.9495798319327732	Tumor
52064107-3c37-45b1-aa6b-a14a98352f9d	1.0	0.9814814814814816	0.951219512195122	0.951219512195122	1.0	0.9722222222222222	0.9761904761904762	0.9183673469387756	1.0	1.0	1.0	0.8813559322033898	0.9032258064516128	0.9767441860465116	1.0	0.9230769230769232	0.9333333333333332	1.0	1.0	0.9636363636363636	Tumor
52ff2501-c6d1-4469-a2b7-c458d98cfc8e	1.0	1.0	1.0	1.0	1.0	1.0	0.9318181818181818	0.9516129032258064	1.0	1.0	0.9696969696969696	0.9333333333333332	0.8947368421052632	1.0	0.9761904761904762	0.88	1.0	0.9761904761904762	1.0	1.0	Tumor
54aca121-5b70-4833-84ac-c7506a57bd02	0.9710144927536232	0.8888888888888888	0.9545454545454546	0.9565217391304348	0.9649122807017544	0.9722222222222222	0.9384615384615383	0.9298245614035088	1.0	1.0	1.0	1.0	0.9761904761904762	0.9333333333333332	0.9411764705882352	0.9264705882352942	1.0	1.0	1.0	0.88	Tumor
553e13f9-e00e-4b05-b934-c3837ad4d02d	0.9585798816568049	0.9822485207100592	0.9924812030075189	0.971830985915493	0.9787234042553192	0.9784172661870504	0.9847328244274808	0.9895833333333334	0.991150442477876	0.9905660377358492	0.9767441860465116	0.929936305732484	0.9789473684210528	0.9926470588235294	0.95	0.949438202247191	0.967479674796748	0.9523809523809524	1.0	0.964102564102564	Tumor
56cb5294-9156-4930-a3ab-c2607a79b65e	0.95	1.0	1.0	0.9333333333333332	0.96	1.0	0.9166666666666666	1.0	1.0	1.0	1.0	1.0	0.8846153846153846	1.0	0.9666666666666668	1.0	0.9444444444444444	1.0	0.9583333333333334	0.9310344827586208	Tumor
59c3ac05-7a99-4817-ae14-1584f2b7bf36	0.9427083333333334	1.0	0.8333333333333334	0.7619047619047619	0.9473684210526316	0.9726027397260274	0.9166666666666666	0.9888888888888888	1.0	1.0	1.0	0.9090909090909092	1.0	1.0	1.0	0.8064516129032258	0.8620689655172413	1.0	1.0	0.9401709401709402	Tumor
59fe0f14-0415-43b7-87c7-1098e4b434ea	0.96	1.0	1.0	1.0	1.0	1.0	1.0	0.9615384615384616	1.0	0.9444444444444444	1.0	0.9411764705882352	0.9642857142857144	0.9583333333333334	0.9411764705882352	0.98	0.9642857142857144	0.9411764705882352	1.0	0.9130434782608696	Tumor
5a3d1b74-f904-44ef-94a0-b38291e30be6	0.9787234042553192	1.0	0.945945945945946	0.9666666666666668	1.0	1.0	1.0	1.0	1.0	1.0	1.0	1.0	1.0	1.0	1.0	1.0	1.0	1.0	1.0	0.8648648648648649	Tumor
5b51c204-3342-46d9-86a4-2ed091492318	0.9438202247191012	0.9830508474576272	0.9791666666666666	0.943661971830986	0.9482758620689656	1.0	0.9655172413793104	0.891566265060241	1.0	1.0	0.9607843137254902	0.913793103448276	0.9634146341463414	0.9882352941176472	1.0	0.9726027397260274	0.9821428571428572	1.0	1.0	0.8888888888888888	Tumor
5c66dcbd-024b-4a7b-b3aa-bbbaaf91ae78	1.0	0.9894736842105264	0.9871794871794872	0.9333333333333332	0.984126984126984	0.9905660377358492	0.9761904761904762	0.9772727272727272	0.9887640449438202	1.0	1.0	0.922077922077922	0.9375	0.9805825242718448	0.96	0.9813084112149532	0.9367088607594936	0.972972972972973	1.0	0.9324324324324323	Tumor
5ef81653-adf0-4286-9f43-218490539508	0.9142857142857144	1.0	0.9583333333333334	1.0	0.9629629629629628	1.0	0.9555555555555556	0.9047619047619048	1.0	1.0	1.0	0.8918918918918919	0.8780487804878049	1.0	0.896551724137931	0.9818181818181818	1.0	0.896551724137931	1.0	0.9411764705882352	Tumor
61a614bb-2249-4611-8aac-1a8e53d4467b	1.0	1.0	0.8823529411764706	0.9411764705882352	1.0	0.8947368421052632	0.9565217391304348	1.0	1.0	1.0	1.0	0.8571428571428571	1.0	1.0	1.0	0.8695652173913043	1.0	1.0	1.0	1.0	Tumor
61ad862c-0bd2-4fcd-a9e1-f42e8099bd81	1.0	1.0	1.0	1.0	1.0	0.96875	1.0	0.9523809523809524	1.0	1.0	1.0	1.0	0.9411764705882352	1.0	0.9473684210526316	0.9166666666666666	1.0	0.9473684210526316	1.0	0.8461538461538461	Tumor
62aa3903-4f3b-4693-b5e5-fc5abce184de	0.976470588235294	0.9576271186440678	0.9897959183673468	0.9625	1.0	0.9861111111111112	0.9484536082474226	0.9787234042553192	1.0	1.0	0.9864864864864864	0.9873417721518988	1.0	1.0	0.986842105263158	0.9509803921568628	0.978021978021978	0.987012987012987	1.0	0.956989247311828	Tumor
6365a756-2e65-42cb-be4f-1f726915ca94	0.9716981132075472	0.9861111111111112	0.9722222222222222	0.9166666666666666	0.9859154929577464	1.0	0.9863013698630136	0.9891304347826086	1.0	1.0	0.984126984126984	0.9508196721311476	0.9814814814814816	0.9888888888888888	0.953125	0.9818181818181818	0.9166666666666666	0.953125	1.0	0.9722222222222222	Tumor
650319bc-20e1-4451-bcb5-a35c360060ef	0.9444444444444444	0.9712351945854484	0.9627329192546584	1.0	1.0	0.9444444444444444	1.0	1.0	1.0	1.0	1.0	0.9444444444444444	1.0	1.0	0.9285714285714286	0.9166666666666666	1.0	1.0	1.0	1.0	Tumor
6542e1dd-afee-40e9-a16e-aa9a448963b3	1.0	1.0	1.0	0.8888888888888888	0.9615384615384616	1.0	0.9473684210526316	0.9565217391304348	1.0	1.0	0.95	1.0	1.0	1.0	1.0	0.9655172413793104	1.0	1.0	1.0	0.9285714285714286	Tumor
66116a4d-210d-45f8-8dba-3f8c79566ecc	0.945945945945946	0.9672131147540984	0.9642857142857144	0.9634146341463414	1.0	0.9759036144578314	0.984375	0.9829059829059827	1.0	1.0	0.984375	0.935897435897436	0.9438202247191012	0.9827586206896552	0.9655172413793104	0.8941176470588236	0.9824561403508772	1.0	1.0	0.9611650485436892	Tumor
666548b5-7b80-42af-80f3-207063c35b3b	0.9714285714285714	0.9646464646464646	0.967741935483871	0.9807692307692308	0.9772727272727272	0.9653679653679652	0.935251798561151	0.9624413145539906	1.0	0.993421052631579	0.9361702127659576	0.9230769230769232	0.965174129353234	0.9616724738675958	0.9506172839506172	0.924187725631769	0.9611650485436892	0.9580838323353292	1.0	0.9761904761904762	Tumor
671bc03b-e3a8-45f6-88e4-ce138c716886	0.937984496124031	1.0	1.0	0.9230769230769232	0.9411764705882352	1.0	0.8970588235294118	0.9420289855072465	1.0	1.0	1.0	0.8867924528301887	0.9523809523809524	0.9746835443037974	1.0	0.9642857142857144	0.9855072463768116	1.0	1.0	1.0	Tumor
674907a1-381a-4952-924a-52e2adf5ad19	0.9761904761904762	1.0	1.0	1.0	0.9230769230769232	1.0	1.0	0.9298245614035088	1.0	1.0	1.0	0.9090909090909092	1.0	0.9375	0.9615384615384616	1.0	0.9722222222222222	1.0	1.0	0.979591836734694	Tumor
676cce88-9f6e-4490-8e73-c0e88bd00075	0.9454545454545454	0.9814814814814816	0.9649122807017544	1.0	1.0	0.9583333333333334	0.9743589743589745	0.9803921568627452	1.0	1.0	0.9827586206896552	0.9242424242424242	0.984375	1.0	0.96	0.98989898989899	0.9423076923076924	0.9615384615384616	1.0	0.90625	Tumor
691c297b-b48d-4e65-84d4-cb4fcdf03fc0	1.0	1.0	1.0	1.0	0.8666666666666667	1.0	1.0	0.85	1.0	1.0	0.96	0.96	1.0	1.0	1.0	0.96	0.95	1.0	1.0	0.9	Tumor
692ea666-b4ac-4e92-b712-96a67edaef56	0.9545454545454546	0.96	0.9767441860465116	0.9714285714285714	0.9537037037037036	0.9924812030075189	0.925	0.9393939393939394	1.0	1.0	0.975206611570248	0.908450704225352	0.9291338582677166	0.96875	0.96875	0.96875	0.9666666666666668	1.0	1.0	0.958904109589041	Tumor
697cb422-6fda-499a-b808-9ca2357b9b51	0.96	0.9722222222222222	1.0	1.0	1.0	1.0	0.9672131147540984	0.9090909090909092	1.0	0.9787234042553192	0.967741935483871	0.9850746268656716	0.9607843137254902	0.9726027397260274	0.9230769230769232	0.9662921348314608	0.9833333333333332	0.961038961038961	1.0	0.9452054794520548	Tumor
698e64da-61aa-4d7b-9f33-21d627cb4721	0.9642857142857144	0.9444444444444444	0.9333333333333332	1.0	1.0	1.0	0.9523809523809524	1.0	1.0	1.0	0.9629629629629628	0.88	1.0	1.0	1.0	0.9722222222222222	0.9333333333333332	1.0	1.0	1.0	Tumor
6ddab78f-8bf5-43ef-847b-f68c15475d46	1.0	1.0	1.0	0.9285714285714286	0.9375	1.0	0.8181818181818182	1.0	1.0	1.0	1.0	0.9285714285714286	1.0	0.9473684210526316	0.9583333333333334	0.918032786885246	1.0	1.0	1.0	0.9142857142857144	Tumor
6e24acde-7dd0-46b9-b3c5-b0b617912910	0.958904109589041	0.9655172413793104	0.9642857142857144	0.9333333333333332	0.9583333333333334	1.0	0.8888888888888888	1.0	0.9743589743589745	1.0	1.0	0.8888888888888888	0.935483870967742	0.9696969696969696	1.0	0.9838709677419356	0.9285714285714286	1.0	1.0	1.0	Tumor
6e8eeaae-cc26-4db8-85f6-5c975b06bf45	0.9528795811518324	0.9813664596273292	0.9777777777777776	0.9130434782608696	0.9875776397515528	0.9939024390243902	0.9698492462311558	0.9378531073446328	1.0	0.994011976047904	0.9939024390243902	0.9540816326530612	0.9675675675675676	0.979591836734694	0.9716981132075472	0.963963963963964	0.9415584415584416	0.981651376146789	0.994413407821229	0.9395973154362416	Tumor
6f73500d-4b23-4f14-911b-fbc69bd38f4b	0.9652173913043478	0.989247311827957	1.0	0.8877551020408163	0.92	0.9393939393939394	0.9701492537313432	0.9823008849557522	1.0	0.9655172413793104	1.0	0.9245283018867924	0.9159663865546218	1.0	0.9047619047619048	0.9363636363636364	0.9873417721518988	0.975	1.0	0.9662921348314608	Tumor
6fb7c578-dec9-4fe8-a9bf-3888bb765658	0.9431818181818182	0.9875	0.9285714285714286	0.9578947368421052	0.961038961038961	1.0	0.9652173913043478	0.9655172413793104	1.0	1.0	0.970873786407767	0.8512396694214877	1.0	0.9777777777777776	0.9855072463768116	0.9465648854961832	0.9693877551020408	1.0	1.0	0.9380530973451328	Tumor
70532e65-df18-4e1d-beaf-08fbf349bec0	0.8846153846153846	0.9393939393939394	0.9523809523809524	0.9565217391304348	1.0	1.0	0.92	0.9333333333333332	1.0	1.0	1.0	0.8709677419354839	1.0	1.0	1.0	0.9642857142857144	0.96875	1.0	1.0	0.9230769230769232	Tumor
7135f14b-e84f-4ebf-8d95-b2a3c843fd4d	0.9688888888888888	0.9799196787148594	0.9653679653679652	0.9702127659574468	0.9846153846153848	0.9815668202764976	0.9163763066202092	0.9846153846153848	1.0	1.0	0.9890510948905108	0.9520295202952028	0.9672131147540984	0.9884169884169884	0.9720670391061452	0.9508196721311476	0.9352226720647774	0.9831460674157304	1.0	0.9806949806949808	Tumor
713df9b5-ea25-464c-b13e-fe8b61fe363d	0.9017857142857144	0.9629629629629628	0.9558823529411764	0.9710144927536232	0.9230769230769232	1.0	0.9655172413793104	0.9375	1.0	1.0	1.0	0.8823529411764706	0.9655172413793104	0.9696969696969696	0.9803921568627452	0.987012987012987	0.9183673469387756	0.981132075471698	1.0	0.9285714285714286	Tumor
71c9a6fc-0538-4533-af51-f7c9defe7770	1.0	1.0	1.0	0.9285714285714286	1.0	0.9583333333333334	0.8888888888888888	0.8823529411764706	1.0	1.0	1.0	0.875	1.0	1.0	0.9333333333333332	0.9565217391304348	1.0	1.0	1.0	0.945945945945946	Tumor
723ed50c-2c78-4a3a-9f6e-9f9e8e264f6b	0.9568345323741008	0.9906542056074766	0.8870967741935484	0.9576271186440678	0.9821428571428572	1.0	0.9456521739130436	0.95	0.991869918699187	1.0	0.963963963963964	0.9322033898305084	0.9609375	0.991304347826087	0.9888888888888888	0.9590163934426228	0.9514563106796116	0.9888888888888888	1.0	0.9652173913043478	Tumor
7289e7d5-65af-4d53-a4de-2691991d90d6	0.9747474747474748	0.968	0.9666666666666668	0.9577464788732394	0.9714285714285714	1.0	0.924	0.9689922480620154	1.0	1.0	0.993103448275862	0.915032679738562	0.953781512605042	0.9925373134328358	0.9659090909090908	0.9558823529411764	0.9901960784313726	0.9886363636363636	1.0	0.9659090909090908	Tumor
74179e5e-2d3c-417e-8844-6740ea9fb2e5	0.9629629629629628	0.984126984126984	0.9529411764705882	0.9290780141843972	0.9548872180451128	0.9672131147540984	0.945054945054945	0.9452054794520548	0.9930555555555556	0.993939393939394	0.9927007299270072	0.9416058394160584	0.9428571428571428	0.9807692307692308	0.9396551724137931	0.946341463414634	0.9779411764705882	0.956896551724138	1.0	0.9779005524861878	Tumor
752ec80f-0c1d-4c66-9927-a32f2f9dfb2a	1.0	0.9629629629629628	0.9464285714285714	0.9565217391304348	1.0	1.0	0.9629629629629628	0.9054054054054054	1.0	1.0	0.9863013698630136	0.984126984126984	1.0	0.9661016949152542	0.926829268292683	0.9838709677419356	0.9347826086956522	0.9743589743589745	1.0	0.9642857142857144	Tumor
75668632-f0c7-495b-ba34-cd4b00aa9450	0.92	0.9787234042553192	1.0	0.971830985915493	0.9767441860465116	0.9782608695652174	0.9655172413793104	0.9240506329113924	1.0	1.0	0.9622641509433962	0.8947368421052632	0.96875	0.9076923076923076	1.0	0.9838709677419356	0.9555555555555556	1.0	1.0	0.9571428571428572	Tumor
75e67bb5-098c-4b48-8f5d-badc72dc4c47	0.9864864864864864	0.9863013698630136	0.9484536082474226	0.9716981132075472	0.9873417721518988	0.9908256880733946	0.9629629629629628	0.9166666666666666	0.9693877551020408	1.0	0.970873786407767	0.956989247311828	0.9545454545454546	0.984126984126984	1.0	0.967741935483871	0.9743589743589745	1.0	1.0	0.8956521739130435	Tumor
7647345c-1654-490f-9a18-b43005225bce	0.9821428571428572	0.9375	0.88	0.967741935483871	1.0	0.9523809523809524	0.8888888888888888	0.9767441860465116	1.0	0.9285714285714286	1.0	0.875	0.8947368421052632	0.9523809523809524	0.9090909090909092	1.0	0.9473684210526316	0.9166666666666666	1.0	0.975609756097561	Tumor
774f5688-bad0-4a78-b26a-7aceb353e603	0.981012658227848	0.9642857142857144	0.9537037037037036	0.927927927927928	0.9659090909090908	1.0	0.9887640449438202	0.9545454545454546	1.0	1.0	0.9603960396039604	0.970873786407767	0.9333333333333332	0.9482758620689656	0.9325842696629212	0.9166666666666666	0.9528301886792452	0.9325842696629212	1.0	0.9637681159420288	Tumor
784a9c63-9b40-4f6c-8147-93d0ed523867	0.9485294117647058	0.9780701754385964	0.9637305699481864	0.9440298507462688	0.971291866028708	0.9962825278810408	0.9455782312925172	0.951048951048951	1.0	1.0	0.995850622406639	0.9158878504672896	0.939929328621908	0.996031746031746	0.9551569506726456	0.9696969696969696	0.9586776859504132	0.9820627802690582	1.0	0.9692307692307692	Tumor
7aac48b4-dbb0-49a5-a3e0-04916a9270b8	0.9803921568627452	0.975609756097561	1.0	1.0	0.90625	0.9696969696969696	0.8913043478260869	0.9117647058823528	1.0	1.0	1.0	0.9787234042553192	1.0	1.0	0.926829268292683	0.925925925925926	0.9761904761904762	0.975	1.0	0.8717948717948718	Tumor
7b7c91b5-0358-4d09-af89-26a791d7a23a	0.9738562091503268	0.9874213836477987	0.9829059829059827	0.9698492462311558	0.9047619047619048	0.9870967741935484	0.9482758620689656	0.9416666666666668	1.0	1.0	0.9831460674157304	0.9606741573033708	0.9333333333333332	0.9652777777777778	0.9603174603174603	0.9371428571428572	0.9642857142857144	0.96875	1.0	0.9577464788732394	Tumor
7d787768-efb1-462d-b5aa-5cbf6fc543d4	0.8461538461538461	1.0	0.9	0.9166666666666666	1.0	1.0	0.8888888888888888	1.0	1.0	0.95	1.0	0.96875	1.0	1.0	1.0	0.8412698412698413	0.8863636363636364	1.0	1.0	1.0	Tumor
7fa3f262-b786-4b89-b38f-505bff13c382	0.9310344827586208	0.95	0.96	0.9117647058823528	0.9166666666666666	1.0	0.9565217391304348	0.8717948717948718	1.0	0.9565217391304348	1.0	0.9473684210526316	1.0	1.0	0.96	0.9117647058823528	1.0	0.96	1.0	0.9148936170212766	Tumor
7faebca5-c36a-4a24-b785-5e673cf5a0ed	0.9642857142857144	0.945945945945946	0.9375	0.943661971830986	0.9615384615384616	0.9866666666666668	1.0	0.8990825688073395	1.0	1.0	0.975609756097561	0.8448275862068966	0.9736842105263158	1.0	1.0	0.9772727272727272	0.9210526315789472	1.0	1.0	0.9622641509433962	Tumor
8087339c-4fdc-42e4-94ff-299a59ae88a3	1.0	0.9743589743589745	0.9827586206896552	0.9433962264150944	0.967741935483871	1.0	0.902439024390244	0.9672131147540984	1.0	1.0	0.9772727272727272	0.851063829787234	1.0	0.9649122807017544	1.0	0.8918918918918919	1.0	1.0	1.0	0.875	Tumor
8095ebc6-d293-4668-9d83-8b3f35dd198d	0.9473684210526316	0.96875	1.0	0.984375	1.0	1.0	0.9736842105263158	0.9833333333333332	1.0	1.0	0.9710144927536232	0.9264705882352942	0.967741935483871	0.9807692307692308	0.98	0.9629629629629628	0.9827586206896552	0.9803921568627452	1.0	0.8970588235294118	Tumor
80de2366-cd3c-4b51-9957-06ac3e152cf0	0.943661971830986	1.0	0.954954954954955	0.952755905511811	0.989010989010989	1.0	0.9557522123893806	0.9923664122137404	1.0	1.0	0.992063492063492	0.9328358208955224	0.9323308270676692	0.9848484848484848	0.9905660377358492	0.9701492537313432	0.9910714285714286	1.0	1.0	0.9917355371900828	Tumor
81395cc8-c7d5-4ea7-957a-b5cb8d6bfd1a	0.945945945945946	1.0	0.967741935483871	0.9384615384615383	0.9871794871794872	1.0	0.8636363636363636	0.951219512195122	1.0	1.0	1.0	0.9107142857142856	0.9818181818181818	1.0	0.9777777777777776	1.0	0.8888888888888888	1.0	1.0	0.9473684210526316	Tumor
83834ecf-bc98-416a-98c0-824229e6cfe0	0.9813432835820896	1.0	0.9605263157894736	0.9282296650717704	0.9759036144578314	0.9937694704049844	0.9807692307692308	0.9889705882352942	1.0	1.0	1.0	0.917910447761194	0.9819494584837544	0.9949494949494948	0.9726775956284152	0.9559748427672956	0.9540229885057472	0.989071038251366	0.9963369963369964	0.9174311926605504	Tumor
83f93d3f-d038-4773-a671-0f218f53821c	0.9431818181818182	0.9701492537313432	1.0	0.96875	1.0	1.0	0.9240506329113924	0.90625	1.0	1.0	1.0	0.9384615384615383	0.9882352941176472	1.0	1.0	0.946236559139785	0.9390243902439024	1.0	1.0	0.9523809523809524	Tumor
8634f872-177a-481f-ba51-62864c569001	0.9307692307692308	0.9707112970711296	0.9820627802690582	0.946341463414634	0.9895833333333334	1.0	0.9342560553633218	0.9615384615384616	0.9914893617021276	0.995260663507109	1.0	0.9130434782608696	0.971830985915493	0.9959514170040484	0.9627659574468084	0.935897435897436	0.9386792452830188	0.984375	1.0	0.9760956175298804	Tumor
876216c7-72a1-4b1e-bd2b-fcb125ca91ae	0.9344262295081968	1.0	1.0	1.0	1.0	0.96875	1.0	0.9714285714285714	1.0	1.0	1.0	0.918918918918919	1.0	1.0	1.0	0.9142857142857144	0.9375	1.0	1.0	1.0	Tumor
8923da54-2f7c-4315-9fc2-a1d6502df55b	1.0	1.0	0.9696969696969696	1.0	1.0	0.9629629629629628	1.0	1.0	1.0	1.0	1.0	1.0	0.9583333333333334	1.0	1.0	1.0	1.0	1.0	1.0	1.0	Tumor
8997a81b-4046-4c31-91f6-7c1519f1d2ec	0.9523809523809524	0.9722222222222222	1.0	0.9879518072289156	0.9285714285714286	1.0	0.84375	0.9452054794520548	0.986842105263158	1.0	0.9838709677419356	0.9558823529411764	1.0	1.0	0.979591836734694	0.9692307692307692	0.975	0.979591836734694	1.0	0.9882352941176472	Tumor
8aed99b7-de49-4e7e-8fb3-17d897c03e00	0.9473684210526316	1.0	0.75	1.0	1.0	0.9375	0.8	1.0	1.0	1.0	1.0	1.0	0.9583333333333334	1.0	1.0	0.967741935483871	1.0	1.0	1.0	0.9565217391304348	Tumor
8d1641ea-7552-4d23-9298-094e0056386a	0.9887640449438202	0.92	1.0	0.975	0.9565217391304348	0.9622641509433962	0.967741935483871	0.9767441860465116	1.0	1.0	1.0	0.9393939393939394	1.0	0.9310344827586208	0.90625	1.0	1.0	1.0	1.0	0.9672131147540984	Tumor
8f08cee9-a91f-4305-bf8d-efeee9cd386c	0.9615384615384616	0.9814814814814816	0.9473684210526316	0.9642857142857144	0.9615384615384616	0.981132075471698	0.9775280898876404	0.9622641509433962	1.0	1.0	1.0	0.9324324324324323	0.9325842696629212	0.95	1.0	0.9620253164556962	0.9552238805970148	1.0	1.0	0.9130434782608696	Tumor
8f51e90d-f617-4ed2-bbc7-7bcd92d1963d	1.0	0.9777777777777776	1.0	0.9714285714285714	0.9636363636363636	0.9705882352941176	0.9705882352941176	0.9649122807017544	0.9782608695652174	1.0	1.0	0.9019607843137256	0.926829268292683	0.9743589743589745	0.925	0.9607843137254902	0.9285714285714286	0.9487179487179488	1.0	0.9777777777777776	Tumor
9053485e-19f7-4d2b-b4b6-361d908cc708	0.956896551724138	0.979381443298969	0.984375	0.9291338582677166	1.0	0.979591836734694	0.9252336448598132	0.9836065573770492	1.0	1.0	0.9736842105263158	0.9649122807017544	0.9836065573770492	0.9705882352941176	0.978021978021978	0.9611650485436892	0.978021978021978	1.0	1.0	0.971153846153846	Tumor
91941243-48d2-4416-b104-0affb8c46316	0.9803921568627452	1.0	0.8	0.9629629629629628	1.0	1.0	0.9166666666666666	1.0	1.0	1.0	0.8928571428571429	0.9487179487179488	1.0	0.9482758620689656	0.9019607843137256	0.953125	0.9454545454545454	0.9387755102040816	1.0	1.0	Tumor
922ac2aa-8619-47ef-99d8-160e19861f57	1.0	0.9838709677419356	0.9864864864864864	0.9420289855072465	1.0	1.0	0.9777777777777776	0.9285714285714286	1.0	1.0	1.0	0.942528735632184	0.936842105263158	0.989010989010989	0.9743589743589745	0.9523809523809524	0.9814814814814816	1.0	1.0	0.9298245614035088	Tumor
92e1baff-0f43-4841-aab9-fdda0078673a	1.0	1.0	0.9285714285714286	0.9090909090909092	1.0	1.0	0.967741935483871	0.935483870967742	1.0	1.0	1.0	0.9302325581395348	0.9736842105263158	1.0	0.9285714285714286	1.0	0.9333333333333332	0.9629629629629628	1.0	0.92	Tumor
951bac30-0a85-4dd8-8470-c1a3b84817f9	0.9736842105263158	0.9848484848484848	0.95	0.9142857142857144	0.918918918918919	1.0	0.975	0.9473684210526316	1.0	1.0	0.9375	0.9148936170212766	0.9736842105263158	0.9482758620689656	0.9583333333333334	0.9767441860465116	1.0	1.0	1.0	0.9833333333333332	Tumor
956570e5-7ed4-4d17-a830-f1bc67a7af15	1.0	1.0	1.0	0.95	1.0	0.9565217391304348	0.9473684210526316	0.9444444444444444	1.0	1.0	1.0	1.0	0.9333333333333332	0.9615384615384616	0.896551724137931	0.967741935483871	1.0	0.9629629629629628	1.0	0.95	Tumor
95e450bd-ff88-4498-9418-e09883c94988	0.9402985074626866	0.9596774193548387	0.9873417721518988	1.0	0.9652173913043478	0.9829059829059827	0.9435483870967742	0.9193548387096774	1.0	0.9782608695652174	0.9821428571428572	0.9741379310344828	0.9562043795620438	0.9758064516129032	0.9615384615384616	0.9743589743589745	0.9907407407407408	0.9807692307692308	1.0	0.9411764705882352	Tumor
9634f770-bc93-4dfa-949c-98a6da30a102	0.906040268456376	0.9873417721518988	1.0	0.9642857142857144	0.9733333333333334	1.0	0.9444444444444444	0.972972972972973	1.0	1.0	0.9866666666666668	0.8571428571428571	0.945945945945946	0.975	0.9333333333333332	0.9333333333333332	0.9090909090909092	0.9393939393939394	1.0	0.9473684210526316	Tumor
967fde0b-9c38-4c69-97f2-9640ebe1dc9a	0.9402985074626866	0.981132075471698	0.96	0.9642857142857144	1.0	1.0	0.9814814814814816	0.9230769230769232	1.0	1.0	0.9814814814814816	0.9516129032258064	0.9861111111111112	1.0	1.0	0.951219512195122	0.9365079365079364	1.0	1.0	0.9791666666666666	Tumor
9907c264-961c-46b4-94a8-bf7e234621d8	0.9722222222222222	1.0	1.0	1.0	0.967741935483871	1.0	0.9565217391304348	0.9565217391304348	1.0	1.0	1.0	0.9629629629629628	0.9444444444444444	1.0	0.9629629629629628	1.0	1.0	1.0	1.0	0.9743589743589745	Tumor
990f1383-2ef6-426a-a650-e182010a8281	0.946078431372549	0.99375	0.975	0.9488636363636364	0.9863945578231292	0.99375	0.923469387755102	0.9344262295081968	1.0	0.994475138121547	1.0	0.8950276243093923	0.9623655913978496	0.9717514124293786	0.954954954954955	0.9518072289156626	0.9378238341968912	0.990909090909091	0.9945054945054944	0.9319727891156464	Tumor
9c2ed2bb-8ee1-441e-9f3b-ffbb4def2673	0.9654255319148936	0.9973474801061007	0.9925650557620818	0.940809968847352	0.9855595667870036	0.9845201238390092	0.9845201238390092	0.9650145772594751	1.0	0.9964285714285714	0.9904458598726116	0.9049079754601228	0.9755351681957186	0.9860724233983288	0.9636363636363636	0.9755501222493888	0.9823943661971832	0.9782608695652174	1.0	0.9786666666666668	Tumor
9c706e45-00da-42cd-933f-1f42f0b6942e	0.9791666666666666	1.0	0.9743589743589745	1.0	0.9428571428571428	1.0	0.8157894736842105	0.9534883720930232	1.0	1.0	1.0	0.9230769230769232	0.9583333333333334	1.0	0.9473684210526316	0.9607843137254902	0.9523809523809524	0.95	1.0	0.9736842105263158	Tumor
9da89066-8d82-4ace-80e1-889d3c73c8eb	0.9555555555555556	0.96875	1.0	0.9555555555555556	1.0	1.0	0.9722222222222222	0.9761904761904762	1.0	0.9722222222222222	1.0	0.8285714285714286	1.0	0.96875	0.96875	0.9555555555555556	0.967741935483871	0.96875	1.0	0.9523809523809524	Tumor
a2b214c2-a5d4-4ce6-b505-e1438027236d	0.9846153846153848	0.9657534246575342	1.0	0.925	1.0	1.0	0.9333333333333332	0.9541284403669724	1.0	1.0	0.981012658227848	0.930379746835443	0.9715909090909092	0.993421052631579	0.9827586206896552	0.9473684210526316	0.9682539682539684	0.9833333333333332	1.0	0.9305555555555556	Tumor
a3624554-07c8-41d7-9b6b-f4cbf9de9301	0.9433962264150944	0.9606299212598424	0.9384615384615383	0.9534883720930232	0.9821428571428572	0.9925925925925926	0.9625	0.952054794520548	1.0	1.0	1.0	0.9426751592356688	0.970414201183432	1.0	0.9636363636363636	0.9731182795698924	0.9774436090225564	0.981651376146789	0.9879518072289156	0.9026548672566372	Tumor
a7b067c9-a62a-4d3d-8c4e-668830f7441f	0.9772727272727272	0.967741935483871	0.8181818181818182	0.8666666666666667	0.98	1.0	1.0	0.9473684210526316	1.0	0.951219512195122	1.0	0.9285714285714286	0.9230769230769232	1.0	0.9615384615384616	0.9294117647058824	0.975	1.0	1.0	0.918918918918919	Tumor
aae57dd0-eae8-48b0-855f-2cd17c9f524d	0.9166666666666666	1.0	1.0	1.0	1.0	1.0	0.85	0.8571428571428571	1.0	1.0	1.0	0.9615384615384616	1.0	0.95	1.0	1.0	0.9375	1.0	1.0	0.9473684210526316	Tumor
abb411d3-1474-4e6e-afa9-23b974d9a557	0.967741935483871	1.0	0.9142857142857144	0.9629629629629628	0.913793103448276	0.9782608695652174	0.9655172413793104	0.9454545454545454	1.0	1.0	1.0	0.8888888888888888	0.9444444444444444	1.0	0.9666666666666668	0.9722222222222222	0.9545454545454546	0.9833333333333332	1.0	0.935483870967742	Tumor
acb1bf8e-f597-4f67-b19d-bb737109d9cd	0.9782608695652174	1.0	0.8571428571428571	0.986842105263158	1.0	1.0	0.9848484848484848	0.935064935064935	1.0	0.9701492537313432	1.0	0.9272727272727272	0.975	1.0	0.9859154929577464	0.934065934065934	0.9875	1.0	1.0	0.9655172413793104	Tumor
ad502a9c-1f1a-4118-a8f9-2cffb9b0c610	1.0	1.0	0.9565217391304348	1.0	1.0	1.0	0.9333333333333332	0.9722222222222222	1.0	1.0	1.0	0.85	0.9583333333333334	0.9615384615384616	1.0	0.9565217391304348	0.9333333333333332	1.0	1.0	1.0	Tumor
b0c13073-8725-4707-983c-506fe46205d7	0.9913793103448276	0.9770114942528736	0.9587628865979382	0.9655172413793104	0.9518072289156626	0.9903846153846154	0.9545454545454546	0.9529411764705882	1.0	1.0	1.0	0.9519230769230768	0.9375	1.0	0.9861111111111112	0.8782608695652174	0.927710843373494	1.0	1.0	0.9883720930232558	Tumor
b1e1ae0d-4558-4d30-9b20-79aa40fa5a2a	0.9375	1.0	0.9402985074626866	0.9696969696969696	0.967741935483871	0.9642857142857144	0.8928571428571429	0.9848484848484848	1.0	1.0	0.9838709677419356	0.8923076923076924	0.9855072463768116	1.0	0.88	0.9743589743589745	0.9787234042553192	0.9361702127659576	1.0	0.9183673469387756	Tumor
b3861080-a052-4432-82f8-193122ab29d4	0.9702970297029704	0.9863013698630136	0.989010989010989	0.96875	1.0	0.9651162790697676	0.9452054794520548	0.9239130434782608	1.0	1.0	0.9761904761904762	0.9342105263157896	0.9603960396039604	1.0	0.9523809523809524	0.9629629629629628	1.0	0.9555555555555556	1.0	1.0	Tumor
b3d432d6-0b86-4407-98e2-99c1971283a8	0.9556451612903226	0.9728260869565216	0.950530035335689	0.963917525773196	0.9720670391061452	0.9935897435897436	0.9541284403669724	0.9585253456221198	0.9942857142857144	1.0	0.9945652173913044	0.9417989417989416	0.9685863874345548	0.9782608695652174	0.9635036496350364	0.9583333333333334	0.9940476190476192	0.9782608695652174	1.0	0.9596412556053812	Tumor
b47b2efb-02e1-4729-95ad-de05fb551bc7	0.9487179487179488	1.0	0.9565217391304348	0.9629629629629628	1.0	0.9629629629629628	0.9032258064516128	0.88	1.0	1.0	1.0	0.92	1.0	1.0	0.8461538461538461	0.9666666666666668	0.9411764705882352	1.0	1.0	0.9787234042553192	Tumor
b4a9422c-ed5b-435f-aa13-e8a8f2484e97	1.0	1.0	1.0	1.0	1.0	1.0	1.0	1.0	1.0	1.0	1.0	0.945945945945946	1.0	0.875	0.8333333333333334	0.7631578947368421	1.0	0.9375	1.0	1.0	Tumor
b4b81763-61bc-469b-a048-eba733193262	0.875	1.0	0.8709677419354839	0.903846153846154	0.7586206896551724	1.0	0.9803921568627452	0.8888888888888888	1.0	1.0	0.9838709677419356	0.921875	0.9787234042553192	0.9871794871794872	0.896551724137931	0.9772727272727272	0.9696969696969696	0.9636363636363636	1.0	0.9787234042553192	Tumor
b4e60c29-6c4d-49b4-878e-b91e20e17dad	0.9896907216494846	0.9882352941176472	1.0	0.943661971830986	0.984375	1.0	0.9733333333333334	0.976470588235294	1.0	1.0	1.0	0.9146341463414634	0.9642857142857144	0.989247311827957	0.9404761904761904	0.956989247311828	1.0	1.0	1.0	0.9529411764705882	Tumor
b58811d7-8ee0-4b65-a892-17319cc9ecaf	1.0	0.9666666666666668	0.9705882352941176	0.9142857142857144	1.0	1.0	0.9285714285714286	0.9411764705882352	1.0	1.0	1.0	0.9411764705882352	1.0	0.9285714285714286	1.0	0.9534883720930232	0.9565217391304348	1.0	1.0	0.9142857142857144	Tumor
b5e84055-487f-467a-9bc4-bd59ec82f183	0.9783549783549784	0.9668874172185432	0.9779411764705882	0.9473684210526316	0.9717514124293786	0.9941176470588236	0.9788359788359788	0.9279661016949152	1.0	1.0	0.98159509202454	0.9037433155080212	0.967391304347826	0.9944444444444444	0.9699248120300752	0.9739583333333334	0.9568345323741008	1.0	1.0	0.9507389162561576	Tumor
b707621f-1f89-4058-be18-33020b9ebec3	0.9692307692307692	1.0	0.9605263157894736	0.9821428571428572	0.9655172413793104	1.0	1.0	0.9629629629629628	1.0	1.0	0.9821428571428572	0.9206349206349206	0.9545454545454546	0.9552238805970148	0.9642857142857144	0.9782608695652174	0.95	0.9818181818181818	1.0	0.96	Tumor
b773c30d-f37b-4aee-8330-a159d42d3019	0.875	1.0	0.9714285714285714	0.8947368421052632	0.7857142857142857	0.9743589743589745	0.9791666666666666	1.0	1.0	1.0	0.975	0.8888888888888888	0.975	1.0	1.0	1.0	0.8620689655172413	1.0	0.9736842105263158	0.8333333333333334	Tumor
b793fa3a-f197-409f-b630-2dcba3290cce	0.9622641509433962	0.972972972972973	1.0	1.0	1.0	0.981132075471698	0.9142857142857144	0.8958333333333334	1.0	1.0	0.9444444444444444	0.875	1.0	1.0	1.0	0.9743589743589745	0.9655172413793104	1.0	1.0	0.9523809523809524	Tumor
b85209a5-128a-4aff-83d4-1ab336d82b95	0.9130434782608696	1.0	0.9642857142857144	0.9743589743589745	0.972972972972973	1.0	0.9555555555555556	0.9487179487179488	1.0	1.0	1.0	0.9090909090909092	0.9629629629629628	0.9696969696969696	1.0	0.8717948717948718	1.0	1.0	1.0	0.9672131147540984	Tumor
b8542fa9-5521-48bc-ae1b-4e12a1744e0d	1.0	0.975	0.925925925925926	0.9298245614035088	0.9615384615384616	0.9523809523809524	0.9534883720930232	1.0	1.0	1.0	1.0	0.864406779661017	1.0	1.0	0.96875	0.953846153846154	0.9722222222222222	1.0	1.0	0.92	Tumor
b9e82597-fdf2-4479-a764-29193ddbd58f	0.9716981132075472	0.9876543209876544	0.9710144927536232	0.9693877551020408	0.9552238805970148	1.0	0.9473684210526316	0.9479166666666666	0.9761904761904762	1.0	1.0	0.9523809523809524	0.9487179487179488	0.9583333333333334	0.958904109589041	0.9252336448598132	0.9552238805970148	0.9733333333333334	1.0	0.9213483146067416	Tumor
bb7098ae-862b-488c-b67e-01ed682ec783	0.984375	1.0	0.9	0.9655172413793104	1.0	1.0	0.9615384615384616	0.9342105263157896	1.0	1.0	1.0	0.875	0.9821428571428572	0.9824561403508772	1.0	0.943661971830986	0.9807692307692308	1.0	1.0	0.963855421686747	Tumor
c0285709-159c-46dd-8bd8-50fad06513dd	0.9444444444444444	0.9777777777777776	0.8888888888888888	0.9142857142857144	1.0	0.9782608695652174	0.9411764705882352	0.9344262295081968	1.0	1.0	0.972972972972973	1.0	0.9591836734693876	0.9473684210526316	1.0	0.9142857142857144	0.9666666666666668	1.0	1.0	0.9629629629629628	Tumor
c102587f-0390-4dd5-8b35-d819e0083134	0.981981981981982	1.0	0.9891304347826086	0.9726027397260274	0.935897435897436	0.9615384615384616	0.9156626506024096	0.925531914893617	0.9912280701754386	1.0	0.979591836734694	0.9625	0.9509803921568628	0.9439252336448598	0.9019607843137256	0.9702970297029704	0.9866666666666668	0.9411764705882352	1.0	0.925925925925926	Tumor
c23d56d0-f27a-48db-b10a-f572b50ef245	0.9761904761904762	1.0	0.9871794871794872	0.9230769230769232	0.9322033898305084	0.975609756097561	1.0	0.935483870967742	1.0	1.0	1.0	1.0	0.9545454545454546	0.9629629629629628	0.9545454545454546	0.9444444444444444	0.9090909090909092	1.0	1.0	1.0	Tumor
c28b080d-8eb9-46b7-9e40-c37409820e17	0.9714285714285714	0.9921875	0.9578313253012049	0.9142857142857144	0.9626865671641792	1.0	0.9727272727272728	0.961038961038961	0.9758064516129032	1.0	0.9703703703703704	0.9212598425196852	0.963302752293578	0.9919354838709676	0.9813084112149532	0.9699248120300752	0.981981981981982	0.9824561403508772	1.0	0.9555555555555556	Tumor
c2fe2d79-efb1-4e4d-a297-bd6b15703d10	1.0	0.9574468085106383	0.976470588235294	1.0	0.936842105263158	1.0	0.9565217391304348	0.9761904761904762	0.990990990990991	1.0	1.0	0.9587628865979382	0.9927007299270072	0.9847328244274808	0.972972972972973	0.9615384615384616	0.970873786407767	0.9732142857142856	1.0	0.942528735632184	Tumor
c50adee7-f053-484e-8a2f-f66c94a14fd3	0.9830508474576272	0.9166666666666666	0.9803921568627452	0.9861111111111112	0.9508196721311476	0.9885057471264368	1.0	1.0	1.0	1.0	1.0	0.9375	0.9583333333333334	1.0	0.9615384615384616	0.9830508474576272	0.9347826086956522	0.9803921568627452	1.0	0.9054054054054054	Tumor
c58a5583-7b04-4b67-9372-e161e18d7de1	0.9838709677419356	1.0	1.0	0.9545454545454546	0.9666666666666668	1.0	0.9629629629629628	0.9736842105263158	1.0	1.0	0.9285714285714286	0.8888888888888888	0.9545454545454546	1.0	1.0	0.96875	0.9615384615384616	1.0	1.0	0.9454545454545454	Tumor
c5c93338-4046-4247-b5c2-ef133609797e	0.9444444444444444	0.8888888888888888	0.9615384615384616	1.0	0.9473684210526316	1.0	0.85	0.9487179487179488	1.0	1.0	1.0	0.90625	1.0	1.0	0.96875	1.0	0.9583333333333334	0.96875	1.0	1.0	Tumor
c861f2ac-61fd-45cc-9e14-f775f9eed494	0.9389671361502347	0.9487179487179488	0.9947368421052633	0.9692307692307692	0.9874213836477987	0.9880239520958084	0.978021978021978	0.9581589958158996	1.0	1.0	0.9928571428571428	0.896774193548387	0.9698795180722892	0.98989898989899	0.9591836734693876	0.9310344827586208	0.9402985074626866	0.9863013698630136	1.0	0.925311203319502	Tumor
c8e8f4e7-7aae-41f7-9d36-5938d2c2fc04	0.974025974025974	0.9918032786885246	0.9278350515463918	0.9327731092436976	0.963963963963964	1.0	0.9834710743801652	0.921875	1.0	0.9905660377358492	0.9885057471264368	0.897196261682243	0.951219512195122	1.0	1.0	0.9534883720930232	0.9493670886075948	1.0	1.0	0.946153846153846	Tumor
ca34cd1c-026e-4641-a9dd-ac1a9b4f243b	0.9777777777777776	0.9666666666666668	0.96	1.0	1.0	0.9814814814814816	0.9411764705882352	0.9411764705882352	1.0	1.0	1.0	0.9333333333333332	1.0	1.0	1.0	0.9787234042553192	1.0	1.0	1.0	1.0	Tumor
ca823082-ede5-4bfd-8498-7e492f39bcd6	0.9602649006622516	0.9795081967213116	0.9667774086378738	0.9823008849557522	0.9694656488549618	0.988095238095238	0.978021978021978	0.9678456591639872	0.9961685823754788	0.9898477157360406	0.9883268482490272	0.9146341463414634	0.9681274900398408	0.9746376811594204	0.9593908629441624	0.9692307692307692	0.9753694581280788	0.984924623115578	0.9958677685950412	0.9789473684210528	Tumor
cab9ff29-e575-45e2-a411-1bfdc2e2610c	1.0	1.0	0.9565217391304348	1.0	1.0	1.0	0.9117647058823528	0.9090909090909092	1.0	1.0	1.0	0.9393939393939394	0.9736842105263158	1.0	1.0	0.945945945945946	1.0	1.0	1.0	0.9130434782608696	Tumor
cafc9e36-c5f0-45df-ad03-16210ff0d870	0.9746835443037974	0.968503937007874	0.9765625	0.9603960396039604	0.9285714285714286	1.0	0.968	0.9747899159663864	0.9915966386554622	1.0	0.9901960784313726	0.8515625	0.9666666666666668	0.95	0.9102564102564102	0.9708029197080292	0.9696969696969696	0.925	1.0	0.967479674796748	Tumor
cc66d11a-33c0-4247-9072-6e7c0d0b6112	0.9318181818181818	0.9705882352941176	0.9565217391304348	1.0	1.0	1.0	0.9117647058823528	0.96875	1.0	1.0	0.9629629629629628	0.9117647058823528	1.0	0.896551724137931	0.9428571428571428	0.9545454545454546	1.0	0.9705882352941176	1.0	1.0	Tumor
ce362483-60b7-4654-b201-834c60e38690	0.92	0.9411764705882352	0.875	0.9523809523809524	0.9444444444444444	0.96	0.9285714285714286	0.8421052631578947	1.0	1.0	1.0	0.9565217391304348	0.8421052631578947	1.0	0.9375	0.896551724137931	1.0	1.0	1.0	1.0	Tumor
cf122ae0-0be8-43dd-a0b9-01fff585186f	0.9264705882352942	1.0	1.0	0.9649122807017544	0.9523809523809524	0.984375	0.9672131147540984	0.875	1.0	1.0	0.9629629629629628	0.9361702127659576	0.9629629629629628	1.0	1.0	0.9743589743589745	0.9552238805970148	1.0	1.0	0.979591836734694	Tumor
cf4160bb-9ef4-43c1-ac83-f6ca897101ee	0.958974358974359	0.9222222222222224	0.9655172413793104	0.9646017699115044	1.0	0.9926470588235294	0.9080459770114944	0.961038961038961	0.9848484848484848	1.0	0.9918032786885246	0.9280575539568344	0.9736842105263158	1.0	0.9605263157894736	0.9428571428571428	0.9878048780487804	0.9736842105263158	1.0	0.9320388349514565	Tumor
d0dc0f54-e23f-40fb-a0ac-56fbd55108f0	0.9736842105263158	1.0	0.9166666666666666	0.9534883720930232	1.0	1.0	0.9767441860465116	1.0	1.0	1.0	1.0	0.8846153846153846	0.9803921568627452	1.0	1.0	0.9523809523809524	0.975	1.0	1.0	0.9736842105263158	Tumor
d1adf0be-5afe-4df7-8f88-dbf7521bcdac	0.9065420560747663	0.975206611570248	1.0	0.9666666666666668	0.9540229885057472	1.0	0.9398496240601504	0.9444444444444444	1.0	1.0	0.981981981981982	0.9421487603305784	0.9407407407407408	1.0	0.9680851063829788	0.9791666666666666	0.9777777777777776	0.9894736842105264	1.0	0.9587628865979382	Tumor
d28a7c02-2f33-46e2-bff9-5ed518ea6fb6	0.9310344827586208	1.0	1.0	0.972972972972973	1.0	1.0	0.9565217391304348	0.9655172413793104	1.0	1.0	1.0	0.9534883720930232	0.9666666666666668	1.0	0.9411764705882352	0.8727272727272727	1.0	1.0	1.0	0.9230769230769232	Tumor
d32c4662-2b0b-4f78-b031-e6ff5286664c	0.958904109589041	0.9523809523809524	0.9603174603174603	0.9407407407407408	0.9893617021276596	0.9830508474576272	0.8881578947368421	0.952	1.0	1.0	0.9763779527559056	0.9136690647482014	0.9770992366412212	0.9754098360655736	0.935483870967742	0.9453551912568308	0.954954954954955	0.967032967032967	1.0	0.9645390070921984	Tumor
d474de4c-c01d-46f5-92a6-7513f7a38eed	0.9296482412060302	0.9823529411764704	0.9715909090909092	0.9483870967741936	0.9767441860465116	0.9833333333333332	0.9809523809523808	0.9786096256684492	0.9940828402366864	0.9943181818181818	0.9901477832512317	0.9147982062780268	0.9621621621621622	0.978494623655914	0.958041958041958	0.961864406779661	0.9732620320855616	0.9929078014184396	1.0	0.9581151832460733	Tumor
d78126ec-68b1-4d77-bf7a-19a47678a5fb	0.9375	1.0	0.9074074074074074	0.9285714285714286	0.9565217391304348	0.9473684210526316	1.0	1.0	1.0	1.0	0.9696969696969696	0.8888888888888888	0.9130434782608696	1.0	0.9230769230769232	0.9444444444444444	0.9	0.9230769230769232	1.0	1.0	Tumor
d7d4b68a-ab93-4b9c-9cf6-88f15299e306	0.9523809523809524	1.0	1.0	0.9375	1.0	1.0	0.9333333333333332	1.0	1.0	1.0	1.0	0.9310344827586208	1.0	1.0	1.0	0.8421052631578947	1.0	1.0	1.0	1.0	Tumor
d7eb3fb0-7bfe-4f69-b298-41dde09902e6	0.8928571428571429	1.0	0.9642857142857144	0.9444444444444444	0.96	1.0	1.0	0.9722222222222222	1.0	1.0	1.0	1.0	0.9117647058823528	0.967741935483871	0.9285714285714286	0.975	1.0	1.0	1.0	0.9	Tumor
d81b8303-62b4-46ba-9370-8c6a92cfa4fb	0.9791666666666666	1.0	0.9148936170212766	0.9722222222222222	1.0	1.0	0.9696969696969696	0.9473684210526316	1.0	1.0	1.0	0.9361702127659576	1.0	1.0	1.0	0.9767441860465116	0.9444444444444444	1.0	1.0	0.8666666666666667	Tumor
d8edd309-518d-4358-8245-9e92d7af4441	0.8571428571428571	1.0	0.8947368421052632	0.9	0.9583333333333334	0.9523809523809524	1.0	0.92	1.0	1.0	1.0	0.9444444444444444	1.0	0.9444444444444444	0.8888888888888888	1.0	1.0	0.9	1.0	0.9130434782608696	Tumor
d9666e09-51bb-49a4-b289-0e6b69636858	0.9655172413793104	0.975	0.9664804469273744	0.9696969696969696	0.9716312056737588	0.9935483870967742	0.9447852760736196	0.9683544303797468	1.0	1.0	0.9948717948717948	0.9346733668341708	0.979381443298969	0.9950738916256158	0.9712230215827338	0.9813084112149532	0.9782608695652174	0.9927007299270072	1.0	0.9884393063583816	Tumor
da549530-7ba5-4302-acd2-40a766860216	1.0	0.9705882352941176	0.9090909090909092	0.9565217391304348	0.9487179487179488	1.0	1.0	0.9629629629629628	1.0	1.0	1.0	0.9230769230769232	1.0	0.975609756097561	0.96875	0.8	0.8846153846153846	1.0	1.0	1.0	Tumor
da752364-731c-4e77-8d6e-9c91a5b7f68f	0.9583333333333334	1.0	0.9375	1.0	1.0	1.0	1.0	0.9047619047619048	1.0	1.0	1.0	0.8461538461538461	1.0	1.0	0.9375	0.935483870967742	0.9565217391304348	0.9375	1.0	1.0	Tumor
db01aba1-3a00-4bf9-9f24-8fba144144f3	0.9166666666666666	0.9285714285714286	1.0	0.9642857142857144	1.0	1.0	1.0	1.0	1.0	1.0	0.9428571428571428	1.0	0.8529411764705882	0.9642857142857144	1.0	0.9787234042553192	1.0	1.0	1.0	1.0	Tumor
db360c44-bf72-41f4-8ca4-01c9973fce95	0.9753086419753086	0.971153846153846	1.0	0.91869918699187	0.9831932773109244	0.9933333333333332	0.9805825242718448	0.9791666666666666	0.9894736842105264	1.0	1.0	0.8854961832061069	0.9918032786885246	1.0	0.9770114942528736	0.9396551724137931	0.9565217391304348	0.9886363636363636	1.0	0.9509803921568628	Tumor
db998871-01ff-4a39-ba06-fe3fb1183584	0.961038961038961	0.9491525423728814	0.981132075471698	0.9666666666666668	0.9607843137254902	1.0	0.9705882352941176	0.9310344827586208	1.0	1.0	1.0	0.8888888888888888	0.9571428571428572	0.9666666666666668	0.9818181818181818	0.9473684210526316	0.9830508474576272	1.0	1.0	0.9516129032258064	Tumor
dbc4f72a-3937-4092-92b8-d52c6b0c3340	0.976	0.9809523809523808	0.956989247311828	0.9925925925925926	1.0	1.0	0.944055944055944	0.9663865546218487	1.0	1.0	0.9775280898876404	0.8811881188118812	0.982608695652174	1.0	0.9659090909090908	0.9675324675324676	0.9423076923076924	0.9887640449438202	1.0	0.9504950495049505	Tumor
dda806cc-67a1-406b-8957-ffdb5f9087c8	0.9428571428571428	1.0	0.9830508474576272	1.0	0.88	1.0	1.0	0.9347826086956522	1.0	1.0	1.0	0.9591836734693876	0.9428571428571428	1.0	0.8709677419354839	0.918918918918919	0.979591836734694	0.8823529411764706	1.0	0.9111111111111112	Tumor
df6189e5-bd61-4be2-9d31-efef56cb4739	0.99	0.967741935483871	0.9902912621359224	1.0	0.9873417721518988	0.988095238095238	0.9557522123893806	0.9504950495049505	1.0	1.0	0.9680851063829788	0.89	0.9621212121212122	0.989247311827957	0.918918918918919	0.9848484848484848	0.9893617021276596	0.9324324324324323	1.0	0.946236559139785	Tumor
e1edc70f-0307-4283-9efc-77feb465c9df	0.984251968503937	0.9703703703703704	0.9622377622377624	0.9562334217506632	0.9772079772079773	0.9915966386554622	0.9370424597364568	0.964968152866242	1.0	0.990990990990991	0.992283950617284	0.9388335704125178	0.9632465543644716	0.990353697749196	0.9646799116997792	0.951470588235294	0.9581749049429658	0.982532751091703	1.0	0.9792682926829268	Tumor
e20191d9-fddf-47a3-9ff9-d4a36af7d762	0.9555555555555556	0.9714285714285714	1.0	0.95	0.9722222222222222	1.0	1.0	0.95	1.0	1.0	1.0	0.8571428571428571	0.9210526315789472	0.951219512195122	1.0	0.9545454545454546	1.0	1.0	1.0	0.8717948717948718	Tumor
e22c6b51-c27e-468f-883c-f71918330eb0	0.931297709923664	0.987012987012987	1.0	0.9175257731958762	0.9705882352941176	0.9702970297029704	0.9411764705882352	0.9245283018867924	0.9876543209876544	1.0	0.948051948051948	0.9058823529411764	0.961038961038961	0.9655172413793104	0.9166666666666666	0.9528301886792452	0.8873239436619719	0.9452054794520548	1.0	0.9789473684210528	Tumor
e3142cf7-334f-4f34-a5da-53ffa4e1ba33	0.9835164835164836	0.9930555555555556	0.9743589743589745	0.9782608695652174	1.0	1.0	0.9147286821705426	0.9826589595375722	1.0	1.0	0.9788732394366196	0.9637681159420288	0.9473684210526316	0.9761904761904762	0.913978494623656	0.958041958041958	0.9823008849557522	0.9456521739130436	1.0	0.9943181818181818	Tumor
e38d31b7-ad89-4fff-93d5-05f49998727b	0.9420289855072465	0.9823008849557522	0.9779411764705882	0.978102189781022	0.9782608695652174	0.9915966386554622	0.9477611940298508	0.91875	0.992	1.0	1.0	0.8846153846153846	0.986206896551724	0.9739130434782608	0.9739130434782608	0.9751552795031057	0.953125	0.9827586206896552	1.0	0.9220183486238532	Tumor
e4559121-091f-41f2-9559-2abb1bbfd229	0.9545454545454546	0.98	0.9473684210526316	0.9545454545454546	0.9361702127659576	0.984375	0.9701492537313432	0.9333333333333332	0.9846153846153848	1.0	0.981132075471698	0.95	0.9821428571428572	1.0	0.875	0.9661016949152542	0.926829268292683	0.902439024390244	1.0	0.9387755102040816	Tumor
e590db5d-2577-43ec-9d39-45a257be5562	0.99	1.0	1.0	0.9682539682539684	0.971830985915493	1.0	0.9714285714285714	0.935897435897436	1.0	1.0	0.9803921568627452	0.875	1.0	1.0	0.95	1.0	1.0	0.9743589743589745	1.0	0.963855421686747	Tumor
e614fbb4-7574-4704-9525-c0aea4c10fc6	0.9696969696969696	1.0	0.9565217391304348	1.0	0.90625	1.0	0.9545454545454546	0.975	1.0	1.0	1.0	0.9230769230769232	0.967741935483871	1.0	0.9333333333333332	0.967741935483871	1.0	0.9655172413793104	1.0	1.0	Tumor
e682e28e-0611-4e92-899c-637fde17423d	0.9824561403508772	0.92	1.0	0.7241379310344828	0.9777777777777776	1.0	0.9523809523809524	0.9782608695652174	1.0	1.0	1.0	0.6981132075471698	1.0	1.0	0.9375	1.0	1.0	0.9714285714285714	1.0	1.0	Tumor
e7a1cdcf-ec99-44fd-a13b-604cf15b2bd4	0.9763513513513512	0.9897959183673468	0.9671052631578948	0.9743589743589745	1.0	0.9852216748768472	0.9246231155778896	0.9289617486338798	1.0	0.99375	0.9933333333333332	0.9157894736842104	0.9852941176470588	0.9902912621359224	0.9316770186335404	0.984251968503937	0.9893617021276596	0.9454545454545454	1.0	0.9264069264069263	Tumor
e96b0282-8ff5-4390-9466-119534a50628	0.975609756097561	0.958904109589041	0.956043956043956	0.953125	0.9855072463768116	1.0	0.9324324324324323	0.9242424242424242	1.0	1.0	1.0	1.0	0.9836065573770492	0.9850746268656716	0.9629629629629628	0.9529411764705882	0.9571428571428572	1.0	1.0	0.961038961038961	Tumor
e97a2bf2-c5bd-4dbf-9940-450a8a99e9df	0.9382716049382716	0.9622641509433962	1.0	0.9264705882352942	1.0	1.0	0.9534883720930232	0.9550561797752808	1.0	0.984375	0.98	0.967741935483871	0.9263157894736842	0.9743589743589745	0.9104477611940298	0.9545454545454546	0.9523809523809524	0.96875	1.0	0.971153846153846	Tumor
ed108cc1-3b34-4ee5-b029-48b80ccaae19	1.0	0.9629629629629628	1.0	1.0	1.0	0.9523809523809524	0.945945945945946	0.925925925925926	1.0	1.0	1.0	0.9655172413793104	1.0	0.9444444444444444	1.0	0.9534883720930232	0.9130434782608696	1.0	1.0	0.925925925925926	Tumor
eecb45f4-ea57-4aea-814e-9895d42034e9	0.949438202247191	0.9836065573770492	0.9857142857142858	0.9743589743589745	0.9568345323741008	0.989010989010989	0.9292035398230089	0.972027972027972	1.0	0.98989898989899	0.9701492537313432	0.9586206896551724	0.9776119402985076	0.9875776397515528	0.9727272727272728	0.9328358208955224	0.9310344827586208	0.990909090909091	1.0	0.985	Tumor
eed349c6-a5ed-4543-ae8d-67b394b26c7a	0.9357798165137616	0.9553571428571428	0.8913043478260869	0.946153846153846	0.9698795180722892	1.0	0.938095238095238	0.9609375	1.0	1.0	0.9929577464788732	0.9289940828402368	0.9392523364485982	0.978494623655914	0.96875	0.9553571428571428	0.9692307692307692	0.9897959183673468	1.0	0.9054054054054054	Tumor
f04a6a90-d4d9-4b17-afaa-f97044ff4b6a	0.9438202247191012	0.9902912621359224	0.9578313253012049	0.9903846153846154	0.9876543209876544	0.988095238095238	0.9591836734693876	0.976	1.0	1.0	1.0	0.9906542056074766	0.9831932773109244	0.991150442477876	0.963302752293578	0.9395604395604396	0.9310344827586208	0.9736842105263158	0.991304347826087	0.9015151515151516	Tumor
f13d5df0-7293-4453-942f-2b49a3d33057	1.0	0.9583333333333334	1.0	0.935483870967742	1.0	1.0	0.8709677419354839	0.9714285714285714	1.0	1.0	1.0	0.875	0.9333333333333332	1.0	0.9615384615384616	1.0	0.8695652173913043	0.9615384615384616	1.0	1.0	Tumor
f201e2e9-dfb0-4a53-bd68-56f4e87604d3	0.9090909090909092	1.0	0.9545454545454546	0.9565217391304348	0.9615384615384616	1.0	1.0	0.9310344827586208	1.0	1.0	0.96875	1.0	0.95	1.0	0.8947368421052632	1.0	0.8214285714285714	0.9444444444444444	1.0	1.0	Tumor
f2ab4258-222d-4a08-a805-3628048ebf1c	0.9789473684210528	0.9885057471264368	0.9846153846153848	0.945945945945946	0.98	0.9876543209876544	0.9375	0.968421052631579	1.0	1.0	1.0	0.9896907216494846	0.9901960784313726	0.9523809523809524	0.9625	0.9433962264150944	0.9680851063829788	0.9871794871794872	1.0	0.9759036144578314	Tumor
f3c13192-fe4d-45c5-9d12-5294799bd7f8	0.9117647058823528	0.9642857142857144	1.0	1.0	1.0	1.0	1.0	1.0	1.0	1.0	1.0	0.875	1.0	0.9818181818181818	0.9565217391304348	1.0	0.9629629629629628	0.9565217391304348	1.0	0.8518518518518519	Tumor
f3d3848c-9ff7-4e84-a35c-f6b6e3a57605	0.9423076923076924	1.0	0.95	0.9591836734693876	1.0	1.0	0.925	0.9375	1.0	1.0	1.0	0.8979591836734694	0.9487179487179488	1.0	0.9705882352941176	0.9565217391304348	0.9142857142857144	0.9705882352941176	1.0	0.9333333333333332	Tumor
f4bbad06-fb0c-4064-8a05-18b30a16207a	0.9703389830508474	0.9646017699115044	0.9780701754385964	0.9851485148514852	0.9516129032258064	0.9466019417475728	0.9178082191780822	0.9444444444444444	0.9738219895287958	0.9947089947089948	0.9946808510638298	0.8991228070175439	0.948936170212766	0.9532710280373832	0.913907284768212	0.9276595744680852	0.945273631840796	0.9527027027027029	1.0	0.9813084112149532	Tumor
f4d60a0f-dc11-4005-8d59-7511ba4de8b1	0.9182692307692308	1.0	0.9852941176470588	0.9487179487179488	0.958904109589041	0.9935897435897436	0.9707602339181286	0.952054794520548	1.0	1.0	1.0	0.9272727272727272	0.9597701149425288	0.9785714285714284	0.9509803921568628	0.9523809523809524	0.959349593495935	0.970873786407767	1.0	0.9107142857142856	Tumor
f602fb69-df50-4b19-8e14-c1979a120119	0.9743589743589745	1.0	1.0	0.95	1.0	1.0	1.0	0.9767441860465116	1.0	1.0	1.0	0.96	0.961038961038961	0.9803921568627452	0.951219512195122	0.9696969696969696	0.9375	0.975	1.0	0.9487179487179488	Tumor
f6c907ac-5dc9-4bdc-b7c6-3bac9f9059d3	1.0	0.9230769230769232	0.9411764705882352	0.9210526315789472	0.972972972972973	1.0	0.8888888888888888	1.0	1.0	1.0	1.0	0.9333333333333332	1.0	1.0	0.9230769230769232	1.0	1.0	0.9615384615384616	1.0	0.8918918918918919	Tumor
f9203ebe-d6c3-423b-ad65-28db38612f89	0.8888888888888888	1.0	0.9285714285714286	1.0	0.9523809523809524	1.0	0.9607843137254902	0.9777777777777776	1.0	1.0	0.9411764705882352	0.8297872340425532	0.9787234042553192	1.0	0.9787234042553192	0.945945945945946	0.9722222222222222	1.0	1.0	0.9583333333333334	Tumor
f9a27067-7485-4c9f-986b-878aa6cd132c	0.976851851851852	0.9829059829059827	0.9564516129032258	0.9605026929982048	0.976293103448276	0.9952830188679244	0.9444444444444444	0.9679054054054054	0.9982486865148862	0.9982547993019196	0.9882154882154882	0.9209726443768996	0.9616858237547892	0.9886178861788618	0.970703125	0.9397759103641457	0.9604989604989606	0.9844660194174756	1.0	0.9642248722316864	Tumor
fb120cb4-2cee-4848-a60e-6c1fba723dc9	1.0	0.975	0.972972972972973	0.9555555555555556	1.0	1.0	0.9736842105263158	1.0	1.0	1.0	1.0	0.9117647058823528	0.9375	1.0	1.0	0.9347826086956522	1.0	1.0	1.0	0.96875	Tumor
fb1c09a7-660e-4585-85b8-5acc456563cf	0.968	1.0	0.9859154929577464	0.9629629629629628	1.0	1.0	0.9494949494949496	0.9693877551020408	0.9444444444444444	1.0	1.0	0.975609756097561	0.9540229885057472	1.0	0.981132075471698	0.9661016949152542	0.9540229885057472	0.981132075471698	1.0	0.9625	Tumor
fb3713b9-fad5-4d66-b419-8f53530b14cd	0.9827586206896552	0.9629629629629628	1.0	1.0	0.9387755102040816	1.0	0.94	1.0	1.0	1.0	1.0	0.9148936170212766	0.9666666666666668	1.0	0.9444444444444444	0.9615384615384616	1.0	0.9629629629629628	1.0	0.9655172413793104	Tumor
fc5b682e-c00d-4840-8c11-f17abe059fa8	0.9551282051282052	1.0	0.979591836734694	0.9855072463768116	0.9594594594594594	0.9634146341463414	0.9876543209876544	0.9174311926605504	1.0	1.0	1.0	0.9714285714285714	1.0	1.0	0.9230769230769232	0.9473684210526316	0.9411764705882352	0.9411764705882352	1.0	0.9572649572649572	Tumor
fc801acd-4b1f-46e7-bc1e-47752fb08779	0.9494949494949496	1.0	1.0	0.946236559139785	0.943661971830986	0.9761904761904762	0.96875	0.9634146341463414	0.9904761904761904	1.0	1.0	0.9148936170212766	0.9662921348314608	0.9829059829059827	0.9733333333333334	0.9848484848484848	1.0	0.9866666666666668	1.0	0.9534883720930232	Tumor
fe00aecb-7b06-4e76-b999-99ee41ad20ea	0.9203539823008848	1.0	0.9682539682539684	0.9555555555555556	0.935483870967742	0.989247311827957	0.958904109589041	0.9545454545454546	1.0	1.0	1.0	0.9367088607594936	0.984126984126984	1.0	0.9552238805970148	0.9473684210526316	0.9152542372881356	0.9577464788732394	1.0	0.9701492537313432	Tumor
fe8166b9-08e8-477b-9122-0e9194f34818	0.8809523809523809	1.0	0.972972972972973	0.9777777777777776	1.0	0.9714285714285714	0.94	1.0	1.0	1.0	1.0	0.9534883720930232	0.9767441860465116	1.0	0.9047619047619048	0.9565217391304348	0.9555555555555556	0.9523809523809524	1.0	0.945945945945946	Tumor
feb7140e-d822-4462-8dfa-7a63805ac740	1.0	0.9696969696969696	1.0	0.94	1.0	0.9791666666666666	0.981132075471698	0.9423076923076924	1.0	1.0	1.0	0.8947368421052632	0.9347826086956522	1.0	1.0	0.9545454545454546	0.98	1.0	0.9777777777777776	0.9322033898305084	Tumor
ff0feb3e-6d14-4297-ac23-1eb397663ec3	0.9628378378378378	1.0	0.9294117647058824	0.9333333333333332	0.953020134228188	0.9876543209876544	0.9402985074626866	0.9779005524861878	1.0	1.0	0.9487179487179488	0.9714285714285714	0.9722222222222222	0.978021978021978	0.9193548387096774	0.8831168831168831	0.926829268292683	0.9672131147540984	1.0	0.9625850340136054	Tumor
