	189240385:189240387	189315492:189315494	189313070:189313072	189238732:189238734	189150903:189150905	189215291:189215293	189207375:189207377	189150655:189150657	189147583:189147585	189310385:189310387	189267595:189267597	189320625:189320627	189127056:189127058	189217876:189217878	189219567:189219569	189211634:189211636	189132398:189132400	189238955:189238957	189123578:189123580	label
02423743-43b4-494b-acd9-1cd3bcd3d395	0.9961685823754788	0.9673202614379084	1.0	0.9787234042553192	0.2608695652173913	0.935103244837758	0.9866666666666668	0.9145299145299144	0.9396551724137931	0.9746376811594204	1.0	0.9192546583850932	0.9809523809523808	1.0	0.985632183908046	1.0	0.9514563106796116	0.9923664122137404	0.9797979797979798	Tumor
0361ec21-e83f-40a9-b825-d92487b1239a	1.0	1.0	1.0	1.0	0.5151515151515151	0.9285714285714286	1.0	0.8235294117647058	0.967741935483871	1.0	1.0	1.0	0.7894736842105263	1.0	1.0	1.0	1.0	1.0	1.0	Tumor
039eaafb-c311-45ff-9df7-30c1b0bab00a	1.0	0.975609756097561	0.9901960784313726	0.9912023460410556	0.4036697247706422	0.871313672922252	0.991304347826087	0.8807339449541285	0.923728813559322	0.9858657243816256	1.0	0.9507389162561576	0.9423076923076924	0.9818181818181818	0.9973544973544972	1.0	0.9902912621359224	1.0	0.9805825242718448	Tumor
04c428b5-d0b9-4ecf-86e8-8a42dc4cbb5e	1.0	0.9918367346938776	1.0	0.9935691318327974	0.5714285714285714	0.9209726443768996	0.9863481228668942	0.8409090909090909	0.9672131147540984	0.9911764705882352	1.0	0.9488188976377953	0.9545454545454546	0.994011976047904	0.9818731117824774	1.0	0.8936170212765957	1.0	0.8958333333333334	Tumor
04de1f79-fdfc-4662-bab2-a3ed667c7dea	0.9936708860759492	0.993920972644377	1.0	0.9914407988587732	0.4388888888888889	0.9463470319634704	0.9899280575539569	0.8913043478260869	0.9574468085106383	0.9875389408099688	1.0	0.9674556213017752	0.9298245614035088	0.9966740576496674	0.9967141292442496	1.0	0.9883720930232558	1.0	0.9655172413793104	Tumor
04ed1bfb-533f-4d97-a7e4-3e7bab103485	1.0	1.0	1.0	0.9	0.5714285714285714	0.8888888888888888	0.9655172413793104	0.8979591836734694	0.875	0.9411764705882352	1.0	0.8571428571428571	0.9523809523809524	0.9166666666666666	0.9285714285714286	1.0	0.9583333333333334	1.0	0.95	Tumor
05f4836a-8db8-4dbc-a996-090887bf8a64	1.0	0.9622641509433962	1.0	0.9824561403508772	0.6019417475728155	0.8313253012048193	0.9855072463768116	0.9666666666666668	0.9775280898876404	0.9821428571428572	1.0	0.8695652173913043	0.9245283018867924	0.9620253164556962	0.9625	0.971830985915493	0.9452054794520548	0.9743589743589745	0.9032258064516128	Tumor
064d1578-9fb7-439c-9644-d4cb6389ec9d	1.0	0.9705882352941176	1.0	1.0	0.7727272727272727	0.9387755102040816	0.9761904761904762	0.9130434782608696	0.9090909090909092	0.981132075471698	1.0	0.9032258064516128	1.0	0.9607843137254902	0.9534883720930232	1.0	1.0	1.0	1.0	Tumor
06ae7b4d-2906-4a38-a4ef-1cc937716dcb	1.0	1.0	0.9876543209876544	0.9777777777777776	0.3066666666666666	0.9175257731958762	0.9565217391304348	0.9345794392523364	0.978494623655914	0.968421052631579	1.0	0.9518072289156626	0.9230769230769232	0.9906542056074766	0.9722222222222222	1.0	0.9830508474576272	1.0	1.0	Tumor
06ce7b93-1264-4219-8a2f-d8f0d295e45f	1.0	1.0	1.0	1.0	0.4827586206896552	0.9047619047619048	1.0	0.7391304347826086	0.96	0.9642857142857144	1.0	0.8813559322033898	0.8333333333333334	0.9904761904761904	0.9904761904761904	1.0	0.9642857142857144	1.0	0.875	Tumor
071e21e7-a494-4d87-ab48-1cb334e0d992	1.0	1.0	1.0	0.983739837398374	0.3636363636363636	0.9285714285714286	0.9850746268656716	0.9230769230769232	1.0	0.9696969696969696	1.0	0.9307692307692308	1.0	1.0	0.9926470588235294	1.0	1.0	0.9915254237288136	0.9130434782608696	Tumor
078f6959-adcf-44a5-91d2-2581ba3c8e62	1.0	0.9895287958115184	0.9692307692307692	0.9791666666666666	0.5630252100840336	0.915129151291513	0.987012987012987	0.956043956043956	0.9761904761904762	0.9871794871794872	1.0	0.9523809523809524	0.968421052631579	0.982078853046595	0.9926739926739928	0.996	0.978021978021978	1.0	0.9761904761904762	Tumor
096761b0-f4ca-448d-b78f-58469a508798	1.0	0.9836065573770492	0.9914529914529916	0.9776119402985076	0.2	0.8773006134969326	0.990990990990991	0.7560975609756098	1.0	0.9830508474576272	1.0	0.9426229508196722	1.0	1.0	1.0	1.0	0.92	1.0	1.0	Tumor
09cf8de3-bb0f-434d-8cb3-9f5eeb264b6b	1.0	1.0	1.0	0.9310344827586208	0.5454545454545454	0.90625	0.967741935483871	0.9655172413793104	0.9	0.975609756097561	1.0	0.9230769230769232	1.0	1.0	1.0	1.0	1.0	1.0	0.9565217391304348	Tumor
0a133c47-fae8-4e3b-8f4d-cbf357f5e2fc	1.0	1.0	1.0	0.975609756097561	0.5588235294117647	0.8571428571428571	0.972972972972973	0.9142857142857144	0.9473684210526316	0.9534883720930232	1.0	1.0	0.8846153846153846	0.9782608695652174	1.0	1.0	0.9705882352941176	1.0	0.9130434782608696	Tumor
0b36289c-6835-414d-9f86-4cc4a812af87	1.0	1.0	1.0	1.0	0.3461538461538461	0.9594594594594594	1.0	0.95	1.0	0.9454545454545454	1.0	0.9411764705882352	0.9285714285714286	1.0	1.0	1.0	0.9333333333333332	1.0	1.0	Tumor
0cf58c62-a75d-413b-8ce3-4d90f4688b04	1.0	0.956140350877193	1.0	0.992063492063492	0.2278481012658227	0.9347826086956522	0.9133858267716536	0.8658536585365854	0.9135802469135802	0.975609756097561	1.0	0.9557522123893806	0.9452054794520548	0.9415584415584416	0.9659863945578232	1.0	0.9726027397260274	0.9901960784313726	0.873015873015873	Tumor
0dacd83e-7fab-4064-a25c-c1de66be5305	1.0	0.9523809523809524	1.0	0.9333333333333332	0.4444444444444444	0.75	1.0	0.875	0.9565217391304348	1.0	1.0	0.8	0.8888888888888888	0.9565217391304348	1.0	1.0	1.0	1.0	1.0	Tumor
0e062eef-29b8-4622-afd9-0d3f0d1c37d6	0.99581589958159	0.9820627802690582	1.0	0.9967637540453076	0.2222222222222222	0.8895522388059701	0.9440298507462688	0.925925925925926	1.0	0.9879518072289156	1.0	0.9724770642201837	0.9629629629629628	1.0	1.0	1.0	1.0	1.0	1.0	Tumor
0f168687-6f42-4d92-8f91-13efde785a0c	0.9989451476793249	0.98371335504886	0.9945474372955287	0.9767206477732794	0.4823529411764706	0.9131086142322098	0.9857723577235772	0.8809523809523809	0.8947368421052632	0.9865284974093264	1.0	0.9612903225806452	0.9642857142857144	0.9843382928739232	0.9824024483550114	0.995114006514658	0.9423076923076924	0.9989495798319328	0.979591836734694	Tumor
0f3b932e-de72-483f-9ef6-74ae972637bd	1.0	1.0	1.0	0.9615384615384616	0.5555555555555556	0.9523809523809524	0.9523809523809524	0.9285714285714286	0.9565217391304348	1.0	1.0	0.8518518518518519	0.9411764705882352	1.0	0.9444444444444444	1.0	0.9565217391304348	1.0	0.9444444444444444	Tumor
13daffbb-aa53-44f9-a6ed-5fd43ed37471	1.0	1.0	1.0	0.9705882352941176	0.7380952380952381	0.9344262295081968	1.0	0.86	1.0	0.9722222222222222	1.0	1.0	0.875	1.0	1.0	0.9827586206896552	1.0	1.0	0.9310344827586208	Tumor
151af32a-7367-4e35-a575-f6da31aa256a	1.0	1.0	1.0	1.0	0.9056603773584906	0.7297297297297297	1.0	0.9574468085106383	0.8863636363636364	1.0	1.0	1.0	0.96	1.0	1.0	1.0	1.0	1.0	1.0	Tumor
187f14ba-0002-4f99-9eb1-af93cbfdd4c2	0.9980506822612084	0.9818181818181818	0.9865168539325844	0.9850467289719628	0.6113744075829384	0.910958904109589	0.983633387888707	0.9343434343434344	0.945121951219512	0.9742647058823528	1.0	0.96	0.8951612903225806	0.9787234042553192	0.9832214765100672	0.9925650557620818	0.9746835443037974	0.9980506822612084	0.963302752293578	Tumor
18e5bf73-efdd-4c75-957c-68a94f6cb396	1.0	0.9877675840978594	1.0	0.9833795013850416	0.25	0.917391304347826	0.9731051344743276	0.8809523809523809	0.9402985074626866	0.9750692520775625	1.0	0.9304347826086956	0.9411764705882352	0.9927007299270072	0.9927536231884058	0.9976359338061466	0.9803921568627452	1.0	0.9772727272727272	Tumor
195d8bd4-352c-4407-9319-797d915c72b8	1.0	0.977469670710572	1.0	0.9920106524633822	0.3291925465838509	0.9098277608915908	0.9659949622166248	0.7828947368421053	0.9772727272727272	0.9906291834002676	1.0	0.9509306260575296	0.9174311926605504	0.988671472708548	0.9864016736401674	0.9955703211517164	0.9735099337748344	1.0	0.981651376146789	Tumor
1a3e846b-4c7f-4aac-8c26-bb5e25f226ae	1.0	0.9859154929577464	1.0	0.9915074309978767	0.2337662337662337	0.904707233065442	0.9812108559498957	0.8333333333333334	0.9047619047619048	0.9875	1.0	0.9449035812672176	0.9375	0.9887766554433222	0.9857299670691548	1.0	0.9393939393939394	1.0	1.0	Tumor
1b87d18e-4b47-47d0-a6de-1bb9eedb04c9	1.0	0.9069767441860463	0.975609756097561	0.9767441860465116	0.7848101265822784	0.9154929577464788	0.9302325581395348	0.9375	0.9090909090909092	0.9230769230769232	1.0	0.9736842105263158	0.9736842105263158	0.9491525423728814	1.0	1.0	0.9821428571428572	1.0	1.0	Tumor
1bc678a3-1850-4ab6-874b-d68992fddc7b	1.0	0.9444444444444444	1.0	1.0	0.5384615384615384	0.7352941176470589	1.0	0.96875	0.9722222222222222	0.9642857142857144	1.0	0.8	0.8421052631578947	0.9375	0.9333333333333332	1.0	0.9333333333333332	1.0	1.0	Tumor
1bd6dff8-ad21-4a45-b496-2d52ba995e5e	1.0	0.9615384615384616	0.9814814814814816	1.0	0.4666666666666667	1.0	0.9629629629629628	0.7272727272727273	1.0	0.9402985074626866	1.0	0.9591836734693876	1.0	0.9361702127659576	0.9545454545454546	1.0	0.9285714285714286	1.0	1.0	Tumor
1cb7f73e-af63-4d6a-b6a1-fe289435a93f	0.9932432432432432	0.992248062015504	1.0	0.9917695473251028	0.5681818181818182	0.9070175438596492	0.9627450980392156	0.9285714285714286	0.9629629629629628	0.9955357142857144	1.0	0.9526184538653366	0.9090909090909092	0.9962476547842402	0.99812734082397	0.9980732177263968	0.9761904761904762	1.0	1.0	Tumor
1d390e7f-bbbb-45b5-9466-d199f19106b2	1.0	1.0	1.0	1.0	0.8153846153846154	0.903846153846154	0.9814814814814816	0.9692307692307692	0.9142857142857144	0.9838709677419356	1.0	0.9454545454545454	0.8717948717948718	1.0	1.0	1.0	1.0	1.0	0.9722222222222222	Tumor
1dd6852b-2456-4576-9b22-f7604277c955	1.0	0.9761904761904762	0.975	0.9705882352941176	0.8222222222222222	0.82	0.9523809523809524	0.92	0.9696969696969696	0.975	1.0	0.9722222222222222	0.9285714285714286	1.0	1.0	1.0	1.0	1.0	0.9642857142857144	Tumor
204cf188-2162-43ac-bad4-8304622f3090	0.9959370238699848	0.9872080088987764	0.9933518005540166	0.9796189632255206	0.53125	0.9076923076923076	0.9860690490611752	0.937956204379562	0.8614718614718615	0.9890164752870694	1.0	0.9641280353200884	0.8186274509803921	0.9884615384615384	0.9828337176530874	0.9976717112922002	0.961864406779661	0.9994997498749376	0.9702380952380952	Tumor
2056c543-2f73-4a2f-995e-3af2dda7b514	1.0	1.0	1.0	0.9444444444444444	0.1607142857142857	0.9444444444444444	0.9333333333333332	0.76	0.9518072289156626	0.9111111111111112	1.0	0.9761904761904762	0.9375	0.9583333333333334	0.9615384615384616	1.0	0.9871794871794872	1.0	1.0	Tumor
217558e4-a5f5-4c72-91b7-b430a17f457a	1.0	0.9647058823529412	0.9883720930232558	1.0	0.5416666666666666	0.9827586206896552	0.9285714285714286	0.8846153846153846	0.8888888888888888	0.8928571428571429	1.0	0.9878048780487804	0.9473684210526316	0.9761904761904762	0.975609756097561	1.0	1.0	1.0	0.8823529411764706	Tumor
22c2b380-799e-4fad-ae38-46a916c592d5	1.0	0.9961832061068704	0.9962264150943396	0.9848024316109424	0.3148148148148148	0.9258373205741628	0.986970684039088	0.7808219178082192	0.9230769230769232	0.9878971255673222	1.0	0.9625468164794008	0.958041958041958	0.9934895833333334	0.9948519948519948	0.9987113402061856	0.9929577464788732	1.0	0.9166666666666666	Tumor
231b4ae3-8543-47f4-a9f6-0ac26210b26d	0.9984423676012462	0.9857397504456328	0.9964726631393298	0.9897058823529412	0.4861111111111111	0.9014084507042254	0.9774535809018567	0.9178082191780822	0.868421052631579	0.9786585365853658	1.0	0.9647887323943662	0.9433962264150944	0.9933510638297872	0.995967741935484	0.9974093264248703	0.9148936170212766	0.9968895800933126	1.0	Tumor
23b6c182-bb01-403a-9844-560518d059ac	1.0	1.0	0.996078431372549	0.9834983498349836	0.45	0.8975903614457831	0.9840637450199204	0.8823529411764706	1.0	0.9770491803278688	1.0	0.9618320610687024	1.0	0.990506329113924	1.0	1.0	1.0	1.0	1.0	Tumor
23f366c0-41f3-4159-86f0-5fa3d0059761	1.0	1.0	1.0	1.0	0.2222222222222222	0.8695652173913043	0.9615384615384616	1.0	0.8181818181818182	1.0	1.0	0.8918918918918919	0.8888888888888888	0.96	1.0	1.0	1.0	1.0	1.0	Tumor
265fc9bf-8f99-4422-b78d-78ecf09b0e53	1.0	1.0	1.0	0.9384615384615383	0.4727272727272727	0.8734177215189873	0.986842105263158	0.9555555555555556	0.9555555555555556	0.9315068493150684	0.9850746268656716	0.9493670886075948	1.0	0.9863013698630136	1.0	1.0	0.8787878787878788	1.0	1.0	Tumor
269c35f0-a4f7-4e30-a69f-f1f3b7b5dace	1.0	1.0	1.0	0.9591836734693876	0.8545454545454545	0.9682539682539684	1.0	0.9344262295081968	0.975	0.9655172413793104	1.0	0.9629629629629628	0.9166666666666666	1.0	1.0	1.0	0.9117647058823528	1.0	0.9411764705882352	Tumor
27f20469-cbf5-417f-922a-19cf9e8b790c	1.0	1.0	1.0	0.975609756097561	0.2276422764227642	0.902439024390244	0.9047619047619048	0.9473684210526316	0.9871794871794872	1.0	1.0	0.9642857142857144	0.95	1.0	1.0	1.0	0.9850746268656716	1.0	0.9473684210526316	Tumor
28f3a34c-f73a-4d10-8c0a-23e578866289	0.9523809523809524	0.9285714285714286	1.0	0.8823529411764706	0.4242424242424242	0.9047619047619048	0.9375	0.9166666666666666	1.0	0.9130434782608696	1.0	0.8666666666666667	1.0	0.9	0.8275862068965517	1.0	0.9411764705882352	1.0	0.9411764705882352	Tumor
2973fc8f-d20c-4cf3-b183-2ac32df73ae7	1.0	0.9230769230769232	1.0	1.0	0.3529411764705882	0.9333333333333332	1.0	0.8333333333333334	0.9411764705882352	0.9444444444444444	1.0	1.0	0.8571428571428571	0.9032258064516128	0.90625	0.9655172413793104	1.0	1.0	1.0	Tumor
29ce926f-d72e-4064-8a7f-359d86cb9d11	1.0	0.9946996466431096	1.0	0.9858374384236454	0.6127659574468085	0.9097922848664688	0.9840153452685422	0.9455445544554456	0.9761904761904762	0.986328125	1.0	0.9663768115942027	0.9788732394366196	0.9970396684428656	0.995875073659399	0.999348109517601	0.975206611570248	0.9993364299933644	0.9731543624161074	Tumor
2c1b1cbb-6e9f-4416-8faa-abb31d6b4e0e	1.0	1.0	1.0	1.0	0.3513513513513513	0.9174311926605504	0.9753086419753086	0.8507462686567164	0.9	0.9772727272727272	1.0	0.9302325581395348	0.9722222222222222	0.9913793103448276	1.0	1.0	0.9545454545454546	1.0	0.9705882352941176	Tumor
2c555b4c-f219-40f9-95a4-bf96122b9c1c	1.0	0.9318181818181818	1.0	1.0	0.9375	0.9390243902439024	1.0	0.9746835443037974	0.9574468085106383	0.9814814814814816	1.0	0.9761904761904762	0.926829268292683	0.971830985915493	1.0	1.0	1.0	1.0	0.9761904761904762	Tumor
2d1e176a-adc9-4d8a-92cf-5cba5ab8e486	1.0	0.9743589743589745	0.9871794871794872	0.9629629629629628	0.725	0.9217391304347826	0.936842105263158	0.9572649572649572	0.98	0.9850746268656716	1.0	0.9615384615384616	0.9552238805970148	0.9907407407407408	0.9904761904761904	1.0	0.9693877551020408	1.0	0.9855072463768116	Tumor
2e4316d2-5fe5-4ee1-9b22-73f4c42b6202	0.9629629629629628	0.9387755102040816	0.9519230769230768	0.95	0.5128205128205128	0.9428571428571428	1.0	0.9615384615384616	1.0	0.921875	1.0	0.9886363636363636	0.8571428571428571	1.0	0.967741935483871	0.9705882352941176	0.96875	1.0	0.95	Tumor
2ed88c3e-bf61-4e2f-b06c-0b93c9f9402e	1.0	0.9959839357429718	0.9766536964980544	0.9805825242718448	0.4285714285714285	0.903114186851211	0.9621621621621622	0.8333333333333334	0.9032258064516128	0.9847094801223242	1.0	0.984126984126984	0.9	0.9908256880733946	0.9818181818181818	0.9961832061068704	1.0	1.0	0.9473684210526316	Tumor
304b7293-0a76-4028-9a18-58c87c751ceb	0.9393939393939394	0.9148936170212766	0.9555555555555556	0.9814814814814816	0.6666666666666666	0.9210526315789472	0.9014084507042254	0.8260869565217391	0.6538461538461539	0.7948717948717948	0.8378378378378378	1.0	0.9047619047619048	0.9298245614035088	0.8153846153846154	0.9722222222222222	0.6470588235294118	0.96875	0.896551724137931	Tumor
308e15c9-16b0-4f24-b9dc-e9dc91038579	1.0	0.9642857142857144	1.0	0.9767441860465116	0.475	0.8505747126436781	0.992063492063492	0.8	1.0	0.9887640449438202	1.0	0.9753086419753086	0.8333333333333334	0.9469026548672568	0.990909090909091	1.0	0.9545454545454546	1.0	1.0	Tumor
3099b2a6-0d46-4404-88b0-a3689b019c38	1.0	1.0	1.0	1.0	0.2291666666666666	0.9176470588235294	0.95	0.868421052631579	0.925	0.9726027397260274	1.0	0.9418604651162792	0.9722222222222222	0.9444444444444444	0.9859154929577464	0.9873417721518988	1.0	1.0	1.0	Tumor
315f3deb-74b5-4b71-afe5-759c85a0a6cc	1.0	0.992462311557789	1.0	0.9851351351351352	0.1707317073170731	0.8777777777777778	0.9619181946403385	0.7922077922077922	0.9666666666666668	0.9764428739693758	1.0	0.9555555555555556	1.0	0.9953542392566784	0.9898876404494382	1.0	0.9767441860465116	1.0	0.9333333333333332	Tumor
31bdedf8-eb1c-48ae-8d96-e06c2b3f27d2	1.0	0.9818511796733213	1.0	0.9878213802435724	0.4196891191709844	0.9413092550790068	0.9815028901734104	0.7211538461538461	0.9447852760736196	0.9730941704035876	1.0	0.9518716577540108	0.9617486338797814	0.981460023174971	0.9860950173812284	0.998803827751196	0.9710144927536232	1.0	0.9943502824858758	Tumor
343c349a-57ce-4599-8185-3ed2e15c6fdd	1.0	0.9838709677419356	1.0	0.988095238095238	0.5625	0.8589743589743589	0.9411764705882352	1.0	0.9	1.0	1.0	0.9836065573770492	0.9375	0.9882352941176472	0.9772727272727272	1.0	0.9	1.0	1.0	Tumor
35ded490-54db-46b8-bc62-a5a9314cf0b2	1.0	0.9629629629629628	1.0	1.0	0.75	0.9846153846153848	1.0	1.0	0.9649122807017544	0.92	1.0	1.0	1.0	1.0	0.9830508474576272	1.0	0.96	1.0	1.0	Tumor
3621ce2e-a1eb-4a45-ac06-779a780b0b99	1.0	0.9333333333333332	1.0	0.95	0.1428571428571428	0.782608695652174	0.8888888888888888	0.7857142857142857	0.925925925925926	0.9411764705882352	1.0	1.0	1.0	1.0	1.0	1.0	1.0	1.0	0.7142857142857143	Tumor
36998e69-e955-49da-b859-2092caff19cb	1.0	0.9935483870967742	1.0	0.9876543209876544	0.3698630136986301	0.8934624697336562	0.9660297239915074	0.8956521739130435	0.9532710280373832	0.985731272294887	1.0	0.9516380655226208	0.9322033898305084	0.9929639401934915	0.9907563025210084	0.9937332139659804	1.0	1.0	1.0	Tumor
36bbebb5-ba1e-4ac6-83b2-67ccd05e4939	1.0	0.9912280701754386	0.9828326180257512	0.9695945945945946	0.5	0.9026548672566372	0.986254295532646	0.9130434782608696	0.9701492537313432	0.9877300613496932	0.9967105263157896	0.9451476793248944	0.9545454545454546	0.991304347826087	0.9911242603550297	0.996742671009772	0.9464285714285714	1.0	0.9534883720930232	Tumor
36e48370-2ecb-4d2c-91ab-7f7426647213	1.0	0.9960845732184808	0.9992144540455616	0.9922535211267606	0.3170731707317073	0.8990760483297797	0.9827429609445958	0.7380952380952381	0.7941176470588235	0.979457079970653	1.0	0.955336866010598	0.8387096774193549	0.9952925353059852	0.9966329966329966	0.9984214680347278	0.9523809523809524	0.9984894259818732	0.9285714285714286	Tumor
37d359b3-d8f5-44cf-8f30-57dfdbbab8c1	1.0	0.9302325581395348	1.0	0.9587628865979382	0.4295774647887324	0.8467153284671532	0.9763779527559056	0.8661417322834646	0.916030534351145	0.9801980198019802	1.0	0.9629629629629628	0.8958333333333334	0.9652777777777778	0.9612403100775194	0.9830508474576272	0.967741935483871	1.0	0.9603960396039604	Tumor
3823e741-c29c-431e-9397-4d16a30ec473	0.9990403071017274	0.9952380952380953	0.9976275207591934	0.9916820702402958	0.2356020942408377	0.9306197964847364	0.9831730769230768	0.8940397350993378	0.9637681159420288	0.9859681945743686	1.0	0.9518900343642612	0.8901098901098901	0.9975409836065574	0.9975186104218362	0.9990089197224976	0.9642857142857144	1.0	0.9555555555555556	Tumor
38387a4f-c65d-4075-8133-fdf259e919ed	0.9761904761904762	0.9594594594594594	1.0	0.9210526315789472	0.072463768115942	0.9178082191780822	0.8888888888888888	0.6744186046511628	0.9117647058823528	0.9130434782608696	1.0	0.9577464788732394	0.8518518518518519	0.9705882352941176	0.9104477611940298	0.9710144927536232	0.8571428571428571	0.9761904761904762	0.9166666666666666	Tumor
3c3c4741-8eda-46fe-8d36-2cd683f4a987	1.0	0.9960474308300395	1.0	0.9871382636655948	0.7777777777777778	0.9333333333333332	0.98943661971831	0.8333333333333334	0.9	0.9817518248175182	1.0	0.9398496240601504	0.8636363636363636	0.9971830985915492	0.994269340974212	1.0	1.0	1.0	1.0	Tumor
3d31d7a9-76b8-41f4-a037-0dfe6a4ecb0c	1.0	0.9523809523809524	1.0	1.0	0.2083333333333333	0.9	0.9230769230769232	0.8181818181818182	0.8333333333333334	1.0	1.0	0.8333333333333334	0.9333333333333332	1.0	1.0	1.0	0.9047619047619048	1.0	1.0	Tumor
3daf8160-42c5-41bf-b251-77fce23a4aab	1.0	0.979591836734694	1.0	1.0	0.21875	0.7857142857142857	0.7272727272727273	0.975609756097561	0.9772727272727272	0.918918918918919	1.0	1.0	0.9393939393939394	1.0	1.0	1.0	0.9666666666666668	1.0	0.9615384615384616	Tumor
3ef3fd4b-ed5b-41e1-8096-c573cf609bd3	0.9951219512195122	0.9907621247113164	0.9907407407407408	0.9880239520958084	0.4094955489614243	0.8948339483394834	0.967984934086629	0.8181818181818182	0.9414225941422594	0.9862385321100916	0.9975550122249388	0.934640522875817	0.927461139896373	0.9753787878787878	0.99412915851272	0.9918200408997956	0.9666666666666668	1.0	1.0	Tumor
3f91fef1-b62c-4884-a882-c99bb6ca9613	1.0	1.0	1.0	1.0	0.825	0.7450980392156863	1.0	0.9736842105263158	1.0	1.0	1.0	0.9130434782608696	0.9333333333333332	1.0	1.0	1.0	1.0	1.0	0.9411764705882352	Tumor
4066800d-0b9e-4263-ba24-cab271630e41	1.0	0.9971771347918136	0.99442119944212	0.9910926365795724	0.5607476635514018	0.942769545222279	0.9842964824120602	0.8165137614678899	0.9615384615384616	0.9843953185955788	1.0	0.9566101694915254	0.5833333333333334	0.9971574758385446	0.9966101694915256	0.9989200863930886	0.979591836734694	1.0	0.9558823529411764	Tumor
40a31ab3-71fa-4f7b-a3b1-22e15ff0f358	1.0	1.0	1.0	0.978448275862069	0.4534883720930232	0.9012875536480688	0.9680365296803652	0.9	0.9	0.966346153846154	1.0	0.9659090909090908	0.9545454545454546	0.996138996138996	0.9961832061068704	1.0	0.9807692307692308	1.0	0.9523809523809524	Tumor
40a4fc74-f345-4940-be5c-249013782e4f	1.0	0.9865470852017936	0.995475113122172	0.9826388888888888	0.5846153846153846	0.8724137931034482	0.975	0.9305555555555556	1.0	0.9963503649635036	0.996309963099631	0.9649122807017544	0.9411764705882352	1.0	0.9870550161812298	1.0	0.9444444444444444	1.0	0.9411764705882352	Tumor
420197bd-db07-4df9-8f72-3d7d509ae1d0	1.0	0.9927140255009108	1.0	0.9984894259818732	0.3809523809523809	0.9705882352941176	0.989100817438692	0.7076923076923077	0.8035714285714286	0.9682080924855492	1.0	0.9428076256499134	0.926829268292683	0.9959183673469388	0.9972413793103448	0.9984894259818732	0.9692307692307692	1.0	1.0	Tumor
42b32308-71f1-4f21-935f-7e4e5751e332	1.0	0.9523809523809524	1.0	0.9473684210526316	0.3474801061007957	0.95	0.9682539682539684	0.8693009118541033	0.9432624113475178	0.9375	1.0	0.9743589743589745	0.939799331103679	0.9803921568627452	0.9558823529411764	0.991304347826087	0.9761904761904762	1.0	0.9040247678018576	Tumor
4331397f-eaf9-4e43-8fa2-e30ad3643aca	1.0	0.8823529411764706	1.0	0.9333333333333332	0.4545454545454545	0.8484848484848485	0.6	0.9166666666666666	0.96875	0.9473684210526316	1.0	0.7894736842105263	0.8947368421052632	1.0	0.967741935483871	1.0	0.8636363636363636	1.0	0.9473684210526316	Tumor
4497500a-5721-4d7a-8ed9-1ba7b42fb6ab	1.0	1.0	1.0	0.9662921348314608	0.5575221238938053	0.8629032258064516	0.991869918699187	0.9157894736842104	0.946808510638298	0.9856115107913668	1.0	0.937007874015748	0.96875	0.9703703703703704	0.984375	0.9727272727272728	0.9595959595959596	1.0	0.9375	Tumor
45f837c9-6b9e-4eed-ba56-9715b4a0356d	1.0	0.9945205479452056	0.997275204359673	0.9821073558648112	0.4835680751173709	0.916923076923077	0.985172981878089	0.855072463768116	0.981132075471698	0.9854166666666668	1.0	0.960212201591512	0.990990990990991	0.9917081260364844	0.9879725085910652	0.998324958123953	0.9241379310344828	1.0	0.9727272727272728	Tumor
466a4121-0583-47ee-9d54-1f1c2d47e381	1.0	0.9827586206896552	0.9833333333333332	0.9791666666666666	0.7804878048780488	0.9572649572649572	0.970873786407767	0.984126984126984	1.0	0.9838709677419356	1.0	0.9464285714285714	0.935483870967742	0.9887640449438202	0.99	0.991150442477876	0.961038961038961	1.0	0.9682539682539684	Tumor
4796719b-2fa2-40ee-9fa9-6a8caa703823	1.0	0.9901477832512317	0.9951456310679612	0.9958677685950412	0.3859649122807017	0.9288256227758008	0.9913793103448276	0.75	0.9607843137254902	0.9824561403508772	1.0	0.9554455445544554	0.8787878787878788	0.9858156028368794	0.98220640569395	1.0	0.9736842105263158	1.0	0.9655172413793104	Tumor
490dfd10-0c85-48a9-b4ce-22b4445ed504	1.0	1.0	1.0	0.95	0.4358974358974359	0.8888888888888888	1.0	0.8947368421052632	0.9375	0.8888888888888888	1.0	1.0	1.0	0.9565217391304348	0.9565217391304348	0.9411764705882352	1.0	1.0	0.9090909090909092	Tumor
49e456c9-c47b-4663-bf6f-9f8f4e4e71a5	1.0	0.9615384615384616	1.0	1.0	0.5294117647058824	0.8913043478260869	0.942528735632184	1.0	1.0	1.0	1.0	0.9803921568627452	1.0	0.9814814814814816	1.0	1.0	0.9090909090909092	1.0	1.0	Tumor
4a88d54f-c88c-4ffd-84c9-069b53f2cb28	0.99890590809628	0.9873595505617978	0.9971671388101984	0.9933035714285714	0.1219512195121951	0.906818181818182	0.9840737636211232	0.9714285714285714	0.8695652173913043	0.9861111111111112	1.0	0.9586776859504132	0.9666666666666668	0.9925681255161024	0.978441127694859	0.99833748960931	0.9743589743589745	1.0	0.90625	Tumor
4abd29b3-0a83-41d3-a741-bcc5b6d2f98a	1.0	0.967741935483871	1.0	0.96875	0.5555555555555556	0.9	0.9701492537313432	0.8888888888888888	0.9545454545454546	0.935064935064935	1.0	0.9661016949152542	0.875	1.0	1.0	1.0	0.9411764705882352	1.0	0.9142857142857144	Tumor
4c6f18b9-eb4c-4b7f-90ee-0c3194407be7	0.9991915925626516	0.9949324324324323	0.9974640743871512	0.9878577623590632	0.4375	0.8890392422192152	0.9744744744744744	0.831858407079646	0.9159663865546218	0.9858156028368794	1.0	0.947454844006568	0.9230769230769232	0.9963636363636365	0.9955489614243324	1.0	0.9859154929577464	1.0	0.9672131147540984	Tumor
4da20b00-8ed6-41ed-88d9-9969d15761c7	1.0	0.9473684210526316	1.0	1.0	0.7473684210526316	0.9154929577464788	1.0	0.8673469387755102	0.9166666666666666	0.9586776859504132	1.0	0.9183673469387756	0.9482758620689656	0.965034965034965	0.9635036496350364	0.9848484848484848	1.0	1.0	1.0	Tumor
4e3fbf45-1a73-437b-8d85-29aa0c8ac6b0	0.9989583333333332	0.9982195845697328	0.9982259018332348	0.989508822126848	0.4782608695652174	0.9092827004219408	0.9830729166666666	0.9384615384615383	0.8955223880597015	0.9871860584315736	0.99948132780083	0.9725146198830408	0.82	0.9936115843270868	0.9974003466204506	0.999536822603057	0.975	1.0	0.9777777777777776	Tumor
4eee2055-ed1f-4958-b214-4cff055c87bd	0.9994311717861206	0.9952181709503886	0.9982185273159144	0.9929460580912864	0.3129770992366412	0.9539078156312624	0.9908946951702295	0.8689655172413793	0.944954128440367	0.9933035714285714	1.0	0.9589832466782208	0.9871794871794872	0.9996318114874816	0.9973919523099852	0.99958071278826	0.9897959183673468	1.0	1.0	Tumor
4f3fa7c5-fe72-4b99-8a4f-9f487efc1ef1	1.0	0.990990990990991	0.981981981981982	0.9576271186440678	0.7563025210084033	0.9252336448598132	0.9885057471264368	0.9369369369369368	0.9801980198019802	0.9803921568627452	1.0	0.9732142857142856	0.9565217391304348	0.9923076923076924	1.0	0.99	0.988095238095238	1.0	1.0	Tumor
4fb42c7e-2a7e-4641-ae7c-e92fd9c2be11	1.0	1.0	1.0	0.9882352941176472	0.4696969696969697	0.8866995073891626	0.9581151832460733	0.9473684210526316	0.8695652173913043	0.9836065573770492	1.0	0.9133858267716536	0.9615384615384616	0.986425339366516	0.9590909090909092	1.0	0.9736842105263158	1.0	0.9565217391304348	Tumor
511ced4c-a861-4f26-9e29-afcf8d603fab	1.0	1.0	1.0	0.9959183673469388	0.4390243902439024	0.8957528957528957	0.991701244813278	0.9428571428571428	0.9583333333333334	0.9872881355932204	1.0	0.9521739130434784	0.8787878787878788	0.996268656716418	1.0	1.0	0.967741935483871	1.0	1.0	Tumor
51538db5-edf3-40bc-ae5e-dc9b552e8b53	0.9982238010657194	0.9940357852882704	1.0	0.9859375	0.5	0.9357249626307922	0.9838420107719928	0.9090909090909092	0.8823529411764706	0.9800995024875622	1.0	0.9577735124760076	0.9411764705882352	0.9930651872399444	0.9986541049798116	1.0	0.8823529411764706	1.0	0.9375	Tumor
54aca121-5b70-4833-84ac-c7506a57bd02	1.0	0.9902439024390244	0.996341463414634	0.9882978723404257	0.3777089783281733	0.9	0.9812080536912752	0.8819444444444444	0.9385964912280702	0.980603448275862	1.0	0.9501822600243012	0.9111111111111112	0.9850136239782016	0.9773972602739726	0.9972413793103448	0.9435897435897436	1.0	0.9647887323943662	Tumor
550812e9-ad67-4ae6-900e-572a051208a4	1.0	0.990990990990991	1.0	0.9767441860465116	0.3809523809523809	0.9438202247191012	0.9012345679012346	0.8666666666666667	1.0	0.9886363636363636	1.0	0.9821428571428572	0.9230769230769232	1.0	1.0	1.0	0.9166666666666666	1.0	1.0	Tumor
553e13f9-e00e-4b05-b934-c3837ad4d02d	1.0	0.9901960784313726	0.9957983193277312	0.9797225186766276	0.4615384615384615	0.943119266055046	0.9765066394279878	1.0	0.8333333333333334	0.9690844233055886	1.0	0.9573590096286108	0.9444444444444444	0.9969635627530364	0.9949392712550608	0.9990291262135922	1.0	1.0	1.0	Tumor
56f3a401-cf18-4d25-b4af-6bacca469041	0.8571428571428571	1.0	1.0	0.6086956521739131	0.5277777777777778	0.8823529411764706	0.9310344827586208	1.0	0.9565217391304348	0.9444444444444444	1.0	0.9285714285714286	0.9333333333333332	1.0	1.0	0.967741935483871	1.0	1.0	1.0	Tumor
570b216f-f99d-4be8-b179-48c8d30c6c06	1.0	1.0	1.0	0.9428571428571428	0.765625	0.8939393939393939	0.8833333333333333	0.96875	0.9534883720930232	0.9772727272727272	1.0	1.0	1.0	0.9726027397260274	0.971830985915493	1.0	1.0	1.0	1.0	Tumor
586df577-513d-4d43-ac47-89c52f322d30	0.9978213507625272	0.9978947368421052	0.9937369519832986	0.9916666666666668	0.4657534246575342	0.905982905982906	0.980430528375734	0.7954545454545454	0.9107142857142856	0.9914163090128756	0.9978213507625272	0.9769874476987448	0.875	0.9884488448844884	0.9982486865148862	0.9924953095684804	0.9534883720930232	0.9978213507625272	0.9772727272727272	Tumor
59c3ac05-7a99-4817-ae14-1584f2b7bf36	1.0	1.0	1.0	0.9473684210526316	0.3547400611620795	0.9449838187702264	0.9699570815450644	0.909433962264151	0.9370629370629372	0.9591836734693876	1.0	0.9402390438247012	0.9090909090909092	0.994475138121547	0.9804469273743016	1.0	0.9649122807017544	1.0	0.9540229885057472	Tumor
59fe0f14-0415-43b7-87c7-1098e4b434ea	1.0	0.972972972972973	1.0	0.975	0.4026845637583892	0.8524590163934426	0.9701492537313432	0.9278350515463918	0.9625	0.975609756097561	1.0	0.972972972972973	0.9701492537313432	0.9152542372881356	0.9818181818181818	0.981132075471698	0.9642857142857144	1.0	0.9848484848484848	Tumor
5a277308-f1bc-47b3-a397-aeabe9db8dc6	1.0	1.0	1.0	0.9785714285714284	0.3870967741935484	0.9565217391304348	0.9612903225806452	0.9142857142857144	1.0	0.9444444444444444	1.0	0.930635838150289	0.9130434782608696	1.0	0.9932432432432432	1.0	1.0	1.0	0.95	Tumor
5a3d1b74-f904-44ef-94a0-b38291e30be6	1.0	1.0	0.981203007518797	0.9928571428571428	0.5333333333333333	0.9777777777777776	0.9879518072289156	0.8571428571428571	0.9230769230769232	0.9696969696969696	1.0	0.9377289377289376	1.0	1.0	0.9891304347826086	0.9943502824858758	1.0	1.0	1.0	Tumor
5a61d29b-5ae6-41b6-8842-865463f72990	1.0	1.0	1.0	0.9285714285714286	0.5	0.9230769230769232	0.96875	0.896551724137931	0.9565217391304348	0.9523809523809524	1.0	1.0	0.9047619047619048	0.9761904761904762	1.0	1.0	1.0	1.0	0.9375	Tumor
5bd46a5d-2390-421c-a7aa-90ba77fed60d	1.0	0.9855769230769232	0.9857142857142858	1.0	0.6721311475409836	0.9381818181818182	0.9851851851851852	0.8939393939393939	1.0	0.9956140350877192	1.0	0.9802955665024632	0.96875	0.9929078014184396	0.9930795847750864	1.0	0.9772727272727272	1.0	0.9722222222222222	Tumor
5c66dcbd-024b-4a7b-b3aa-bbbaaf91ae78	1.0	0.9902818270165208	0.9951690821256038	0.9875	0.4247787610619469	0.9110405083399524	0.985280588776449	0.8545454545454545	0.9156626506024096	0.9776536312849162	1.0	0.9712092130518234	0.921875	0.994422310756972	0.9951961569255404	0.9982638888888888	0.9743589743589745	0.9990403071017274	0.9545454545454546	Tumor
5cc4350c-416e-4f2c-be73-12af68ad1ee4	1.0	0.9948586118251928	0.9955385595920968	0.9908256880733946	0.4256756756756756	0.9184160305343512	0.9843196762771876	0.9193548387096774	0.9142857142857144	0.9838917525773196	1.0	0.9661016949152542	0.9493670886075948	0.9873417721518988	0.9884836852207294	0.9943298969072164	0.935483870967742	1.0	0.9743589743589745	Tumor
5dc7afc5-90d0-4286-a6f9-c2548f930e35	1.0	0.9925925925925926	1.0	0.9857142857142858	0.1224489795918367	0.9079754601226994	0.9552238805970148	0.6428571428571429	1.0	0.975	1.0	0.9568345323741008	0.7894736842105263	1.0	0.9932885906040269	1.0	0.9787234042553192	1.0	0.9523809523809524	Tumor
5e4626c1-dcf9-4781-a2e7-f6afca7e2ee7	1.0	1.0	1.0	1.0	0.4468085106382978	0.8947368421052632	1.0	0.84375	0.9545454545454546	0.9666666666666668	1.0	0.95	0.9285714285714286	1.0	1.0	1.0	1.0	1.0	1.0	Tumor
61325789-0b1e-473d-8b71-5ec13ec1dcb7	1.0	0.9838709677419356	1.0	1.0	0.4444444444444444	0.9661016949152542	1.0	0.8108108108108109	0.9642857142857144	1.0	1.0	0.9384615384615383	0.925925925925926	0.9838709677419356	1.0	1.0	0.95	1.0	0.9565217391304348	Tumor
61ad862c-0bd2-4fcd-a9e1-f42e8099bd81	0.99875	0.992526158445441	0.997005988023952	0.9851351351351352	0.2114285714285714	0.9201183431952664	0.9834938101788172	0.7647058823529411	0.9280575539568344	0.9806996381182148	1.0	0.9566473988439308	0.8977272727272727	0.9871794871794872	0.9864532019704434	0.9989304812834224	0.921875	1.0	0.9625	Tumor
628501d9-94e5-440e-b39f-df0e3ea09986	1.0	0.9829059829059827	0.9915254237288136	0.9651162790697676	0.3838383838383838	0.8823529411764706	0.9878048780487804	0.8970588235294118	0.9230769230769232	0.9753086419753086	1.0	0.9649122807017544	0.8695652173913043	1.0	0.9895833333333334	1.0	0.9347826086956522	1.0	0.9130434782608696	Tumor
62aa3903-4f3b-4693-b5e5-fc5abce184de	1.0	1.0	1.0	0.979591836734694	0.4117647058823529	0.9285714285714286	0.9682539682539684	0.8125	1.0	1.0	1.0	0.9629629629629628	0.9285714285714286	0.9814814814814816	1.0	1.0	1.0	1.0	1.0	Tumor
6365a756-2e65-42cb-be4f-1f726915ca94	1.0	0.9973684210526316	0.9973753280839897	0.962809917355372	0.4431818181818182	0.9323899371069182	0.9776632302405498	0.9342105263157896	0.921875	0.9834368530020704	1.0	0.9353233830845772	0.875	1.0	0.9923954372623576	1.0	0.967741935483871	1.0	0.98	Tumor
650319bc-20e1-4451-bcb5-a35c360060ef	1.0	0.996124031007752	1.0	0.9837278106508875	0.4310344827586206	0.9149232914923292	0.9968304278922344	0.7358490566037735	0.9230769230769232	0.9917627677100496	1.0	0.9587242026266416	0.9523809523809524	0.9958217270194986	0.9903448275862068	0.9939668174962292	0.975	1.0	0.9166666666666666	Tumor
66116a4d-210d-45f8-8dba-3f8c79566ecc	1.0	0.9990950226244344	1.0	0.9900426742532006	0.3444444444444444	0.924430641821946	0.9887570268582137	0.8625	0.9701492537313432	0.9934782608695653	1.0	0.9671403197158082	0.9298245614035088	0.9978802331743508	0.9936034115138592	0.9983240223463687	0.9661016949152542	1.0	0.9636363636363636	Tumor
663797a8-ffd2-48a2-a5f6-992b5eb3c745	1.0	0.9916666666666668	0.975206611570248	1.0	0.7741935483870968	0.8571428571428571	0.9787234042553192	0.953125	0.9487179487179488	0.7169811320754716	1.0	0.957983193277311	0.7692307692307693	1.0	0.981132075471698	1.0	1.0	1.0	0.9523809523809524	Tumor
666548b5-7b80-42af-80f3-207063c35b3b	0.9980676328502416	0.9933407325194228	0.9955849889624724	0.980975029726516	0.4477611940298507	0.9757453259221828	0.9638989169675092	0.8309859154929577	0.875	0.9731182795698924	1.0	0.8757396449704142	0.8923076923076924	0.9939577039274924	0.9953319502074688	0.9964047252182844	0.9405940594059404	0.9990512333965844	0.8714285714285714	Tumor
674907a1-381a-4952-924a-52e2adf5ad19	1.0	0.9851190476190476	1.0	0.9816272965879264	0.6363636363636364	0.9123711340206184	0.9935064935064936	0.7916666666666666	0.9545454545454546	0.9857549857549858	1.0	0.975975975975976	0.7142857142857143	0.9954337899543378	0.990521327014218	1.0	0.9545454545454546	1.0	0.8571428571428571	Tumor
676cce88-9f6e-4490-8e73-c0e88bd00075	0.9997022923489134	0.9890572390572392	0.9949579831932772	0.9928117224218966	0.391304347826087	0.9042844120328168	0.98048251558688	0.816793893129771	0.956896551724138	0.9912357581069238	1.0	0.9527687296416938	0.8288288288288288	0.990076903994046	0.9935081148564294	0.9992449030958972	0.981981981981982	1.0	0.9659090909090908	Tumor
692ea666-b4ac-4e92-b712-96a67edaef56	1.0	0.9970559371933267	0.9990253411306044	0.9897172236503856	0.2916666666666667	0.9133278822567455	0.9778225806451613	0.9545454545454546	0.9565217391304348	0.9896800825593396	1.0	0.9575070821529744	0.875	0.9991980753809142	0.9960031974420464	0.9964317573595004	1.0	1.0	1.0	Tumor
69303772-638d-4171-84d2-cfa535256976	1.0	1.0	0.9310344827586208	1.0	0.75	0.9444444444444444	1.0	0.975609756097561	0.8947368421052632	1.0	1.0	0.9655172413793104	0.9411764705882352	1.0	1.0	0.9722222222222222	1.0	1.0	0.8947368421052632	Tumor
698e64da-61aa-4d7b-9f33-21d627cb4721	1.0	0.9904761904761904	1.0	0.9911937377690804	0.3142857142857143	0.9245960502692998	0.9788980070339977	0.8904761904761904	0.954248366013072	0.9720670391061452	1.0	0.9515706806282722	0.8373983739837398	0.9991438356164384	1.0	0.9942084942084942	0.9647887323943662	1.0	0.8809523809523809	Tumor
6db579c1-ef18-42a1-9921-d0456b90ff6f	1.0	0.9929245283018868	0.9976359338061466	0.9861111111111112	0.2363636363636363	0.8812877263581489	0.9638009049773756	0.8983050847457628	0.9583333333333334	0.9823232323232324	0.9974093264248703	0.9491916859122402	1.0	0.992063492063492	1.0	0.9931972789115646	0.94	0.9974293059125964	0.9230769230769232	Tumor
6ddab78f-8bf5-43ef-847b-f68c15475d46	1.0	0.9823788546255506	0.9757281553398058	0.8571428571428571	0.4923076923076923	1.0	1.0	0.9361702127659576	1.0	0.7181818181818181	1.0	0.9761904761904762	0.875	1.0	1.0	1.0	1.0	1.0	1.0	Tumor
6e8eeaae-cc26-4db8-85f6-5c975b06bf45	0.9984114376489276	0.997275204359673	0.9972844534962662	0.9861932938856016	0.4630872483221476	0.8955847255369929	0.9860742705570292	0.8625954198473282	0.9224137931034484	0.9884881043745204	1.0	0.9635520212060968	0.9056603773584906	0.9975475168608215	0.9950920245398772	0.9986693280106452	0.9172932330827068	1.0	0.9428571428571428	Tumor
6f73500d-4b23-4f14-911b-fbc69bd38f4b	1.0	0.9688581314878892	0.9964476021314388	0.9951690821256038	0.3037974683544304	0.9088235294117648	0.9876106194690264	0.873015873015873	0.9545454545454546	0.9851190476190476	1.0	0.9298831385642736	0.9347826086956522	0.998502994011976	0.992526158445441	0.9983870967741936	0.9342105263157896	1.0	0.9583333333333334	Tumor
6fb7c578-dec9-4fe8-a9bf-3888bb765658	1.0	1.0	0.995049504950495	1.0	0.5522388059701493	0.9220338983050848	0.9919028340080972	0.92	0.9454545454545454	0.9735849056603774	1.0	0.9801980198019802	0.9696969696969696	0.9965397923875432	0.9930795847750864	1.0	0.9444444444444444	1.0	0.96875	Tumor
707fad7d-f284-456a-abfa-17289b40579f	1.0	0.92	1.0	0.8333333333333334	0.4576271186440678	0.9142857142857144	0.96	0.9230769230769232	0.8367346938775511	0.9	1.0	0.9583333333333334	0.945945945945946	0.9642857142857144	0.9615384615384616	1.0	0.9777777777777776	1.0	0.9310344827586208	Tumor
723ed50c-2c78-4a3a-9f6e-9f9e8e264f6b	1.0	0.9903846153846154	0.9951690821256038	0.9936102236421726	0.5277777777777778	0.9315960912052116	0.9818181818181818	0.8787878787878788	0.9	0.9897260273972602	1.0	0.9220183486238532	0.9285714285714286	0.9908256880733946	0.9907692307692308	1.0	0.9565217391304348	1.0	0.9285714285714286	Tumor
7289e7d5-65af-4d53-a4de-2691991d90d6	1.0	1.0	1.0	0.935483870967742	0.1298701298701298	0.903846153846154	0.8181818181818182	0.8431372549019608	0.9148936170212766	0.9032258064516128	1.0	1.0	0.975609756097561	1.0	0.972972972972973	0.96	0.9583333333333334	1.0	1.0	Tumor
74179e5e-2d3c-417e-8844-6740ea9fb2e5	1.0	1.0	1.0	0.9766536964980544	0.2959183673469387	0.8934169278996865	0.9818840579710144	0.8840579710144928	0.9583333333333334	0.9673469387755104	1.0	0.9606299212598424	0.935483870967742	1.0	1.0	0.9965277777777778	0.9787234042553192	1.0	1.0	Tumor
74d50556-5de8-4eff-82e6-a3ad9c70020a	0.875	0.9285714285714286	0.9629629629629628	0.9285714285714286	0.3636363636363636	1.0	0.7727272727272727	0.782608695652174	0.9583333333333334	1.0	1.0	0.925925925925926	0.8888888888888888	0.8666666666666667	1.0	1.0	1.0	1.0	1.0	Tumor
754df69c-2fab-4037-8673-fd3be673fc09	0.9919354838709676	0.9888888888888888	1.0	1.0	0.4782608695652174	0.8618421052631579	0.9849624060150376	0.8421052631578947	1.0	0.9763779527559056	1.0	0.946808510638298	0.9444444444444444	0.9925925925925926	0.9716312056737588	1.0	1.0	1.0	1.0	Tumor
75525261-bd54-4e19-9f86-ab7b9cea3388	1.0	0.9782608695652174	0.98	0.9032258064516128	0.59375	0.9375	1.0	0.7931034482758621	1.0	1.0	1.0	0.9565217391304348	1.0	1.0	1.0	1.0	0.7058823529411765	1.0	0.9473684210526316	Tumor
75668632-f0c7-495b-ba34-cd4b00aa9450	1.0	0.99	1.0	1.0	0.5714285714285714	0.8353658536585366	0.9864864864864864	0.7560975609756098	0.8695652173913043	0.9854014598540146	1.0	0.9693877551020408	1.0	1.0	0.993975903614458	0.9857142857142858	1.0	1.0	0.9615384615384616	Tumor
75e67bb5-098c-4b48-8f5d-badc72dc4c47	1.0	1.0	0.9943661971830986	0.9845758354755784	0.5319148936170213	0.928400954653938	0.9907407407407408	0.8409090909090909	1.0	0.9825072886297376	1.0	0.971830985915493	0.9230769230769232	0.9976580796252928	0.9976580796252928	1.0	1.0	0.993939393939394	0.8709677419354839	Tumor
7647345c-1654-490f-9a18-b43005225bce	1.0	1.0	1.0	0.9626168224299064	0.25	0.8875	0.9724137931034482	0.8472222222222222	0.9423076923076924	0.979381443298969	1.0	0.9509803921568628	0.958904109589041	0.9852941176470588	0.9736842105263158	1.0	0.948051948051948	1.0	0.9411764705882352	Tumor
769dff27-1f9c-422d-8ba0-703136a9d5ca	1.0	0.9705882352941176	1.0	1.0	0.8627450980392157	0.8571428571428571	0.9777777777777776	0.9791666666666666	0.9565217391304348	1.0	1.0	0.9393939393939394	0.9069767441860463	0.9666666666666668	0.9807692307692308	0.9818181818181818	0.9534883720930232	1.0	1.0	Tumor
7733c059-09bd-40b4-9812-4bedd68d9d01	0.9882352941176472	1.0	1.0	0.9402985074626866	0.0869565217391304	0.9659090909090908	1.0	0.4814814814814814	1.0	0.9591836734693876	1.0	0.9727272727272728	0.967741935483871	0.961038961038961	0.9397590361445785	1.0	1.0	1.0	1.0	Tumor
7b7c91b5-0358-4d09-af89-26a791d7a23a	1.0	0.9921671018276762	0.9973821989528796	0.9842249657064472	0.3252032520325203	0.9027856736782264	0.9850657108721624	0.8303571428571429	0.967032967032967	0.9898832684824904	1.0	0.9688850475367328	0.9041095890410958	0.9911399881866508	0.9963481436396836	0.9974874371859296	0.9759036144578314	1.0	0.8732394366197183	Tumor
7be7033e-db49-45cd-8ea5-827266707b1e	1.0	1.0	0.945945945945946	0.8260869565217391	0.6410256410256411	0.8181818181818182	0.88	0.9285714285714286	1.0	0.9310344827586208	1.0	0.9705882352941176	1.0	0.9629629629629628	0.9615384615384616	1.0	0.9166666666666666	1.0	0.9090909090909092	Tumor
7d787768-efb1-462d-b5aa-5cbf6fc543d4	1.0	0.982608695652174	0.997067448680352	0.9819004524886876	0.5230769230769231	0.9536541889483066	0.9157608695652174	0.9767441860465116	1.0	1.0	0.9887218045112782	0.9596541786743517	0.9807692307692308	0.985858585858586	0.9806201550387597	0.9692028985507246	1.0	0.9814126394052044	0.8166666666666667	Tumor
7e6ed4fc-b4bf-46c7-9f31-24a0c32c039e	1.0	0.9980988593155894	1.0	0.9911347517730495	0.4347826086956521	0.890302066772655	0.9914675767918087	0.8709677419354839	0.8913043478260869	0.9879032258064516	1.0	0.9506398537477148	0.96875	0.9983079526226736	0.9982817869415808	0.9982238010657194	0.902439024390244	1.0	0.96875	Tumor
7fa3f262-b786-4b89-b38f-505bff13c382	0.9946380697050938	1.0	1.0	0.997067448680352	0.6	0.8994565217391305	0.976	0.9523809523809524	1.0	0.969309462915601	1.0	0.9565217391304348	0.7777777777777778	0.9972144846796658	1.0	1.0	1.0	1.0	1.0	Tumor
7faebca5-c36a-4a24-b785-5e673cf5a0ed	1.0	0.992337164750958	1.0	0.9847494553376906	0.297029702970297	0.8861940298507462	0.9703264094955488	0.8211920529801324	0.9649122807017544	0.9859154929577464	1.0	0.966355140186916	0.9863013698630136	0.9941972920696324	0.9922928709055876	0.9875518672199172	0.9252336448598132	1.0	0.9861111111111112	Tumor
8087339c-4fdc-42e4-94ff-299a59ae88a3	1.0	1.0	1.0	0.9655172413793104	0.2222222222222222	0.896551724137931	1.0	0.6875	0.9047619047619048	0.975609756097561	1.0	0.9375	0.8823529411764706	1.0	0.9722222222222222	1.0	1.0	1.0	1.0	Tumor
8095ebc6-d293-4668-9d83-8b3f35dd198d	1.0	0.9942528735632185	1.0	1.0	0.3857142857142857	0.8859315589353612	0.9702127659574468	0.8289473684210527	0.9482758620689656	0.9666666666666668	1.0	0.9351351351351352	0.9285714285714286	0.9955555555555556	1.0	1.0	0.9714285714285714	1.0	0.8604651162790697	Tumor
80982d2d-ce35-4251-a545-391c0d6295d8	1.0	0.9328358208955224	1.0	0.9366197183098592	0.4761904761904761	0.926829268292683	0.983739837398374	0.9111111111111112	0.8333333333333334	0.9294117647058824	1.0	0.9323308270676692	1.0	1.0	0.9753086419753086	1.0	0.925925925925926	1.0	1.0	Tumor
80de2366-cd3c-4b51-9957-06ac3e152cf0	1.0	1.0	1.0	0.986842105263158	0.4328358208955223	0.898989898989899	0.9757085020242916	0.7837837837837838	0.8070175438596491	0.9821428571428572	1.0	0.9820359281437124	0.9859154929577464	0.9925373134328358	0.9964028776978416	1.0	0.95	1.0	0.9135802469135802	Tumor
83834ecf-bc98-416a-98c0-824229e6cfe0	1.0	0.9917920656634748	0.9986168741355465	0.9936842105263158	0.5341506129597198	0.945868945868946	0.9859719438877756	0.9102564102564102	0.9698375870069604	0.9924812030075189	1.0	0.9551451187335092	0.9510022271714922	0.9930966469428008	0.9940711462450592	0.996996996996997	0.9591078066914498	1.0	0.976470588235294	Tumor
83f93d3f-d038-4773-a671-0f218f53821c	0.9949238578680204	0.9963768115942028	0.9927272727272728	1.0	0.6551724137931034	0.9193548387096774	0.992248062015504	1.0	1.0	0.930379746835443	1.0	0.9781818181818182	1.0	0.988593155893536	1.0	1.0	1.0	1.0	0.9047619047619048	Tumor
8634f872-177a-481f-ba51-62864c569001	1.0	0.9921875	0.9924812030075189	0.9702970297029704	0.6818181818181818	0.9192307692307692	0.9660194174757282	0.9084967320261438	0.9847328244274808	0.9723756906077348	1.0	0.9465648854961832	0.9469026548672568	0.98046875	0.9525691699604744	1.0	0.976	1.0	0.9797979797979798	Tumor
876216c7-72a1-4b1e-bd2b-fcb125ca91ae	1.0	0.9911894273127754	1.0	0.9883040935672516	0.2727272727272727	0.9152777777777776	0.9830938292476754	0.7575757575757576	0.9555555555555556	0.9897172236503856	1.0	0.950907150480256	0.8947368421052632	0.9863724853990916	0.9845360824742267	0.9947169811320756	0.94	0.9982222222222222	0.9743589743589745	Tumor
87c074cd-bcd8-4280-a12e-b205f50e139c	1.0	1.0	1.0	0.926829268292683	0.4848484848484848	0.8723404255319149	0.9574468085106383	0.9393939393939394	0.84375	0.9047619047619048	1.0	0.9142857142857144	0.875	1.0	0.9272727272727272	0.9318181818181818	1.0	0.975	1.0	Tumor
89424841-6b5a-4f5f-b5c2-209630c6f597	0.997067448680352	0.9777777777777776	1.0	0.9891891891891892	0.4933333333333333	0.9045553145336226	0.98014888337469	0.8873239436619719	0.9027777777777778	0.9971910112359552	1.0	0.9532710280373832	0.9642857142857144	0.9976019184652278	1.0	0.9952380952380953	0.9347826086956522	1.0	1.0	Tumor
898f9214-8dab-4b92-9233-70c06c60078c	1.0	0.890625	1.0	1.0	0.72	0.9178082191780822	0.9814814814814816	0.9183673469387756	0.9722222222222222	0.9655172413793104	1.0	0.9827586206896552	0.95	1.0	1.0	0.9852941176470588	1.0	1.0	1.0	Tumor
8997a81b-4046-4c31-91f6-7c1519f1d2ec	0.9984	0.9979674796747968	0.9979674796747968	0.9894578313253012	0.3474576271186441	0.912536443148688	0.9953125	0.7265625	0.9605263157894736	0.9952755905511812	1.0	0.9720558882235528	0.9506172839506172	1.0	0.9887798036465638	1.0	0.875	1.0	0.9861111111111112	Tumor
8afeab3f-89ee-4901-8a32-d13587dbcab5	1.0	0.9931972789115646	0.9866666666666668	0.9776119402985076	0.1634615384615384	0.8988095238095238	0.9649122807017544	0.7614213197969543	0.9333333333333332	0.9225352112676056	1.0	0.929936305732484	0.8833333333333333	1.0	0.9938650306748468	1.0	0.9629629629629628	1.0	0.9047619047619048	Tumor
8b9d534c-0d48-4d88-bbb2-a866d7e73a55	1.0	0.9777777777777776	1.0	1.0	0.625	0.971153846153846	0.9444444444444444	1.0	0.90625	0.9080459770114944	1.0	0.9487179487179488	1.0	1.0	0.9931506849315068	1.0	1.0	1.0	1.0	Tumor
8bfd50fb-d6d8-44cd-a492-1e0a983e40b6	1.0	1.0	1.0	1.0	0.4318181818181818	0.918918918918919	1.0	0.9347826086956522	1.0	1.0	1.0	0.925	0.9375	1.0	1.0	1.0	1.0	1.0	0.9655172413793104	Tumor
8d0f534a-a0b1-4d8e-9ca5-042f8a0a4e52	0.9852941176470588	0.9746835443037974	0.9873417721518988	1.0	0.1388888888888889	0.8958333333333334	0.8709677419354839	0.6829268292682927	0.9393939393939394	0.9402985074626866	1.0	0.9506172839506172	0.8484848484848485	0.9888888888888888	1.0	0.9885057471264368	0.896551724137931	0.9852941176470588	0.9545454545454546	Tumor
8d1641ea-7552-4d23-9298-094e0056386a	1.0	0.9927745664739884	0.9928366762177652	0.9888734353268428	0.272	0.9168591224018476	0.9769820971867008	0.8762886597938144	0.9090909090909092	0.97712833545108	1.0	0.9586894586894588	0.9333333333333332	0.990159901599016	0.9876695437731196	0.99874213836478	0.8732394366197183	1.0	1.0	Tumor
8e6bbb91-f5de-4615-8a29-37c8f401dbe9	1.0	1.0	1.0	1.0	0.8192771084337349	0.8571428571428571	0.9230769230769232	0.9594594594594594	0.9857142857142858	1.0	1.0	0.9767441860465116	0.9206349206349206	0.9733333333333334	1.0	1.0	0.9782608695652174	1.0	0.9344262295081968	Tumor
8f08cee9-a91f-4305-bf8d-efeee9cd386c	1.0	1.0	1.0	1.0	0.6551724137931034	0.9285714285714286	1.0	0.8064516129032258	1.0	0.9473684210526316	1.0	1.0	0.9285714285714286	1.0	1.0	1.0	0.9523809523809524	1.0	1.0	Tumor
8f4d89ea-3207-4fa7-9898-9b78cb971577	1.0	1.0	0.9615384615384616	1.0	0.2142857142857142	1.0	0.7692307692307693	0.4666666666666667	0.9047619047619048	0.896551724137931	1.0	1.0	0.8333333333333334	1.0	0.9523809523809524	1.0	0.9333333333333332	1.0	1.0	Tumor
8fe92722-33b4-421a-9229-7d82e8af0ce2	1.0	0.96875	1.0	0.975	0.7384615384615385	0.8888888888888888	0.979591836734694	0.9672131147540984	0.9230769230769232	0.9714285714285714	1.0	1.0	1.0	1.0	1.0	1.0	0.945945945945946	1.0	1.0	Tumor
8fff7b55-a9c5-4179-a86a-80bff4fed1b0	1.0	1.0	1.0	0.975206611570248	0.3442622950819672	0.8880597014925373	0.9910714285714286	0.8913043478260869	0.9322033898305084	0.9914529914529916	1.0	0.9353233830845772	0.9655172413793104	0.9808917197452228	0.9929078014184396	1.0	0.8529411764705882	1.0	0.9	Tumor
9053485e-19f7-4d2b-b4b6-361d908cc708	1.0	0.9090909090909092	1.0	0.9642857142857144	0.4117647058823529	0.8529411764705882	0.935483870967742	0.8947368421052632	0.96875	1.0	1.0	1.0	0.975	0.9	0.9534883720930232	0.9666666666666668	0.9629629629629628	1.0	1.0	Tumor
90a1bbd2-6b26-4d1c-b255-df5499d1da6c	1.0	0.975	1.0	0.9591836734693876	0.8367346938775511	0.7719298245614035	0.9090909090909092	0.981132075471698	0.9615384615384616	0.9777777777777776	1.0	0.9722222222222222	0.967741935483871	0.9848484848484848	1.0	0.9565217391304348	0.9807692307692308	1.0	1.0	Tumor
914508e1-ccc8-47ff-a225-7aca326a54dd	0.9988066825775656	0.9930362116991645	0.99442119944212	0.9905561385099684	0.4888888888888889	0.9349056603773584	0.9832535885167464	0.8117647058823529	0.875	0.9905771495877504	0.9988066825775656	0.9354413702239788	0.9142857142857144	0.9990029910269193	0.9920477137176938	0.9959798994974874	0.925925925925926	1.0	1.0	Tumor
91941243-48d2-4416-b104-0affb8c46316	1.0	1.0	0.9973190348525468	0.9908321579689704	0.3888888888888889	0.9560643564356436	0.9832605531295489	0.7121212121212122	0.8970588235294118	0.9841549295774648	1.0	0.9534282018111256	0.9090909090909092	0.9980171844018506	0.9953764861294584	0.9961414790996784	0.9130434782608696	1.0	1.0	Tumor
922ac2aa-8619-47ef-99d8-160e19861f57	1.0	1.0	1.0	0.9230769230769232	0.8620689655172413	0.9130434782608696	0.9333333333333332	1.0	0.9642857142857144	0.95	1.0	0.9230769230769232	0.8095238095238095	1.0	1.0	1.0	1.0	1.0	0.9444444444444444	Tumor
92b7faad-a817-4464-a074-9b64bf25fad5	0.9974342527261064	0.9661016949152542	0.999	0.9705882352941176	0.4976525821596244	0.95355318160706	0.9739500265816056	0.9314516129032258	0.9452054794520548	0.982608695652174	1.0	0.9080675422138836	0.9148936170212766	0.9817329054554432	0.9717408691015728	0.9963697967086156	0.9490445859872612	1.0	0.8661417322834646	Tumor
92e1baff-0f43-4841-aab9-fdda0078673a	1.0	0.9846153846153848	1.0	0.9726027397260274	0.2688172043010752	0.9014084507042254	0.9858490566037736	0.9506172839506172	0.9883720930232558	0.9772727272727272	1.0	0.9548872180451128	0.9310344827586208	0.9952380952380953	0.9952380952380953	0.9948186528497408	1.0	1.0	0.9384615384615383	Tumor
930d7c02-c230-4d19-9247-74fb0e02d524	1.0	0.6956521739130435	1.0	1.0	0.7540983606557377	1.0	1.0	1.0	0.9666666666666668	0.9210526315789472	1.0	1.0	1.0	0.9761904761904762	1.0	1.0	1.0	1.0	1.0	Tumor
951bac30-0a85-4dd8-8470-c1a3b84817f9	0.9983870967741936	0.9940711462450592	0.998031496062992	0.9584615384615384	0.3571428571428571	0.9388888888888888	0.9713914174252276	0.9298245614035088	0.9207920792079208	0.9694656488549618	1.0	0.9437148217636022	0.9333333333333332	0.9986945169712794	0.9892037786774628	1.0	0.9876543209876544	1.0	0.9759036144578314	Tumor
952e9924-3a48-4572-bf4c-95e5049e452d	1.0	0.993421052631579	0.9869281045751634	0.9951456310679612	0.325	0.8835341365461847	0.9570552147239264	0.75	0.875	1.0	1.0	0.9433962264150944	0.6666666666666666	0.9955555555555556	0.9822222222222222	1.0	1.0	1.0	1.0	Tumor
956570e5-7ed4-4d17-a830-f1bc67a7af15	1.0	0.972972972972973	1.0	0.9555555555555556	0.8181818181818182	0.9423076923076924	0.95	0.85	1.0	0.979591836734694	1.0	0.9473684210526316	0.8095238095238095	0.94	1.0	1.0	0.95	1.0	1.0	Tumor
95e450bd-ff88-4498-9418-e09883c94988	0.9988016776512882	0.9953524399690162	0.9946029298380878	0.9887218045112782	0.527027027027027	0.8993183009963294	0.9816893089190786	0.8533333333333334	0.9833333333333332	0.9877551020408164	1.0	0.955290611028316	0.9782608695652174	0.9973971889640812	0.9968733715476812	0.9994186046511628	1.0	1.0	1.0	Tumor
9634f770-bc93-4dfa-949c-98a6da30a102	1.0	1.0	1.0	1.0	0.25	0.9428571428571428	0.9672131147540984	0.7692307692307693	0.9333333333333332	0.9866666666666668	1.0	0.9482758620689656	0.9090909090909092	1.0	0.9879518072289156	1.0	1.0	1.0	0.9230769230769232	Tumor
967f7008-e212-4114-ab43-dc2a6295f80c	1.0	0.9473684210526316	1.0	0.9166666666666666	0.6785714285714286	0.9166666666666666	1.0	0.8918918918918919	0.9310344827586208	0.95	1.0	0.9411764705882352	0.9629629629629628	1.0	0.9615384615384616	0.9565217391304348	1.0	1.0	0.9230769230769232	Tumor
967fde0b-9c38-4c69-97f2-9640ebe1dc9a	1.0	1.0	0.979591836734694	0.9523809523809524	0.59375	0.9264705882352942	1.0	0.8888888888888888	0.9772727272727272	0.9594594594594594	1.0	0.9387755102040816	0.9523809523809524	0.9629629629629628	0.9636363636363636	0.984375	0.9444444444444444	1.0	1.0	Tumor
990f1383-2ef6-426a-a650-e182010a8281	0.9987405541561712	0.9827981651376146	0.9953917050691244	0.9815668202764976	0.4172661870503597	0.8915779283639884	0.980603448275862	0.847682119205298	0.9701492537313432	0.9794149512459372	1.0	0.9494949494949496	0.9574468085106383	0.9926160337552744	0.9873284054910244	1.0	0.9855072463768116	0.9987562189054726	1.0	Tumor
9926a02f-9fa7-42c9-bfa1-e6ec45018fed	1.0	0.94	1.0	0.9782608695652174	0.9302325581395348	0.984375	0.9833333333333332	1.0	0.9555555555555556	0.9315068493150684	1.0	1.0	0.9555555555555556	1.0	0.9375	1.0	0.9	1.0	1.0	Tumor
99d31369-3db2-4631-bc62-1aa6927476ad	1.0	0.9813664596273292	1.0	0.9919678714859438	0.5925925925925926	0.934065934065934	0.9783393501805054	0.96	0.9285714285714286	0.9794238683127572	1.0	0.9693251533742332	0.9444444444444444	0.98943661971831	0.9965156794425089	0.996078431372549	1.0	1.0	1.0	Tumor
9c0696ab-2bd6-4372-8b10-8222816de48e	1.0	0.9622641509433962	0.9807692307692308	0.9803921568627452	0.75	0.935064935064935	0.9878048780487804	0.9491525423728814	0.9661016949152542	0.961038961038961	1.0	0.9622641509433962	0.9142857142857144	0.976470588235294	0.988095238095238	1.0	0.94	1.0	1.0	Tumor
9c2ed2bb-8ee1-441e-9f3b-ffbb4def2673	0.9997045790251108	0.9905985584456284	0.9987405541561712	0.992309732166534	0.280943025540275	0.900865460267506	0.9735980352026198	0.8668171557562077	0.941952506596306	0.9885353969618802	1.0	0.94770253929867	0.9772727272727272	0.995558516544526	0.9966405375139976	0.9995638901003052	0.9753846153846154	0.9997069167643612	0.9478260869565216	Tumor
9c706e45-00da-42cd-933f-1f42f0b6942e	1.0	1.0	1.0	1.0	0.5909090909090909	1.0	1.0	1.0	1.0	0.9473684210526316	1.0	1.0	1.0	1.0	1.0	1.0	1.0	1.0	0.9411764705882352	Tumor
9d2a209e-f610-4bde-8265-ef7e7e7ac0c4	1.0	0.9783236994219652	1.0	0.996216897856242	0.6566265060240963	0.8849945235487404	0.9946236559139784	0.8471337579617835	0.9636363636363636	0.9908883826879272	1.0	0.9375	1.0	0.9953488372093025	0.9881516587677726	0.9975460122699388	1.0	1.0	0.9876543209876544	Tumor
9d515fd5-009a-4c32-95e7-042909d70b9f	1.0	0.9814814814814816	1.0	1.0	0.7254901960784313	0.8658536585365854	0.971830985915493	1.0	1.0	0.9863013698630136	1.0	0.9285714285714286	0.75	0.9836065573770492	0.9692307692307692	0.9864864864864864	0.951219512195122	0.9821428571428572	0.7647058823529411	Tumor
9e94e2ce-f6a9-4358-b96e-266207b9ce34	1.0	0.9916666666666668	1.0	1.0	0.1785714285714285	0.8723404255319149	0.9802631578947368	0.8095238095238095	1.0	0.9935897435897436	1.0	0.975	0.7142857142857143	1.0	1.0	0.970414201183432	1.0	1.0	1.0	Tumor
9ee600fe-20c7-4b1f-b08f-15d3d38a5c52	1.0	0.8918918918918919	0.9705882352941176	0.9230769230769232	0.5	0.9285714285714286	0.7692307692307693	0.8823529411764706	1.0	1.0	1.0	0.9428571428571428	0.9655172413793104	1.0	1.0	1.0	1.0	1.0	1.0	Tumor
9fb65d01-d51d-4cbb-99f3-a09f5d6c206b	1.0	1.0	1.0	1.0	0.380281690140845	0.9322033898305084	0.9803921568627452	0.8666666666666667	1.0	0.9666666666666668	1.0	1.0	0.8888888888888888	0.9827586206896552	0.9649122807017544	1.0	0.9534883720930232	1.0	0.96875	Tumor
a068f661-e689-4e30-9572-3103039981aa	1.0	0.9887005649717514	1.0	0.9906542056074766	0.4358974358974359	0.9074733096085408	0.9847908745247148	0.927536231884058	0.9183673469387756	0.985981308411215	1.0	0.9510869565217392	0.8421052631578947	0.9884169884169884	0.9961538461538462	0.9961089494163424	0.935483870967742	1.0	0.9607843137254902	Tumor
a12e5c24-f0ea-4770-9888-20e1c562e436	1.0	1.0	1.0	0.9583333333333334	0.3809523809523809	0.9230769230769232	0.84	0.8888888888888888	0.9565217391304348	1.0	1.0	0.9166666666666666	0.75	1.0	1.0	1.0	0.9375	1.0	1.0	Tumor
a17d056c-59ee-4c93-9357-19d57f108144	1.0	0.9433962264150944	1.0	0.9642857142857144	0.36	0.94	0.9487179487179488	0.8695652173913043	1.0	1.0	1.0	0.9803921568627452	1.0	0.9850746268656716	0.9850746268656716	1.0	1.0	1.0	1.0	Tumor
a2a798c5-3b1e-4192-8c6a-8c627cd0879e	1.0	0.9701492537313432	1.0	0.986842105263158	0.55	0.872093023255814	0.9782608695652174	0.9554140127388536	0.9722222222222222	0.9625	1.0	0.8552631578947368	0.9466666666666668	0.9518072289156626	1.0	0.974025974025974	0.9523809523809524	1.0	0.961038961038961	Tumor
a2b214c2-a5d4-4ce6-b505-e1438027236d	0.9984162895927602	0.9963119072708114	0.9989473684210526	0.991284577491474	0.3666666666666666	0.932056711471184	0.9896589658965896	0.7096774193548387	0.9696969696969696	0.9918123478645718	1.0	0.952813525107242	0.9743589743589745	0.9979686057248384	0.9983327158206744	0.999605367008682	0.975	0.9997746224926752	1.0	Tumor
a31cd337-8f1a-451d-9b90-b722590d3105	1.0	0.9130434782608696	0.9583333333333334	1.0	0.1764705882352941	0.9090909090909092	0.8	0.8666666666666667	0.8947368421052632	0.9090909090909092	1.0	0.75	0.9333333333333332	1.0	1.0	1.0	0.9523809523809524	1.0	1.0	Tumor
a3624554-07c8-41d7-9b6b-f4cbf9de9301	0.99959661153691	0.995279307631786	0.99921568627451	0.9835626911314984	0.308411214953271	0.9021604938271603	0.9802919708029196	0.7810945273631841	0.9176470588235294	0.9889807162534436	1.0	0.96988416988417	0.949685534591195	0.9941463414634146	0.9944983818770228	0.997615803814714	0.9285714285714286	0.999599519423308	0.9371069182389936	Tumor
a4cf670f-1627-42cf-9917-fc2c89708353	0.9873417721518988	1.0	1.0	0.9879518072289156	0.7783505154639175	0.8797814207650273	0.9864864864864864	0.9891304347826086	0.961783439490446	0.9767441860465116	1.0	0.9636363636363636	0.908256880733945	0.9931506849315068	0.9785714285714284	0.9938271604938272	0.968503937007874	1.0	0.9809523809523808	Tumor
a622a28b-a3ac-495b-b696-2a11e0e0e2ad	1.0	1.0	1.0	1.0	0.6888888888888889	0.8823529411764706	1.0	1.0	0.975	0.9142857142857144	1.0	1.0	0.9523809523809524	1.0	1.0	0.9782608695652174	1.0	1.0	0.9523809523809524	Tumor
a740aa2d-a410-443f-99f4-3a123deb2f41	1.0	0.9895833333333334	1.0	0.9510869565217392	0.4127659574468085	0.8993288590604027	1.0	0.8181818181818182	0.9385964912280702	0.9622641509433962	1.0	0.9623287671232876	0.8533333333333334	0.9759615384615384	0.961352657004831	1.0	0.9724770642201837	1.0	0.9714285714285714	Tumor
a78e7939-a1ea-4b9d-ae55-3c1dc985bbd8	1.0	1.0	1.0	1.0	0.2352941176470588	0.9104477611940298	0.967741935483871	0.9411764705882352	0.9166666666666666	0.9836065573770492	1.0	0.8909090909090909	0.9333333333333332	0.9702970297029704	0.9891304347826086	1.0	0.9375	1.0	1.0	Tumor
a854c368-6e81-4ade-9ea9-afbee1c4c448	1.0	0.9904214559386972	0.9980732177263968	0.9787878787878788	0.5813953488372093	0.9243589743589744	0.9761273209549072	0.9402173913043478	0.925925925925926	0.9823434991974318	0.9967051070840196	0.9520295202952028	0.9327731092436976	0.9891745602165088	0.9850340136054422	0.9972375690607734	0.96875	0.9983660130718954	0.9439252336448598	Tumor
a8e0466b-d106-44b7-b846-c4fb666715f5	1.0	1.0	1.0	1.0	0.5128205128205128	0.7872340425531915	0.9545454545454546	0.9347826086956522	0.9090909090909092	1.0	1.0	0.8709677419354839	0.8571428571428571	0.9777777777777776	1.0	1.0	0.9230769230769232	1.0	0.8666666666666667	Tumor
a90d3b2d-38f9-455c-88cd-73d5b3729491	1.0	0.9929078014184396	0.9952830188679244	0.983720930232558	0.2545454545454545	0.9188712522045857	0.9872448979591836	0.8947368421052632	1.0	0.9924433249370276	1.0	0.9516129032258064	0.8292682926829268	0.9979716024340772	0.9880239520958084	1.0	0.967741935483871	1.0	0.9705882352941176	Tumor
aa3cbc51-b74d-44b1-9043-cb2b9855a72b	0.9973474801061007	0.9829683698296836	0.9782082324455206	0.9516129032258064	0.0701754385964912	0.896551724137931	0.9628252788104088	0.8431372549019608	0.9541984732824428	0.9974358974358974	1.0	0.9359605911330048	0.9746835443037974	0.9918367346938776	0.9590163934426228	0.9932584269662922	0.9326923076923076	1.0	0.896551724137931	Tumor
aa3d8e3d-68cb-47dc-80c0-d50917cb4878	1.0	0.993939393939394	1.0	0.9799196787148594	0.2776280323450135	0.9536423841059604	0.9789473684210528	0.920424403183024	0.96	0.9273743016759776	1.0	0.9874213836477987	0.9682539682539684	0.961904761904762	0.9751552795031057	0.993103448275862	0.956386292834891	1.0	1.0	Tumor
ab3b04d0-d1fb-48f4-aae2-9ef96c9f5fb2	1.0	1.0	1.0	0.9722222222222222	0.4193548387096774	0.9295774647887324	0.9295774647887324	0.9	0.9298245614035088	1.0	1.0	1.0	0.96875	0.9824561403508772	0.9411764705882352	1.0	0.9473684210526316	1.0	0.9705882352941176	Tumor
abb411d3-1474-4e6e-afa9-23b974d9a557	1.0	1.0	1.0	0.981981981981982	0.7647058823529411	0.9071207430340558	0.9920948616600792	0.8888888888888888	0.912280701754386	0.9918032786885246	1.0	0.9655172413793104	0.96	0.9913419913419912	0.9957983193277312	1.0	0.918032786885246	1.0	1.0	Tumor
ac175796-57dc-4de1-b6a2-eb71416e4c47	1.0	1.0	1.0	0.9723320158102768	0.4216867469879518	0.9579439252336448	0.9820359281437124	0.8472222222222222	0.975609756097561	0.9806763285024156	1.0	0.8848920863309353	1.0	0.9964028776978416	0.982078853046595	1.0	0.8387096774193549	0.9947368421052633	1.0	Tumor
ad8c55ae-46df-43cd-8cb5-c049e3019959	1.0	0.978102189781022	1.0	0.9622641509433962	0.6190476190476191	0.8888888888888888	0.9929577464788732	0.9166666666666666	0.9166666666666666	1.0	1.0	0.9640287769784172	1.0	0.9743589743589745	1.0	1.0	0.8421052631578947	1.0	1.0	Tumor
ad930bd1-0026-4f83-92e2-23170c1965aa	1.0	1.0	1.0	0.9720670391061452	0.4166666666666667	0.9060773480662984	0.9324324324324323	0.7560975609756098	0.95	1.0	1.0	0.9402985074626866	1.0	0.9846153846153848	1.0	0.993939393939394	0.921875	0.9931506849315068	0.9787234042553192	Tumor
ae4a5866-347f-4850-b4c8-a009d0765021	1.0	0.984375	1.0	0.9784688995215312	0.2264150943396226	0.9518072289156626	0.9605809128630706	0.7058823529411765	0.9523809523809524	0.9721577726218096	1.0	0.928395061728395	1.0	0.9925925925925926	0.9608540925266904	0.9981981981981982	1.0	1.0	1.0	Tumor
ae8996bd-b0b7-4f9b-91fa-606f95d49f8c	1.0	0.986842105263158	1.0	1.0	0.2289156626506024	0.8947368421052632	0.9696969696969696	0.8260869565217391	0.9859154929577464	0.9733333333333334	1.0	0.9615384615384616	0.8571428571428571	0.963302752293578	0.9813084112149532	1.0	1.0	1.0	1.0	Tumor
af83a9af-a11f-4c29-a61f-8f0d2b5868c1	1.0	1.0	1.0	0.9318181818181818	0.1904761904761904	0.96	1.0	0.7804878048780488	0.9666666666666668	0.975609756097561	1.0	0.9574468085106383	0.9032258064516128	0.9649122807017544	0.9666666666666668	0.979591836734694	0.868421052631579	1.0	0.9705882352941176	Tumor
b0c13073-8725-4707-983c-506fe46205d7	1.0	0.9913793103448276	1.0	1.0	0.2296296296296296	0.9310344827586208	0.9906542056074766	0.86	0.9292929292929292	0.9743589743589745	1.0	0.9426229508196722	0.9230769230769232	0.989247311827957	0.9893617021276596	1.0	0.9571428571428572	1.0	0.972972972972973	Tumor
b1366128-6ab0-4205-ae2b-a854e8ad45bf	1.0	0.9957627118644068	1.0	0.9912280701754386	0.3410852713178294	0.92507204610951	0.9847908745247148	0.8727272727272727	0.9021739130434784	0.993485342019544	1.0	0.9510204081632652	0.8860759493670886	0.9944289693593314	1.0	1.0	1.0	1.0	0.9466666666666668	Tumor
b1e03953-263f-4331-b386-487cdc897425	1.0	1.0	1.0	1.0	0.7866666666666666	0.9484536082474226	0.9857142857142858	0.9714285714285714	0.9464285714285714	1.0	1.0	0.9787234042553192	0.9761904761904762	1.0	0.9855072463768116	1.0	0.9387755102040816	1.0	0.9545454545454546	Tumor
b1e1ae0d-4558-4d30-9b20-79aa40fa5a2a	1.0	0.9854545454545456	0.9970738844184344	0.9917888563049854	0.5913978494623656	0.9192160611854684	0.985224586288416	0.8468468468468469	0.9285714285714286	0.9796529024536206	1.0	0.9542857142857144	0.9821428571428572	0.9865005192107996	0.988421052631579	0.999479979199168	0.9207920792079208	0.9993846153846154	0.9666666666666668	Tumor
b31c9e1c-be79-4264-81a3-40b67f1f0bde	1.0	1.0	1.0	1.0	0.4	0.8979591836734694	0.8918918918918919	0.7777777777777778	1.0	0.9117647058823528	1.0	0.8888888888888888	0.9	0.9473684210526316	0.9	1.0	0.9047619047619048	0.96	0.9090909090909092	Tumor
b35809ed-747b-46b9-9921-e14d859e5b5d	1.0	0.9964664310954064	1.0	0.9908316961362148	0.1724137931034483	0.9291938997821352	0.9803318992009834	0.7241379310344828	0.945945945945946	0.983125458547322	1.0	0.9774109470026064	0.9333333333333332	0.9977246871444824	0.9982798165137616	0.9982456140350876	0.9032258064516128	1.0	0.9629629629629628	Tumor
b3861080-a052-4432-82f8-193122ab29d4	1.0	1.0	0.9944903581267218	0.9875	0.5348837209302325	0.925531914893617	0.9891774891774892	0.7674418604651163	0.9428571428571428	0.984126984126984	1.0	0.9753424657534246	0.9642857142857144	0.9949664429530202	0.9966159052453468	1.0	0.918918918918919	1.0	1.0	Tumor
b3d432d6-0b86-4407-98e2-99c1971283a8	0.9988425925925926	0.9971139971139972	1.0	0.985200845665962	0.3551401869158878	0.9076492537313432	0.9865642994241842	0.8207547169811321	0.9767441860465116	0.989749430523918	1.0	0.949175824175824	0.9886363636363636	0.9971590909090908	0.9913378248315688	0.9989754098360656	0.9714285714285714	1.0	0.9361702127659576	Tumor
b47b2efb-02e1-4729-95ad-de05fb551bc7	0.9990128331688056	0.9905843256715592	0.9977863862755948	0.9897832045850984	0.4245283018867924	0.8983991462113127	0.9751668891855808	0.8578680203045685	0.9448275862068966	0.9836302359171882	1.0	0.954824913124833	0.9473684210526316	0.9950564971751412	0.9974093264248703	0.9985798816568048	0.9793103448275862	0.999754601226994	0.9741379310344828	Tumor
b4a9422c-ed5b-435f-aa13-e8a8f2484e97	0.9953271028037384	0.9929824561403509	0.993103448275862	0.964041095890411	0.1990049751243781	0.929054054054054	0.988817891373802	0.8175895765472313	0.9701492537313432	0.994011976047904	1.0	0.9270315091210614	0.9655172413793104	0.986842105263158	0.9766584766584766	0.997584541062802	0.9502762430939228	1.0	0.9454545454545454	Tumor
b4aad532-f92b-43d9-820c-f3c98e382225	1.0	1.0	1.0	1.0	0.44	0.9058823529411764	0.9775280898876404	0.8333333333333334	1.0	0.96875	1.0	0.9047619047619048	1.0	0.975	0.9873417721518988	1.0	0.9411764705882352	1.0	1.0	Tumor
b58811d7-8ee0-4b65-a892-17319cc9ecaf	1.0	0.9782608695652174	1.0	0.9947089947089948	0.375	0.9298245614035088	0.9680851063829788	0.8488372093023255	0.935483870967742	0.9806451612903224	1.0	0.9637681159420288	0.9622641509433962	1.0	0.9866071428571428	0.9953051643192488	1.0	1.0	1.0	Tumor
b5e84055-487f-467a-9bc4-bd59ec82f183	1.0	0.9891472868217054	0.9953198127925116	0.9881516587677726	0.3935018050541516	0.9026345933562429	0.9899749373433584	0.919831223628692	0.9638009049773756	0.9902912621359224	1.0	0.9652042360060514	0.9347826086956522	0.9923413566739606	0.9955898566703418	0.9987293519695044	0.9452054794520548	1.0	0.9253731343283582	Tumor
b6df0d7c-1c41-4b7d-8685-ce6fba4e7ab3	1.0	0.988034188034188	0.9965928449744464	0.9829787234042552	0.2	0.959946595460614	0.9743589743589745	0.8904109589041096	0.958904109589041	0.943502824858757	1.0	0.9253246753246752	1.0	0.9986013986013986	0.9858356940509916	1.0	1.0	1.0	1.0	Tumor
b793fa3a-f197-409f-b630-2dcba3290cce	1.0	0.986254295532646	1.0	0.9867549668874172	0.1379310344827586	0.941696113074205	0.9855072463768116	0.9423076923076924	0.9591836734693876	0.9850374064837906	1.0	0.953020134228188	0.9777777777777776	0.9948892674616696	0.9865092748735244	1.0	0.9830508474576272	1.0	0.84	Tumor
b7ef29ba-06f6-4445-8c70-52388892388c	1.0	0.9444444444444444	1.0	0.9333333333333332	0.7627118644067796	0.868421052631579	0.978021978021978	0.9565217391304348	0.9351851851851852	0.9830508474576272	1.0	0.9444444444444444	0.958904109589041	0.9662921348314608	0.9154929577464788	1.0	0.9761904761904762	1.0	1.0	Tumor
b85209a5-128a-4aff-83d4-1ab336d82b95	1.0	0.9901185770750988	1.0	0.97165991902834	0.5	0.8984962406015038	0.9876543209876544	0.8840579710144928	0.9347826086956522	0.964622641509434	1.0	0.9578313253012049	0.8055555555555556	0.9855595667870036	0.9963503649635036	1.0	0.98	1.0	1.0	Tumor
b8542fa9-5521-48bc-ae1b-4e12a1744e0d	0.9989159891598915	0.9961612284069098	0.9968152866242038	0.9948744233726294	0.3529411764705882	0.9156414762741651	0.9649122807017544	0.8758620689655172	0.9230769230769232	0.9847207586933614	1.0	0.958041958041958	0.75	0.9918845807033364	0.9933481152993348	0.9985666507405638	0.963302752293578	1.0	0.8913043478260869	Tumor
b9e82597-fdf2-4479-a764-29193ddbd58f	0.9979716024340772	0.9910714285714286	1.0	0.9939879759519038	0.281578947368421	0.9006849315068494	0.980836236933798	0.7267267267267268	0.97119341563786	0.9762773722627736	1.0	0.9425531914893616	0.9592760180995475	0.9854014598540146	0.988929889298893	0.9905838041431262	0.9728506787330315	0.9979716024340772	0.9575471698113208	Tumor
baf9135d-d8dd-4e04-9115-4055b81fae05	1.0	1.0	1.0	0.972972972972973	0.3428571428571428	0.8783783783783784	0.953846153846154	0.8723404255319149	0.9375	0.8656716417910447	1.0	0.9390243902439024	0.8260869565217391	1.0	0.9882352941176472	1.0	1.0	1.0	0.9411764705882352	Tumor
bb7098ae-862b-488c-b67e-01ed682ec783	1.0	1.0	1.0	1.0	0.3134328358208955	0.8947368421052632	1.0	0.8627450980392157	0.979591836734694	1.0	1.0	0.8571428571428571	0.9428571428571428	1.0	0.9666666666666668	1.0	1.0	1.0	1.0	Tumor
bcbe88a9-729e-4af8-9bb8-1ac65aa4bd23	1.0	0.9272727272727272	1.0	0.972972972972973	0.7912087912087912	0.9090909090909092	0.988095238095238	0.9787234042553192	0.9846153846153848	1.0	1.0	0.98	1.0	0.9866666666666668	1.0	1.0	0.9846153846153848	1.0	0.9666666666666668	Tumor
bd1f12ab-ee49-4e7e-aad4-14924c49d306	0.9615384615384616	1.0	1.0	1.0	0.75	0.918918918918919	1.0	0.951219512195122	0.896551724137931	1.0	1.0	0.9285714285714286	0.7894736842105263	0.9696969696969696	1.0	1.0	0.95	1.0	0.95	Tumor
be880db8-920f-4bd8-9f67-34e3ddd61f2c	1.0	1.0	1.0	0.9846625766871164	0.4017467248908297	0.921443736730361	0.9882075471698112	0.8893617021276595	0.938095238095238	0.9831649831649832	1.0	0.9627906976744186	0.8992248062015504	0.9955156950672646	0.9842696629213484	0.9977064220183486	0.9760479041916168	1.0	0.975	Tumor
be8e200c-dced-4b24-a70d-6b6baecb7300	0.9807692307692308	0.984375	1.0	1.0	0.5769230769230769	0.9166666666666666	1.0	0.8260869565217391	0.7894736842105263	0.9807692307692308	1.0	0.9402985074626866	0.9333333333333332	1.0	0.9661016949152542	0.9649122807017544	1.0	1.0	1.0	Tumor
bf2a1913-2806-4b97-bcc6-e7038b900e15	1.0	1.0	1.0	1.0	0.8888888888888888	0.96	1.0	0.9473684210526316	1.0	1.0	1.0	1.0	0.9285714285714286	1.0	1.0	1.0	1.0	1.0	1.0	Tumor
c058aa43-349b-4f45-8217-6b193bf7c610	1.0	0.9733333333333334	0.9871794871794872	0.96875	0.7384615384615385	0.918918918918919	0.9827586206896552	0.9523809523809524	0.9555555555555556	0.9047619047619048	1.0	1.0	0.9782608695652174	1.0	0.9772727272727272	1.0	0.9782608695652174	1.0	1.0	Tumor
c1f95e8e-aaaa-4090-8f64-c619aa543d1b	1.0	0.9915254237288136	1.0	0.9910714285714286	0.240506329113924	0.8737864077669902	0.9772727272727272	0.7662337662337663	0.9090909090909092	0.99009900990099	1.0	0.9831932773109244	0.9245283018867924	0.9861111111111112	0.986842105263158	1.0	0.9696969696969696	1.0	1.0	Tumor
c23d56d0-f27a-48db-b10a-f572b50ef245	0.9983388704318936	0.9816643159379408	1.0	0.9796954314720812	0.26	0.9155124653739612	0.9742710120068612	0.9107142857142856	0.9404761904761904	0.9903846153846154	1.0	0.967605633802817	0.9642857142857144	0.9897058823529412	0.9807121661721068	1.0	0.9545454545454546	1.0	0.981132075471698	Tumor
c2628a29-fe4e-493b-a324-ed402ad54a26	1.0	0.9696969696969696	1.0	0.864516129032258	0.1797752808988764	0.9117647058823528	1.0	0.8536585365853658	0.9861111111111112	0.9751552795031057	1.0	0.9637305699481864	1.0	0.9885057471264368	0.9722222222222222	1.0	1.0	1.0	1.0	Tumor
c2fe2d79-efb1-4e4d-a297-bd6b15703d10	1.0	1.0	1.0	1.0	0.5	0.8524590163934426	0.9754098360655736	0.9210526315789472	0.9	0.9797979797979798	1.0	0.9333333333333332	0.925925925925926	0.9918032786885246	1.0	1.0	1.0	1.0	1.0	Tumor
c33ecc28-d5ba-4416-b93d-445b7883b6e8	1.0	0.9882352941176472	1.0	1.0	0.1304347826086956	0.9411764705882352	0.9824561403508772	0.84	1.0	1.0	1.0	0.9651162790697676	0.95	1.0	0.9906542056074766	1.0	1.0	1.0	0.95	Tumor
c50adee7-f053-484e-8a2f-f66c94a14fd3	1.0	0.9906103286384976	1.0	0.9931153184165232	0.5701754385964912	0.9239940387481372	0.9964028776978416	0.9439252336448598	0.967741935483871	0.9844357976653696	1.0	0.9439461883408072	0.9523809523809524	0.9949494949494948	1.0	0.998389694041868	0.9772727272727272	1.0	0.9833333333333332	Tumor
c568f4a0-601e-4b45-b69e-cde40d94bb3d	1.0	1.0	1.0	1.0	0.6444444444444445	0.9066666666666666	0.9809523809523808	0.9333333333333332	0.9444444444444444	0.9761904761904762	0.9586776859504132	0.9646017699115044	0.875	0.9794520547945206	0.967741935483871	0.9926470588235294	1.0	1.0	1.0	Tumor
c58a5583-7b04-4b67-9372-e161e18d7de1	1.0	0.9872881355932204	0.9957446808510638	0.9850746268656716	0.2894736842105263	0.9253246753246752	0.9865470852017936	0.9183673469387756	0.9523809523809524	0.975	1.0	0.9666666666666668	0.9487179487179488	0.9966777408637874	0.9968652037617556	1.0	0.9545454545454546	1.0	0.9111111111111112	Tumor
c5c93338-4046-4247-b5c2-ef133609797e	1.0	1.0	1.0	1.0	0.25	0.9761904761904762	0.6470588235294118	0.8666666666666667	0.9622641509433962	1.0	1.0	0.9090909090909092	0.8695652173913043	1.0	1.0	1.0	0.9736842105263158	1.0	0.75	Tumor
c5d4a1ed-8fd3-4435-96f5-ea5e56326f20	1.0	0.9736842105263158	1.0	0.9444444444444444	0.4473684210526316	0.9090909090909092	1.0	1.0	0.9655172413793104	0.981132075471698	0.9428571428571428	0.8809523809523809	0.9047619047619048	0.8936170212765957	1.0	0.9090909090909092	0.9714285714285714	1.0	1.0	Tumor
c6a90de3-979b-46b0-9f84-2875c1e38742	1.0	1.0	0.8636363636363636	0.9714285714285714	0.8421052631578947	0.8095238095238095	0.9782608695652174	0.9803921568627452	0.9827586206896552	1.0	1.0	0.95	1.0	1.0	1.0	1.0	1.0	1.0	0.9333333333333332	Tumor
c8e8f4e7-7aae-41f7-9d36-5938d2c2fc04	0.9992337164750956	0.9927007299270072	0.9989594172736732	0.9870483980913428	0.5555555555555556	0.9441978440076094	0.9954867827208252	0.8920863309352518	0.9803921568627452	0.9894259818731118	1.0	0.940652818991098	0.9090909090909092	0.9987819732034104	0.9956359102244388	0.9986622073578596	0.9615384615384616	1.0	0.953125	Tumor
ca823082-ede5-4bfd-8498-7e492f39bcd6	1.0	0.9950166112956812	0.9966722129783694	0.99302649930265	0.4210526315789473	0.887292817679558	0.9796954314720812	1.0	0.975609756097561	0.985313751668892	1.0	0.9471153846153846	1.0	0.9947780678851176	0.9974126778783958	0.9987562189054726	0.9411764705882352	1.0	0.9743589743589745	Tumor
cafc9e36-c5f0-45df-ad03-16210ff0d870	1.0	1.0	1.0	0.9726027397260274	0.5	0.9344262295081968	0.9873417721518988	0.85	0.9230769230769232	1.0	1.0	0.9701492537313432	0.8260869565217391	1.0	0.9894736842105264	0.9913793103448276	0.935483870967742	1.0	0.9444444444444444	Tumor
cb024f71-c708-498b-9196-2fe57acf3771	0.9978947368421052	0.9948770491803278	0.9989733059548256	0.9883720930232558	0.2602739726027397	0.9147121535181236	0.9878048780487804	0.9263157894736842	0.926829268292683	0.9796747967479674	0.9989506820566632	0.9706477732793524	0.717948717948718	1.0	0.9904458598726116	0.9988358556461	0.9090909090909092	0.9979253112033196	0.9473684210526316	Tumor
cbf0063b-68e5-42ee-9292-dfbf918a7b08	1.0	0.995221027479092	0.9988066825775656	0.9835221421215242	0.3548387096774194	0.9322916666666666	0.9878397711015736	0.8767123287671232	0.9682539682539684	0.9877641824249166	1.0	0.9817739975698664	0.8852459016393442	0.993963782696177	0.9914473684210526	0.99860529986053	1.0	0.9988505747126436	0.9615384615384616	Tumor
ce52c9b2-ab83-4efa-8abf-97475dcf892d	1.0	1.0	1.0	1.0	0.4791666666666667	0.8666666666666667	1.0	0.8163265306122449	0.975	1.0	1.0	0.95	0.88	1.0	0.96	0.9629629629629628	0.9310344827586208	1.0	1.0	Tumor
cf122ae0-0be8-43dd-a0b9-01fff585186f	1.0	0.997093023255814	0.9913793103448276	0.9857723577235772	0.6629213483146067	0.9173441734417344	0.985007496251874	0.891566265060241	0.9692307692307692	0.990632318501171	1.0	0.9603399433427762	0.925925925925926	0.9894736842105264	0.9838492597577388	0.998529411764706	0.9710144927536232	1.0	1.0	Tumor
cf5fba05-4996-4f62-adcf-a2ee1f4c65d3	1.0	0.9591836734693876	0.9615384615384616	0.9142857142857144	0.5263157894736842	0.9772727272727272	1.0	0.890625	1.0	0.9245283018867924	1.0	0.92	0.9130434782608696	1.0	1.0	1.0	0.9803921568627452	1.0	0.975	Tumor
cf86835f-2bd2-4b15-a9a9-66fe369a560d	1.0	1.0	1.0	0.96	0.3421052631578947	0.9736842105263158	0.9722222222222222	0.8205128205128205	1.0	1.0	1.0	0.782608695652174	1.0	1.0	0.96	1.0	0.9714285714285714	1.0	1.0	Tumor
cfbfbac5-7f44-4537-9a1c-088075a936e6	0.999165971643036	0.9922027290448344	0.9990215264187868	0.986627043090639	0.3529411764705882	0.9033412887828164	0.9816901408450704	0.8874172185430463	0.9672131147540984	0.9844517184942716	1.0	0.965451055662188	0.902439024390244	0.992266508030934	0.9898809523809524	0.9980237154150198	0.9130434782608696	0.9991701244813278	0.9553571428571428	Tumor
d0d2b8fc-6915-49fe-ae4a-f80e2d090cf5	1.0	1.0	1.0	0.926829268292683	0.3571428571428571	0.8913043478260869	1.0	0.8363636363636363	0.9333333333333332	0.9523809523809524	1.0	0.935483870967742	0.896551724137931	1.0	0.9777777777777776	1.0	0.972972972972973	1.0	1.0	Tumor
d0dc0f54-e23f-40fb-a0ac-56fbd55108f0	0.9972527472527472	0.9790209790209792	1.0	0.9953271028037384	0.4406779661016949	0.9237113402061856	0.9785992217898832	0.8666666666666667	0.9111111111111112	0.9918032786885246	1.0	0.9513888888888888	1.0	0.9938271604938272	0.9938650306748468	0.9890590809628008	0.9464285714285714	1.0	0.9583333333333334	Tumor
d1f7678a-8106-46c9-95b7-5ec5d940f08c	1.0	0.9912568306010928	1.0	0.9836956521739132	0.451048951048951	0.925925925925926	0.9878048780487804	0.922509225092251	0.9202453987730062	0.8610315186246418	1.0	0.965324384787472	0.9230769230769232	0.9912663755458516	1.0	1.0	0.9596774193548387	1.0	0.9583333333333334	Tumor
d28a7c02-2f33-46e2-bff9-5ed518ea6fb6	1.0	1.0	0.9833333333333332	1.0	0.4871794871794871	0.9252336448598132	0.9027777777777778	0.8627450980392157	0.9818181818181818	0.978021978021978	1.0	0.9814814814814816	0.8529411764705882	0.9714285714285714	0.9857142857142858	0.9801980198019802	0.9428571428571428	1.0	1.0	Tumor
d32c4662-2b0b-4f78-b031-e6ff5286664c	0.9962121212121212	0.9943181818181818	0.9887640449438202	0.980327868852459	0.5403225806451613	0.9342560553633218	0.9806949806949808	0.8014705882352942	0.8888888888888888	0.9925373134328358	1.0	0.9508196721311476	0.9478260869565216	0.990625	0.9783950617283952	0.996309963099631	0.99	0.99625468164794	0.9814814814814816	Tumor
d474de4c-c01d-46f5-92a6-7513f7a38eed	1.0	1.0	0.9791666666666666	0.9855072463768116	0.3333333333333333	0.9615384615384616	0.9629629629629628	0.8235294117647058	0.9130434782608696	1.0	1.0	0.9791666666666666	0.875	1.0	1.0	0.9866666666666668	1.0	1.0	0.875	Tumor
d702ead2-f1df-43e1-b1a4-c506902b14df	1.0	1.0	1.0	1.0	0.4054054054054054	0.8571428571428571	1.0	0.9230769230769232	1.0	1.0	1.0	0.875	0.7857142857142857	0.967741935483871	1.0	1.0	0.9473684210526316	1.0	1.0	Tumor
d78126ec-68b1-4d77-bf7a-19a47678a5fb	1.0	1.0	1.0	0.9166666666666666	0.5714285714285714	0.8	1.0	0.9583333333333334	0.9117647058823528	1.0	1.0	0.8421052631578947	0.9473684210526316	0.9	0.9411764705882352	1.0	0.95	1.0	0.9444444444444444	Tumor
d7d4b68a-ab93-4b9c-9cf6-88f15299e306	1.0	0.8571428571428571	1.0	0.9090909090909092	0.4761904761904761	0.9285714285714286	1.0	0.775	0.9487179487179488	0.9583333333333334	1.0	1.0	0.9583333333333334	1.0	0.9	0.9285714285714286	0.8947368421052632	1.0	0.9	Tumor
d81b8303-62b4-46ba-9370-8c6a92cfa4fb	1.0	0.9642857142857144	1.0	0.9523809523809524	0.5882352941176471	0.8780487804878049	0.9705882352941176	0.9666666666666668	1.0	0.9433962264150944	1.0	0.7647058823529411	0.8666666666666667	0.975609756097561	1.0	0.9473684210526316	0.9032258064516128	1.0	1.0	Tumor
d826d551-cb0f-4d0e-b21d-a7b0c9010a62	1.0	0.9814814814814816	1.0	0.9772727272727272	0.1923076923076923	0.9420289855072465	0.8627450980392157	0.875	0.896551724137931	0.9777777777777776	1.0	0.8983050847457628	1.0	0.9873417721518988	0.9577464788732394	0.9848484848484848	0.9	1.0	1.0	Tumor
d8edd309-518d-4358-8245-9e92d7af4441	1.0	0.9767441860465116	1.0	1.0	0.3611111111111111	0.9230769230769232	1.0	0.9090909090909092	0.975609756097561	0.9565217391304348	1.0	1.0	0.96875	0.9772727272727272	0.9591836734693876	0.979591836734694	0.945945945945946	1.0	0.9722222222222222	Tumor
d920c232-82ae-48f9-98d1-b94bf4a45d8d	1.0	0.9824561403508772	1.0	1.0	0.5833333333333334	0.8636363636363636	0.9722222222222222	0.8837209302325582	0.7441860465116279	0.9615384615384616	1.0	1.0	0.96875	0.9777777777777776	0.9772727272727272	1.0	0.9714285714285714	1.0	0.9666666666666668	Tumor
d9666e09-51bb-49a4-b289-0e6b69636858	1.0	0.9836065573770492	0.967741935483871	0.9830508474576272	0.4193548387096774	0.9204545454545454	1.0	0.9230769230769232	0.95	1.0	1.0	0.967741935483871	0.9473684210526316	0.9620253164556962	0.988095238095238	1.0	0.9473684210526316	1.0	0.9444444444444444	Tumor
da549530-7ba5-4302-acd2-40a766860216	1.0	0.92	1.0	0.9523809523809524	0.7380952380952381	0.7	0.9333333333333332	0.9743589743589745	0.9666666666666668	1.0	1.0	1.0	1.0	0.9705882352941176	0.925925925925926	0.9333333333333332	1.0	1.0	1.0	Tumor
da752364-731c-4e77-8d6e-9c91a5b7f68f	1.0	0.8974358974358975	1.0	1.0	0.4318181818181818	0.8571428571428571	1.0	0.8918918918918919	1.0	0.967741935483871	1.0	0.96875	1.0	0.9629629629629628	0.9230769230769232	0.9375	1.0	1.0	1.0	Tumor
daff3e2d-69ea-4c1d-bbad-8f6cca9bdc1f	1.0	0.9772727272727272	1.0	0.8723404255319149	0.5084745762711864	0.8888888888888888	0.9861111111111112	0.8972602739726028	0.9401709401709402	0.9649122807017544	1.0	0.9347826086956522	0.98	0.9444444444444444	0.9125	1.0	0.9827586206896552	1.0	0.9508196721311476	Tumor
db01aba1-3a00-4bf9-9f24-8fba144144f3	1.0	1.0	1.0	0.98744769874477	0.56	0.8816326530612245	1.0	0.696969696969697	0.8518518518518519	0.9859154929577464	1.0	0.9791666666666666	1.0	1.0	0.9918367346938776	1.0	1.0	1.0	1.0	Tumor
db360c44-bf72-41f4-8ca4-01c9973fce95	1.0	0.9939073923639318	0.99959266802444	0.9900605012964564	0.2956521739130435	0.9144113667117728	0.9857206604194556	0.8796296296296297	0.925925925925926	0.9859154929577464	0.9995507637017071	0.9607609988109392	0.9821428571428572	0.9970760233918128	0.9952223447262036	0.999260901699926	0.988095238095238	1.0	0.953846153846154	Tumor
db5dab56-838e-4784-a7cf-f05296e356f7	0.9583333333333334	1.0	0.9411764705882352	0.9574468085106383	0.5806451612903226	0.7241379310344828	0.9298245614035088	0.925925925925926	0.8648648648648649	0.9166666666666666	0.9583333333333334	0.9444444444444444	0.8787878787878788	0.9423076923076924	0.8275862068965517	0.8936170212765957	0.5757575757575758	0.9583333333333334	0.7272727272727273	Tumor
db998871-01ff-4a39-ba06-fe3fb1183584	1.0	0.9829545454545454	1.0	0.9851485148514852	0.5729166666666666	0.8943089430894309	0.9826839826839828	0.8207547169811321	0.9484536082474226	0.9801980198019802	1.0	0.9602272727272728	0.9295774647887324	0.9859154929577464	0.9904761904761904	0.9954954954954957	0.9322033898305084	1.0	0.9846153846153848	Tumor
dbc4f72a-3937-4092-92b8-d52c6b0c3340	1.0	0.9912280701754386	1.0	0.976798143851508	0.2909090909090909	0.8921739130434783	0.9822834645669292	0.925925925925926	1.0	0.9742990654205608	1.0	0.9565217391304348	0.918918918918919	0.9942528735632185	0.988212180746562	1.0	0.9655172413793104	1.0	1.0	Tumor
dda806cc-67a1-406b-8957-ffdb5f9087c8	0.9992486851990984	0.9907795473595976	1.0	0.987468671679198	0.3015873015873015	0.9071537290715372	0.983623336745138	0.8461538461538461	0.9772727272727272	0.9854014598540146	1.0	0.9609438567941416	0.9375	0.9927130044843048	0.9949238578680204	0.9983286908077994	0.9714285714285714	1.0	0.9879518072289156	Tumor
df6189e5-bd61-4be2-9d31-efef56cb4739	0.995850622406639	0.9846827133479212	0.987152034261242	0.9861830742659758	0.5168539325842697	0.8988173455978975	0.98145285935085	0.9042553191489362	0.9397590361445785	0.9799196787148594	1.0	0.9460043196544276	0.847457627118644	0.9779005524861878	0.9878048780487804	0.9927641099855282	1.0	0.9979423868312756	0.9508196721311476	Tumor
e0e050cc-5e2a-41fc-8394-b4816a9dc8a2	1.0	0.9953051643192488	1.0	0.9979633401221996	0.4230769230769231	0.9206896551724136	0.9760479041916168	0.875	0.84375	0.9757462686567164	1.0	0.9484304932735426	0.9583333333333334	0.9925788497217068	0.9962825278810408	1.0	1.0	1.0	1.0	Tumor
e22c6b51-c27e-468f-883c-f71918330eb0	1.0	0.9913793103448276	1.0	0.9791666666666666	0.3653846153846153	0.9053254437869822	0.9709302325581396	0.84	0.972972972972973	0.9391891891891893	1.0	0.9426229508196722	0.7333333333333333	0.9872611464968152	0.9936305732484076	1.0	1.0	1.0	1.0	Tumor
e3142cf7-334f-4f34-a5da-53ffa4e1ba33	0.999697428139183	0.9964840316437152	0.9991207502930832	0.9853372434017597	0.42152466367713	0.9110889110889112	0.9846916774471756	0.9064039408866996	0.967032967032967	0.9815897136177674	1.0	0.9605376036602804	0.9347826086956522	0.9950079419105968	0.9942489072923856	0.9984709480122324	0.9659863945578232	0.9990974729241876	0.976	Tumor
e38d31b7-ad89-4fff-93d5-05f49998727b	0.9977708426214892	0.992468134414832	0.9953810623556582	0.986910994764398	0.3877551020408163	0.9044982698961938	0.9856870229007634	0.784	0.949748743718593	0.9838779956427016	1.0	0.950445434298441	0.9385474860335196	0.9872852233676976	0.976043805612594	0.9958127141225732	0.9605911330049262	0.9995557529986672	0.9473684210526316	Tumor
e3c0a094-5504-4b74-9e0d-c73e84dc3901	0.975609756097561	0.9787234042553192	1.0	1.0	0.375	0.9863013698630136	0.9473684210526316	0.6363636363636364	0.90625	1.0	1.0	0.9787234042553192	0.9642857142857144	1.0	1.0	1.0	1.0	1.0	1.0	Tumor
e558015e-969b-4354-9bc9-219a60092734	1.0	0.9788359788359788	1.0	0.9824561403508772	0.3	0.9423076923076924	0.9833333333333332	0.7674418604651163	0.9230769230769232	0.9842105263157894	1.0	0.9533678756476685	0.8	0.99625468164794	0.992337164750958	0.9959349593495936	0.8695652173913043	1.0	1.0	Tumor
e590db5d-2577-43ec-9d39-45a257be5562	0.998272884283247	0.9876543209876544	0.9938398357289528	0.979245283018868	0.5112781954887218	0.9077757685352622	0.9888641425389756	0.927927927927928	0.975609756097561	0.976627712854758	1.0	0.9448818897637796	0.8064516129032258	0.9865319865319864	0.9896729776247848	1.0	0.9692307692307692	1.0	1.0	Tumor
e619b307-4391-48ab-9282-7f22b14f5afe	1.0	1.0	1.0	1.0	0.5666666666666667	0.9772727272727272	1.0	1.0	0.96	0.7894736842105263	1.0	0.9117647058823528	1.0	1.0	1.0	1.0	1.0	1.0	1.0	Tumor
e6e7d36e-b6c6-4e54-95ee-ee20e6f1f80e	1.0	0.9090909090909092	1.0	1.0	0.5151515151515151	0.75	0.8947368421052632	0.8947368421052632	0.8571428571428571	1.0	1.0	1.0	0.935483870967742	1.0	0.8823529411764706	1.0	0.96875	1.0	1.0	Tumor
e7a1cdcf-ec99-44fd-a13b-604cf15b2bd4	0.9950980392156864	0.9882352941176472	0.9883720930232558	0.9901960784313726	0.2638888888888889	0.91869918699187	0.9965870307167236	0.8024691358024691	0.9777777777777776	0.983529411764706	1.0	0.9674556213017752	0.84	0.998185117967332	0.9981718464351006	1.0	0.96	1.0	1.0	Tumor
e97a2bf2-c5bd-4dbf-9940-450a8a99e9df	0.998987854251012	0.9869281045751634	0.9947848761408083	0.9928425357873212	0.5714285714285714	0.9054290718038528	0.9735729386892178	0.7857142857142857	0.9318181818181818	0.9920948616600792	1.0	0.9520807061790668	0.975609756097561	0.9982078853046596	0.9964788732394366	0.9990338164251208	0.9696969696969696	0.9979899497487436	0.9545454545454546	Tumor
ea030b7d-26eb-4f0e-b7b9-c6b165061118	0.9954233409610984	1.0	1.0	0.9850107066381156	0.1875	0.9299674267100976	0.989769820971867	0.8	0.9642857142857144	0.9867549668874172	1.0	0.955193482688391	1.0	0.9940298507462688	0.9823008849557522	0.9947735191637632	0.984375	1.0	0.9736842105263158	Tumor
ea16db3d-eb2a-44b3-bf22-258e583dbcf4	1.0	0.994269340974212	1.0	0.9959349593495936	0.5714285714285714	0.9038817005545288	0.9709762532981532	0.847457627118644	1.0	0.9781746031746033	1.0	0.9427792915531336	0.8205128205128205	0.9980430528375732	1.0	1.0	0.975609756097561	1.0	1.0	Tumor
eb17c782-c3a1-458d-8e2d-cadb58c7655a	1.0	1.0	1.0	0.9921875	0.8829268292682927	0.9440993788819876	0.988826815642458	0.9842105263157894	0.9875	1.0	1.0	0.944	0.9745762711864406	1.0	0.9826589595375722	1.0	0.9855072463768116	1.0	1.0	Tumor
eba8b055-6de2-48e7-bed8-40de705ad1d1	1.0	1.0	1.0	0.9777777777777776	0.7672413793103449	0.8985507246376812	0.9576271186440678	0.9803921568627452	0.989247311827957	0.9887640449438202	1.0	0.9541284403669724	0.902439024390244	0.9734513274336284	0.9905660377358492	0.992	0.9583333333333334	1.0	1.0	Tumor
ed108cc1-3b34-4ee5-b029-48b80ccaae19	1.0	0.9649122807017544	0.9649122807017544	0.9	0.72	0.8372093023255814	0.972972972972973	0.8909090909090909	0.8648648648648649	0.9636363636363636	1.0	1.0	0.90625	1.0	0.9615384615384616	1.0	0.9622641509433962	1.0	1.0	Tumor
ed1fa4ae-5e58-465c-b106-379f7456656e	1.0	1.0	1.0	1.0	0.3103448275862069	0.9452054794520548	0.98	0.8421052631578947	0.8571428571428571	0.9636363636363636	0.9807692307692308	1.0	0.9130434782608696	0.9814814814814816	0.9803921568627452	0.9859154929577464	0.9333333333333332	1.0	1.0	Tumor
ed9b3b6b-c2c2-41a2-ac61-dd2cfbb321ba	1.0	0.9907407407407408	0.9908675799086758	0.9918032786885246	0.2941176470588235	0.924901185770751	0.9854368932038836	0.7333333333333333	0.875	0.9921259842519684	1.0	0.9594594594594594	1.0	1.0	0.9847328244274808	1.0	0.9411764705882352	1.0	1.0	Tumor
eecb45f4-ea57-4aea-814e-9895d42034e9	1.0	1.0	1.0	0.9618320610687024	0.3636363636363636	0.9316770186335404	1.0	0.8888888888888888	0.979591836734694	0.9532710280373832	1.0	0.9523809523809524	0.9210526315789472	0.9931972789115646	0.9928057553956836	1.0	0.9814814814814816	1.0	1.0	Tumor
eed349c6-a5ed-4543-ae8d-67b394b26c7a	0.9982118909253463	0.9956653662765496	0.9978595890410958	0.9907183212267958	0.2766740250183959	0.9259150805270864	0.9836654688010454	0.9024199843871976	0.9661016949152542	0.9868247694334652	1.0	0.9736282433007232	0.9501525940996948	0.9905044510385757	0.98889222455719	0.9974850675888084	0.971563981042654	1.0	0.9162011173184358	Tumor
f201e2e9-dfb0-4a53-bd68-56f4e87604d3	1.0	0.918032786885246	0.9830508474576272	1.0	0.6904761904761905	0.8913043478260869	0.972972972972973	0.8823529411764706	0.96875	0.9733333333333334	1.0	0.96	0.9	1.0	1.0	1.0	1.0	1.0	1.0	Tumor
f2dda955-5a39-43c1-93a2-83953b2b91d1	1.0	1.0	1.0	1.0	0.2040816326530612	0.9545454545454546	1.0	0.6956521739130435	0.9487179487179488	1.0	1.0	1.0	1.0	0.9642857142857144	0.9666666666666668	1.0	0.9375	1.0	0.9375	Tumor
f3c13192-fe4d-45c5-9d12-5294799bd7f8	1.0	0.9901960784313726	1.0	0.953846153846154	0.3033707865168539	0.9227467811158798	0.9726027397260274	0.9081081081081082	0.9333333333333332	0.970414201183432	1.0	0.8928571428571429	0.9552238805970148	0.9953917050691244	0.9955156950672646	0.9953917050691244	0.9606299212598424	1.0	0.9716312056737588	Tumor
f3d3848c-9ff7-4e84-a35c-f6b6e3a57605	1.0	0.9945652173913044	1.0	0.9943181818181818	0.5	0.9025641025641026	0.9548387096774194	0.8571428571428571	0.95	0.9408602150537636	1.0	0.967741935483871	0.9230769230769232	1.0	1.0	0.99438202247191	0.9230769230769232	1.0	1.0	Tumor
f4847715-a3e0-49a4-bcc9-95175d0be463	1.0	1.0	0.989010989010989	0.9636363636363636	0.2083333333333333	0.8942307692307693	0.9402985074626866	0.7627118644067796	1.0	0.984126984126984	1.0	0.9782608695652174	0.9696969696969696	0.986842105263158	1.0	0.9789473684210528	0.9696969696969696	1.0	0.9642857142857144	Tumor
f4cecad7-2cca-4990-9d88-115b6b201cc5	1.0	1.0	1.0	1.0	0.6	0.9545454545454546	0.9230769230769232	0.8947368421052632	0.9	1.0	1.0	0.9230769230769232	0.9090909090909092	1.0	1.0	1.0	0.8571428571428571	1.0	1.0	Tumor
f4d60a0f-dc11-4005-8d59-7511ba4de8b1	1.0	0.993338267949667	0.997774480712166	0.9875947622329428	0.341645885286783	0.9079646017699116	0.9847328244274808	0.8373702422145328	0.9497907949790796	0.9889087656529516	1.0	0.9743777452415812	0.9395348837209302	0.9885837704412218	0.992608561749307	0.9987029831387808	0.9775784753363228	0.9996355685131196	0.927927927927928	Tumor
f6c907ac-5dc9-4bdc-b7c6-3bac9f9059d3	1.0	1.0	0.9930555555555556	0.987012987012987	0.3450704225352112	0.9230769230769232	0.9850187265917604	0.8064516129032258	0.8846153846153846	0.9845814977973568	1.0	0.9747706422018348	0.9054054054054054	0.9785932721712538	0.9830508474576272	0.9982668977469672	0.9411764705882352	1.0	0.984126984126984	Tumor
f6ec2075-052d-4677-8423-378ae45593ba	1.0	0.9554455445544554	0.9975062344139652	0.9720496894409938	0.2533333333333333	0.902116402116402	0.9694952856350528	0.74	0.9130434782608696	0.9767441860465116	1.0	0.9671717171717172	0.7692307692307693	0.9849137931034484	0.9827387802071348	0.9995114802149488	1.0	1.0	1.0	Tumor
f79d6a7e-eaaa-4382-a5ed-600cf8d45824	1.0	1.0	1.0	0.988095238095238	0.2073578595317725	0.9166666666666666	0.9555555555555556	0.9011627906976744	0.9858156028368794	0.9722222222222222	1.0	0.9632352941176472	0.8627450980392157	0.98	0.9803921568627452	1.0	0.90625	1.0	0.934065934065934	Tumor
f8efdeb0-a8f8-4e2d-a52e-43d033e4ce6f	1.0	1.0	1.0	0.9942748091603052	0.5510204081632653	0.926873857404022	0.9870967741935484	0.7317073170731707	0.9836065573770492	0.9833024118738404	1.0	0.9730639730639732	0.9666666666666668	1.0	0.978798586572438	1.0	1.0	1.0	1.0	Tumor
f9203ebe-d6c3-423b-ad65-28db38612f89	1.0	0.9245283018867924	0.9682539682539684	0.979591836734694	0.3529411764705882	0.8924731182795699	1.0	1.0	1.0	1.0	1.0	1.0	0.9444444444444444	1.0	1.0	1.0	1.0	1.0	1.0	Tumor
f9a27067-7485-4c9f-986b-878aa6cd132c	0.9987722529158992	0.9974683544303796	0.9974768713204374	0.9929386203150462	0.4527027027027027	0.9103343465045592	0.9834183673469388	0.9344262295081968	0.946153846153846	0.9921402660217654	1.0	0.9535452322738386	0.9363636363636364	0.9966313763233878	0.9980601357904948	0.9983342587451416	0.972972972972973	1.0	0.941747572815534	Tumor
fb1c09a7-660e-4585-85b8-5acc456563cf	1.0	0.981651376146789	1.0	0.978102189781022	0.2432432432432432	0.9411764705882352	1.0	0.8571428571428571	1.0	1.0	1.0	0.9636363636363636	0.9	0.9935483870967742	0.993421052631579	1.0	1.0	1.0	0.9545454545454546	Tumor
fb3713b9-fad5-4d66-b419-8f53530b14cd	1.0	0.92	1.0	0.975	0.6896551724137931	0.8974358974358975	0.9743589743589745	0.8823529411764706	0.9285714285714286	0.975609756097561	1.0	0.9545454545454546	1.0	1.0	0.9772727272727272	0.9210526315789472	1.0	1.0	0.8333333333333334	Tumor
fc5b682e-c00d-4840-8c11-f17abe059fa8	1.0	0.9797979797979798	1.0	0.9680851063829788	0.3725490196078431	0.8349514563106796	0.9743589743589745	0.8536585365853658	1.0	0.9702970297029704	1.0	0.9509803921568628	0.8823529411764706	1.0	0.9716981132075472	0.9885057471264368	1.0	1.0	1.0	Tumor
fc70931f-4a97-4538-b055-8ed988ab601c	1.0	1.0	1.0	0.9310344827586208	0.2564102564102564	0.9230769230769232	0.8636363636363636	0.9428571428571428	1.0	1.0	1.0	0.9230769230769232	0.8787878787878788	1.0	0.9428571428571428	0.972972972972973	1.0	1.0	0.9705882352941176	Tumor
fc801acd-4b1f-46e7-bc1e-47752fb08779	1.0	0.9830508474576272	1.0	0.9722222222222222	0.1282051282051282	0.9058823529411764	0.958904109589041	0.8888888888888888	1.0	0.988095238095238	1.0	0.9032258064516128	0.9	1.0	1.0	1.0	0.9655172413793104	1.0	1.0	Tumor
fe00aecb-7b06-4e76-b999-99ee41ad20ea	0.9722222222222222	1.0	1.0	1.0	0.1666666666666666	0.8717948717948718	1.0	0.5416666666666666	0.9583333333333334	1.0	1.0	0.8571428571428571	0.8666666666666667	1.0	0.981132075471698	0.9714285714285714	1.0	1.0	1.0	Tumor
feb7140e-d822-4462-8dfa-7a63805ac740	1.0	0.9770114942528736	0.9883720930232558	0.9772727272727272	0.7868852459016393	0.8823529411764706	0.918918918918919	0.9661016949152542	0.9574468085106383	0.956043956043956	1.0	0.9672131147540984	0.9285714285714286	0.961038961038961	0.943661971830986	1.0	0.9787234042553192	1.0	0.9534883720930232	Tumor
