	74284943:74284945	74203808:74203810	74284947:74284949	73982604:73982606	74286169:74286171	73948266:73948268	74000739:74000741	73980547:73980549	73964541:73964543	label
00a26384-1b1c-4db4-9664-75fb9b3febdb	1.0	0.0	1.0	0.9824561403508772	1.0	0.9027777777777778	0.9672131147540984	0.9655172413793104	0.9491525423728814	Tumor
0361ec21-e83f-40a9-b825-d92487b1239a	1.0	0.4146341463414634	1.0	0.9814814814814816	1.0	0.8472222222222222	0.9871794871794872	1.0	1.0	Tumor
039eaafb-c311-45ff-9df7-30c1b0bab00a	1.0	0.125	1.0	1.0	1.0	0.972972972972973	1.0	1.0	0.9857142857142858	Tumor
05b55f88-290a-4abd-bbc3-44561ba1f8b7	1.0	0.0357142857142857	1.0	1.0	0.8666666666666667	0.9636363636363636	0.96	1.0	1.0	Tumor
05f4836a-8db8-4dbc-a996-090887bf8a64	1.0	0.0636363636363636	1.0	0.989010989010989	1.0	0.9615384615384616	0.9204545454545454	1.0	0.9888888888888888	Tumor
063a4886-ee4d-43a9-95c1-25a0c0b2d85d	0.95	0.1219512195121951	1.0	1.0	1.0	0.9833333333333332	0.971830985915493	0.9814814814814816	1.0	Tumor
064d1578-9fb7-439c-9644-d4cb6389ec9d	1.0	0.0625	1.0	1.0	1.0	0.9705882352941176	0.981132075471698	1.0	0.9830508474576272	Tumor
06ce7b93-1264-4219-8a2f-d8f0d295e45f	1.0	0.2222222222222222	1.0	0.9682539682539684	1.0	0.9594594594594594	0.927710843373494	1.0	0.9384615384615383	Tumor
073939c1-c857-4340-8a5f-a7b87d2349c3	1.0	0.0175438596491228	1.0	1.0	0.9285714285714286	0.979591836734694	1.0	0.9230769230769232	1.0	Tumor
078f6959-adcf-44a5-91d2-2581ba3c8e62	1.0	0.0476190476190476	1.0	0.9906542056074766	1.0	0.9421487603305784	0.9150943396226416	0.9906542056074766	0.9724770642201837	Tumor
09cf8de3-bb0f-434d-8cb3-9f5eeb264b6b	1.0	0.054054054054054	1.0	1.0	1.0	1.0	0.96	0.9893617021276596	0.9895833333333334	Tumor
0a133c47-fae8-4e3b-8f4d-cbf357f5e2fc	1.0	0.0869565217391304	1.0	1.0	1.0	1.0	1.0	1.0	1.0	Tumor
0a430a9a-7e63-41d6-8cd0-1dda1e1df975	1.0	0.0303030303030303	1.0	0.9743589743589745	1.0	0.9891304347826086	1.0	0.987012987012987	1.0	Tumor
0d6fbefe-4e21-4762-a476-9c899d4a94b7	1.0	0.0	1.0	0.9387755102040816	1.0	1.0	1.0	1.0	0.9583333333333334	Tumor
0dacd83e-7fab-4064-a25c-c1de66be5305	1.0	0.081081081081081	1.0	1.0	1.0	0.9912280701754386	0.9690721649484536	1.0	1.0	Tumor
0ef46de9-c9e7-42f0-92bf-c17dc2ede102	0.9230769230769232	0.1785714285714285	1.0	0.96	0.8571428571428571	1.0	0.9873417721518988	1.0	1.0	Tumor
1075d95f-6d27-42e1-a67a-73d5247c8a68	1.0	0.09375	1.0	1.0	1.0	0.9508196721311476	0.9857142857142858	1.0	1.0	Tumor
11ed8e05-8f30-460a-b502-01ae09504315	1.0	0.0303030303030303	1.0	1.0	1.0	0.92	1.0	1.0	1.0	Tumor
13d6ae6d-1662-4e0a-a10b-a733efc216b2	1.0	0.1904761904761904	1.0	0.9836065573770492	1.0	0.9552238805970148	0.9863013698630136	1.0	1.0	Tumor
13daffbb-aa53-44f9-a6ed-5fd43ed37471	1.0	0.0238095238095238	1.0	1.0	1.0	0.9622641509433962	0.9807692307692308	0.9565217391304348	1.0	Tumor
1453285a-717a-4ae3-a537-57df2b8e65e2	1.0	0.1290322580645161	1.0	1.0	1.0	0.975	1.0	0.9705882352941176	0.9166666666666666	Tumor
17985496-652a-4034-997b-b888d97316e3	0.9565217391304348	0.2631578947368421	0.9565217391304348	1.0	0.9583333333333334	1.0	0.9772727272727272	1.0	1.0	Tumor
187f14ba-0002-4f99-9eb1-af93cbfdd4c2	1.0	0.0389610389610389	1.0	1.0	0.9692307692307692	0.9477124183006536	0.953125	0.9924242424242424	0.9703703703703704	Tumor
18e5bf73-efdd-4c75-957c-68a94f6cb396	1.0	0.1071428571428571	1.0	1.0	1.0	0.9178082191780822	0.967741935483871	0.9692307692307692	1.0	Tumor
1924888b-3b46-4079-a403-d758975a37bd	1.0	0.1034482758620689	1.0	0.9782608695652174	1.0	0.9230769230769232	0.9807692307692308	1.0	1.0	Tumor
1b87d18e-4b47-47d0-a6de-1bb9eedb04c9	1.0	0.0888888888888888	1.0	0.875	1.0	1.0	0.9705882352941176	0.9210526315789472	1.0	Tumor
1babcd23-5abc-4f27-b367-a093590e9f6d	1.0	0.2222222222222222	1.0	1.0	1.0	0.8620689655172413	1.0	1.0	1.0	Tumor
1c3dbd2f-1c07-48cb-a844-0b1b3eb14e0d	1.0	0.08	1.0	0.9818181818181818	1.0	0.9692307692307692	1.0	1.0	0.9818181818181818	Tumor
1d390e7f-bbbb-45b5-9466-d199f19106b2	1.0	0.0512820512820512	1.0	1.0	1.0	0.925925925925926	0.9615384615384616	0.9777777777777776	0.9565217391304348	Tumor
1dd10557-4e50-4af0-87c6-b4b3f6fa3a15	1.0	0.0476190476190476	1.0	0.984126984126984	1.0	0.9102564102564102	1.0	0.984126984126984	0.96875	Tumor
1dd6852b-2456-4576-9b22-f7604277c955	1.0	0.037037037037037	1.0	1.0	1.0	0.9777777777777776	0.9444444444444444	1.0	0.9775280898876404	Tumor
1e742dad-8e44-452a-bf2b-9b8ae1ed8bb2	0.9722222222222222	0.173076923076923	0.9722222222222222	0.8235294117647058	0.9846153846153848	0.90625	0.8	1.0	0.9032258064516128	Tumor
207b5c1c-3710-47bd-be2c-e1307631b28f	1.0	0.0	1.0	1.0	0.9230769230769232	0.9710144927536232	0.9090909090909092	1.0	1.0	Tumor
216e4f8a-be1a-41d6-b413-fa4645423caa	1.0	0.1785714285714285	1.0	1.0	1.0	0.9743589743589745	0.9791666666666666	0.972972972972973	0.9230769230769232	Tumor
217558e4-a5f5-4c72-91b7-b430a17f457a	1.0	0.1333333333333333	1.0	1.0	1.0	0.9361702127659576	0.9726027397260274	1.0	0.9565217391304348	Tumor
222dd9b5-4187-45b9-8cb1-fd16ba14425b	1.0	0.2068965517241379	1.0	1.0	1.0	1.0	1.0	1.0	1.0	Tumor
2244c5e8-a873-4e29-abb7-e869a7d79e3f	0.9565217391304348	0.1578947368421052	0.9565217391304348	1.0	1.0	0.9402985074626866	0.951219512195122	1.0	1.0	Tumor
22c2b380-799e-4fad-ae38-46a916c592d5	1.0	0.0769230769230769	1.0	1.0	1.0	0.9552238805970148	1.0	1.0	0.9824561403508772	Tumor
23b6c182-bb01-403a-9844-560518d059ac	1.0	0.0185185185185185	1.0	1.0	1.0	0.971153846153846	0.9622641509433962	1.0	0.9662921348314608	Tumor
23f366c0-41f3-4159-86f0-5fa3d0059761	1.0	0.1707317073170731	1.0	0.9743589743589745	1.0	0.9803921568627452	0.9574468085106383	1.0	1.0	Tumor
269c35f0-a4f7-4e30-a69f-f1f3b7b5dace	1.0	0.0588235294117647	1.0	1.0	1.0	0.9882352941176472	1.0	1.0	1.0	Tumor
28f3a34c-f73a-4d10-8c0a-23e578866289	1.0	0.0597014925373134	1.0	1.0	0.9803921568627452	0.9866666666666668	0.95	0.9848484848484848	1.0	Tumor
2966096f-4a35-4dca-ab38-ac86074fa29e	1.0	0.1	1.0	1.0	1.0	0.9705882352941176	1.0	0.9821428571428572	0.9821428571428572	Tumor
2ae456c7-57fa-4146-9b29-2d4129f0cf7c	1.0	0.054054054054054	1.0	1.0	1.0	0.98	0.9761904761904762	1.0	1.0	Tumor
2b9e2225-fb4d-4bc5-8c9a-58cd993627f9	1.0	0.09375	1.0	1.0	1.0	0.9545454545454546	0.975	1.0	1.0	Tumor
2c555b4c-f219-40f9-95a4-bf96122b9c1c	1.0	0.1034482758620689	1.0	1.0	1.0	1.0	1.0	1.0	1.0	Tumor
2d1e176a-adc9-4d8a-92cf-5cba5ab8e486	1.0	0.1041666666666666	1.0	1.0	1.0	0.9402985074626866	1.0	1.0	0.9830508474576272	Tumor
2db5e0aa-342e-4766-8725-c1d677fd52b2	1.0	0.1	1.0	1.0	1.0	0.902127659574468	0.9808612440191388	1.0	0.994186046511628	Tumor
2e4316d2-5fe5-4ee1-9b22-73f4c42b6202	1.0	0.0545454545454545	1.0	1.0	0.9722222222222222	1.0	0.9876543209876544	0.99	0.99	Tumor
304b7293-0a76-4028-9a18-58c87c751ceb	0.9838709677419356	0.1034482758620689	0.9838709677419356	0.8275862068965517	1.0	0.7894736842105263	0.9444444444444444	0.9230769230769232	0.5416666666666666	Tumor
308e15c9-16b0-4f24-b9dc-e9dc91038579	1.0	0.1612903225806451	1.0	0.9821428571428572	1.0	0.9859154929577464	0.974025974025974	1.0	0.9821428571428572	Tumor
3099b2a6-0d46-4404-88b0-a3689b019c38	1.0	0.0869565217391304	1.0	0.9814814814814816	1.0	0.9827586206896552	0.9565217391304348	1.0	1.0	Tumor
316d8a79-9084-4355-9de7-e29503bf0864	0.972972972972973	0.0895522388059701	1.0	1.0	1.0	0.9487179487179488	1.0	1.0	1.0	Tumor
32fdc0ce-d263-4622-8f8c-3df009bf2535	1.0	0.0	1.0	0.9696969696969696	1.0	0.9534883720930232	0.918918918918919	1.0	1.0	Tumor
3334577a-8045-4613-9a1b-e79fd62d5d6d	1.0	0.1	1.0	1.0	1.0	1.0	1.0	0.9666666666666668	1.0	Tumor
343c349a-57ce-4599-8185-3ed2e15c6fdd	1.0	0.078125	1.0	1.0	1.0	0.975609756097561	1.0	1.0	1.0	Tumor
35120b68-e618-46a1-9641-1e635f633372	1.0	0.0638297872340425	1.0	0.9838709677419356	1.0	0.9102564102564102	0.945945945945946	1.0	1.0	Tumor
3621ce2e-a1eb-4a45-ac06-779a780b0b99	1.0	0.0526315789473684	1.0	0.9864864864864864	1.0	0.9876543209876544	1.0	0.9864864864864864	1.0	Tumor
36bbebb5-ba1e-4ac6-83b2-67ccd05e4939	1.0	0.131578947368421	1.0	1.0	1.0	0.9047619047619048	0.9838709677419356	0.98	1.0	Tumor
37d359b3-d8f5-44cf-8f30-57dfdbbab8c1	1.0	0.0983606557377049	1.0	1.0	1.0	0.9620253164556962	1.0	0.9701492537313432	0.9705882352941176	Tumor
3823e741-c29c-431e-9397-4d16a30ec473	1.0	0.1	1.0	1.0	1.0	1.0	0.9864864864864864	1.0	0.9743589743589745	Tumor
39a75bde-24a0-4d26-8377-df045423f786	1.0	0.0923076923076923	1.0	1.0	1.0	0.95	0.9491525423728814	1.0	0.9636363636363636	Tumor
3a814d3d-749f-4066-b33b-3faf503d84bb	1.0	0.1071428571428571	1.0	1.0	1.0	0.9387755102040816	0.9929577464788732	1.0	0.9772727272727272	Tumor
3c3c4741-8eda-46fe-8d36-2cd683f4a987	1.0	0.0925925925925925	1.0	1.0	1.0	0.9397590361445785	0.9508196721311476	1.0	1.0	Tumor
3d31d7a9-76b8-41f4-a037-0dfe6a4ecb0c	1.0	0.1351351351351351	1.0	1.0	0.8823529411764706	0.9375	0.9642857142857144	1.0	0.9636363636363636	Tumor
3daf8160-42c5-41bf-b251-77fce23a4aab	0.9230769230769232	0.0857142857142857	1.0	1.0	1.0	1.0	0.9772727272727272	1.0	0.951219512195122	Tumor
3ef3fd4b-ed5b-41e1-8096-c573cf609bd3	1.0	0.0526315789473684	1.0	1.0	1.0	1.0	0.9857142857142858	1.0	1.0	Tumor
3f3b6a7b-94f0-40a3-9f16-32bab2854678	1.0	0.0161290322580645	1.0	0.96	1.0	0.935483870967742	0.9423076923076924	0.979591836734694	0.979591836734694	Tumor
3f94086c-9e16-403e-b191-e03e9b6e3ce2	1.0	0.0434782608695652	1.0	1.0	1.0	0.9772727272727272	0.9710144927536232	0.986842105263158	0.9615384615384616	Tumor
3fd9c506-ed43-45db-bff4-6e968ac19564	1.0	0.1944444444444444	1.0	1.0	1.0	0.9649122807017544	0.945945945945946	1.0	0.9565217391304348	Tumor
4066800d-0b9e-4263-ba24-cab271630e41	1.0	0.064516129032258	1.0	1.0	1.0	1.0	0.9696969696969696	1.0	0.9666666666666668	Tumor
40a4fc74-f345-4940-be5c-249013782e4f	1.0	0.1724137931034483	1.0	1.0	1.0	1.0	0.9696969696969696	1.0	1.0	Tumor
420197bd-db07-4df9-8f72-3d7d509ae1d0	1.0	0.2068965517241379	1.0	1.0	1.0	0.972972972972973	0.8775510204081632	0.9393939393939394	1.0	Tumor
42b32308-71f1-4f21-935f-7e4e5751e332	1.0	0.0454545454545454	1.0	1.0	1.0	0.926829268292683	1.0	0.975609756097561	0.975609756097561	Tumor
4387a2a8-5011-44c4-8027-61d5ab3792a0	1.0	0.0833333333333333	1.0	1.0	1.0	0.9315068493150684	1.0	0.984126984126984	0.984126984126984	Tumor
4497500a-5721-4d7a-8ed9-1ba7b42fb6ab	1.0	0.2352941176470588	1.0	1.0	1.0	0.992063492063492	0.9776119402985076	0.9903846153846154	1.0	Tumor
465928c5-ab56-46ff-acb5-76e36c97ebda	1.0	0.0652173913043478	1.0	1.0	1.0	0.989010989010989	0.9814814814814816	1.0	0.987012987012987	Tumor
466a4121-0583-47ee-9d54-1f1c2d47e381	1.0	0.0697674418604651	1.0	0.9894736842105264	1.0	0.970873786407767	0.9754098360655736	0.9894736842105264	0.9791666666666666	Tumor
467bd108-f391-4dd1-92de-43879822400d	1.0	0.0714285714285714	1.0	1.0	0.975	0.9661016949152542	0.9838709677419356	1.0	1.0	Tumor
46cdbe65-5610-4903-9452-518fd6d5787d	1.0	0.0789473684210526	1.0	1.0	1.0	1.0	0.9852941176470588	0.9838709677419356	1.0	Tumor
470b6305-67ca-487c-b9b1-9b74f673f9fd	1.0	0.16	1.0	1.0	0.9565217391304348	0.989010989010989	0.9032258064516128	1.0	0.988095238095238	Tumor
47e6db9a-52b4-4a3b-8c5f-1cb8fa48f7ea	1.0	0.0555555555555555	1.0	1.0	1.0	1.0	0.96	1.0	1.0	Tumor
48077485-61e6-4d16-a74c-ee216a9455f1	1.0	0.12	1.0	0.9787234042553192	1.0	0.9814814814814816	0.95	1.0	0.9787234042553192	Tumor
488d0d81-4872-4204-b8e8-745e64a35d65	1.0	0.074074074074074	1.0	1.0	0.9375	0.925	0.9767441860465116	1.0	1.0	Tumor
490dfd10-0c85-48a9-b4ce-22b4445ed504	1.0	0.0970873786407767	1.0	0.9871794871794872	1.0	0.9651162790697676	0.9894736842105264	0.9871794871794872	0.9871794871794872	Tumor
49ec7f30-d687-4124-a3aa-17bffb48ce26	1.0	0.4	1.0	1.0	1.0	0.9649122807017544	0.9577464788732394	0.9821428571428572	1.0	Tumor
4a88d54f-c88c-4ffd-84c9-069b53f2cb28	1.0	0.1272727272727272	1.0	0.991150442477876	1.0	0.9925373134328358	0.968503937007874	1.0	0.991150442477876	Tumor
4abd29b3-0a83-41d3-a741-bcc5b6d2f98a	1.0	0.0561797752808988	1.0	0.9864864864864864	1.0	0.975609756097561	0.941747572815534	0.9864864864864864	0.9864864864864864	Tumor
4c6cb929-293d-452e-b7f8-d535b48cf073	1.0	0.1904761904761904	1.0	1.0	1.0	0.9444444444444444	0.9166666666666666	1.0	1.0	Tumor
4c6f18b9-eb4c-4b7f-90ee-0c3194407be7	1.0	0.0909090909090909	1.0	1.0	1.0	0.9367088607594936	0.9696969696969696	0.9848484848484848	0.9558823529411764	Tumor
4da20b00-8ed6-41ed-88d9-9969d15761c7	1.0	0.0344827586206896	1.0	1.0	1.0	0.9863013698630136	0.9523809523809524	0.984126984126984	0.953846153846154	Tumor
4f3fa7c5-fe72-4b99-8a4f-9f487efc1ef1	1.0	0.0714285714285714	1.0	1.0	1.0	0.946808510638298	0.9726027397260274	0.9876543209876544	0.9876543209876544	Tumor
504f8320-62f8-4205-926a-a54d042d0e98	1.0	0.1702127659574468	1.0	1.0	1.0	0.9821428571428572	0.9772727272727272	0.9787234042553192	1.0	Tumor
507de54a-b4a5-4778-99fc-2f4f45c6daa0	1.0	0.1951219512195122	1.0	0.967741935483871	1.0	0.9701492537313432	0.9464285714285714	1.0	0.967741935483871	Tumor
51538db5-edf3-40bc-ae5e-dc9b552e8b53	1.0	0.0444444444444444	1.0	0.989010989010989	1.0	0.9724770642201837	0.9680851063829788	0.989010989010989	0.989010989010989	Tumor
52064107-3c37-45b1-aa6b-a14a98352f9d	0.935483870967742	0.1022727272727272	0.935483870967742	1.0	1.0	0.9491525423728814	0.9344262295081968	1.0	0.9807692307692308	Tumor
52df14ea-5feb-481a-855e-0a6176744a73	1.0	0.0416666666666666	1.0	1.0	1.0	0.9452054794520548	0.9836065573770492	1.0	0.96875	Tumor
52ff2501-c6d1-4469-a2b7-c458d98cfc8e	1.0	0.3823529411764705	1.0	1.0	1.0	1.0	0.972972972972973	1.0	1.0	Tumor
548b1967-fca4-4238-8d59-ae5405122c90	1.0	0.032258064516129	1.0	1.0	1.0	1.0	0.96875	1.0	0.9761904761904762	Tumor
570b216f-f99d-4be8-b179-48c8d30c6c06	1.0	0.2222222222222222	1.0	1.0	1.0	1.0	1.0	1.0	0.9833333333333332	Tumor
57d2c12f-e3ae-457b-b92c-22002aecdba0	1.0	0.0576923076923076	1.0	1.0	0.8947368421052632	1.0	0.9888888888888888	1.0	1.0	Tumor
586df577-513d-4d43-ac47-89c52f322d30	1.0	0.037037037037037	1.0	1.0	1.0	1.0	0.9649122807017544	1.0	1.0	Tumor
59c3ac05-7a99-4817-ae14-1584f2b7bf36	1.0	0.064516129032258	1.0	1.0	1.0	1.0	0.98989898989899	1.0	0.9863013698630136	Tumor
59fe0f14-0415-43b7-87c7-1098e4b434ea	0.9705882352941176	0.0373831775700934	1.0	1.0	0.9705882352941176	0.9615384615384616	0.987012987012987	0.9814814814814816	0.9636363636363636	Tumor
5a61d29b-5ae6-41b6-8842-865463f72990	1.0	0.0625	1.0	1.0	1.0	0.9791666666666666	0.9558823529411764	1.0	0.9866666666666668	Tumor
5b51c204-3342-46d9-86a4-2ed091492318	1.0	0.0263157894736842	1.0	0.9791666666666666	1.0	0.9818181818181818	0.9375	1.0	0.9591836734693876	Tumor
5b858b45-79a5-4857-b59e-8c56a8b04320	1.0	0.09375	1.0	1.0	1.0	1.0	0.9692307692307692	0.984375	1.0	Tumor
5bd46a5d-2390-421c-a7aa-90ba77fed60d	1.0	0.0892857142857142	1.0	0.9879518072289156	1.0	0.9074074074074074	0.99	0.9761904761904762	0.9879518072289156	Tumor
5c66dcbd-024b-4a7b-b3aa-bbbaaf91ae78	1.0	0.0714285714285714	1.0	0.98	1.0	0.9642857142857144	0.981132075471698	1.0	1.0	Tumor
5cc4350c-416e-4f2c-be73-12af68ad1ee4	1.0	0.1489361702127659	1.0	1.0	1.0	0.9470198675496688	0.9848484848484848	0.9924242424242424	0.9850746268656716	Tumor
5d5bb9d2-2244-4673-99db-653609cf5de2	1.0	0.196078431372549	1.0	1.0	1.0	0.9666666666666668	0.926829268292683	0.98	1.0	Tumor
5e4626c1-dcf9-4781-a2e7-f6afca7e2ee7	1.0	0.2222222222222222	1.0	1.0	1.0	0.9777777777777776	0.9743589743589745	1.0	1.0	Tumor
61325789-0b1e-473d-8b71-5ec13ec1dcb7	1.0	0.0666666666666666	1.0	1.0	1.0	0.981651376146789	0.9741379310344828	1.0	1.0	Tumor
61a614bb-2249-4611-8aac-1a8e53d4467b	1.0	0.08	1.0	1.0	1.0	0.9607843137254902	0.9574468085106383	1.0	0.9583333333333334	Tumor
61ad862c-0bd2-4fcd-a9e1-f42e8099bd81	1.0	0.131578947368421	1.0	0.9607843137254902	1.0	1.0	0.9428571428571428	0.98	1.0	Tumor
61f811cf-9dc1-4f48-ad62-c3ebfd1f0847	1.0	0.109090909090909	1.0	1.0	1.0	0.8055555555555556	1.0	1.0	1.0	Tumor
628501d9-94e5-440e-b39f-df0e3ea09986	1.0	0.1111111111111111	1.0	1.0	1.0	0.9438202247191012	0.935897435897436	1.0	1.0	Tumor
62aa3903-4f3b-4693-b5e5-fc5abce184de	1.0	0.1875	1.0	1.0	1.0	0.9714285714285714	1.0	0.9714285714285714	1.0	Tumor
653ddf67-d2ac-4fc7-8e95-b4a078e27806	1.0	0.175438596491228	1.0	0.9615384615384616	1.0	0.8085106382978723	1.0	1.0	0.925925925925926	Tumor
65b4f81a-4439-4d82-ae25-68d63309b053	1.0	0.0545454545454545	1.0	1.0	1.0	1.0	0.8709677419354839	0.9791666666666666	1.0	Tumor
663797a8-ffd2-48a2-a5f6-992b5eb3c745	1.0	0.1020408163265306	1.0	1.0	1.0	0.925531914893617	1.0	1.0	0.9873417721518988	Tumor
666548b5-7b80-42af-80f3-207063c35b3b	1.0	0.1818181818181818	1.0	1.0	1.0	0.9705882352941176	0.9710144927536232	1.0	0.9473684210526316	Tumor
671bc03b-e3a8-45f6-88e4-ce138c716886	1.0	0.0566037735849056	1.0	0.9726027397260274	1.0	0.9736842105263158	1.0	0.9861111111111112	0.8987341772151899	Tumor
676cce88-9f6e-4490-8e73-c0e88bd00075	1.0	0.1025641025641025	1.0	1.0	1.0	0.9528301886792452	0.9666666666666668	0.9882352941176472	0.9767441860465116	Tumor
678aa892-0631-47cc-b19e-cdcef42cecb3	1.0	0.0465116279069767	1.0	1.0	1.0	0.94	0.9387755102040816	1.0	0.975	Tumor
682169e0-f36b-430c-896f-c93668b4ce78	1.0	0.0410958904109589	1.0	1.0	1.0	1.0	0.9931506849315068	1.0	0.9482758620689656	Tumor
692ea666-b4ac-4e92-b712-96a67edaef56	1.0	0.1111111111111111	1.0	1.0	1.0	0.9696969696969696	0.9534883720930232	0.976470588235294	0.9540229885057472	Tumor
69303772-638d-4171-84d2-cfa535256976	1.0	0.2692307692307692	1.0	1.0	1.0	0.975	1.0	1.0	0.9855072463768116	Tumor
694ca3d8-9748-4c0f-9021-d599d81a325e	1.0	0.1219512195121951	1.0	0.981132075471698	1.0	0.9818181818181818	0.9787234042553192	1.0	0.9629629629629628	Tumor
698e64da-61aa-4d7b-9f33-21d627cb4721	1.0	0.1851851851851851	1.0	1.0	0.9090909090909092	1.0	0.9833333333333332	1.0	1.0	Tumor
6c40b30a-d103-4397-997f-9b2bda66793a	1.0	0.1739130434782608	1.0	1.0	1.0	0.9886363636363636	0.9777777777777776	1.0	1.0	Tumor
6e24acde-7dd0-46b9-b3c5-b0b617912910	0.9230769230769232	0.2	0.9230769230769232	1.0	1.0	0.96875	0.9814814814814816	0.9642857142857144	1.0	Tumor
6e8eeaae-cc26-4db8-85f6-5c975b06bf45	1.0	0.0212765957446808	1.0	0.9753086419753086	0.96	0.9270833333333334	0.9891304347826086	1.0	0.976470588235294	Tumor
6f73500d-4b23-4f14-911b-fbc69bd38f4b	1.0	0.0	1.0	0.9767441860465116	1.0	0.9565217391304348	1.0	1.0	0.9767441860465116	Tumor
6fb7c578-dec9-4fe8-a9bf-3888bb765658	1.0	0.3018867924528302	1.0	0.9852941176470588	1.0	0.9642857142857144	0.9466666666666668	1.0	1.0	Tumor
70532e65-df18-4e1d-beaf-08fbf349bec0	1.0	0.1666666666666666	1.0	1.0	1.0	1.0	0.9803921568627452	1.0	0.9743589743589745	Tumor
7135f14b-e84f-4ebf-8d95-b2a3c843fd4d	0.9411764705882352	0.1538461538461538	0.9411764705882352	1.0	1.0	0.984126984126984	0.9428571428571428	1.0	0.9791666666666666	Tumor
71c9a6fc-0538-4533-af51-f7c9defe7770	1.0	0.027027027027027	1.0	1.0	1.0	1.0	1.0	1.0	0.9666666666666668	Tumor
74179e5e-2d3c-417e-8844-6740ea9fb2e5	1.0	0.0357142857142857	1.0	1.0	1.0	0.9863013698630136	0.9787234042553192	1.0	0.984375	Tumor
741fb6d6-364f-47a0-a262-f18235c48fc4	1.0	0.0428571428571428	1.0	1.0	1.0	0.9487179487179488	0.9104477611940298	1.0	0.9393939393939394	Tumor
74d50556-5de8-4eff-82e6-a3ad9c70020a	1.0	0.1186440677966101	1.0	1.0	1.0	1.0	0.9583333333333334	1.0	1.0	Tumor
75525261-bd54-4e19-9f86-ab7b9cea3388	1.0	0.0454545454545454	1.0	1.0	1.0	0.9565217391304348	1.0	0.9333333333333332	1.0	Tumor
75668632-f0c7-495b-ba34-cd4b00aa9450	1.0	0.1333333333333333	1.0	0.9878048780487804	1.0	1.0	0.9550561797752808	0.9878048780487804	0.9418604651162792	Tumor
75e67bb5-098c-4b48-8f5d-badc72dc4c47	1.0	0.125	1.0	0.9722222222222222	1.0	0.9659090909090908	0.974025974025974	0.9859154929577464	0.9722222222222222	Tumor
768e0380-9183-4600-849b-0d315ba502fc	1.0	0.0851063829787234	1.0	1.0	1.0	0.8918918918918919	0.96875	0.9696969696969696	1.0	Tumor
769dff27-1f9c-422d-8ba0-703136a9d5ca	1.0	0.0617283950617283	1.0	1.0	1.0	0.9782608695652174	0.9310344827586208	1.0	1.0	Tumor
784a9c63-9b40-4f6c-8147-93d0ed523867	1.0	0.173076923076923	1.0	0.9724770642201837	1.0	0.9553571428571428	0.9871794871794872	0.9906542056074766	0.9727272727272728	Tumor
7aac48b4-dbb0-49a5-a3e0-04916a9270b8	0.9090909090909092	0.0410958904109589	1.0	0.9848484848484848	0.9523809523809524	0.8701298701298701	0.945945945945946	0.9848484848484848	0.9565217391304348	Tumor
7b4b9d66-e494-48e8-949f-7cdb42e490f9	1.0	0.0677966101694915	1.0	1.0	1.0	0.9487179487179488	1.0	1.0	0.981132075471698	Tumor
7b7c91b5-0358-4d09-af89-26a791d7a23a	1.0	0.1636363636363636	1.0	1.0	1.0	0.9712230215827338	0.967741935483871	0.992063492063492	1.0	Tumor
7d30a479-6d2f-431e-b15c-26736994b2f5	1.0	0.2972972972972973	1.0	1.0	1.0	1.0	0.9879518072289156	1.0	1.0	Tumor
7e6ed4fc-b4bf-46c7-9f31-24a0c32c039e	1.0	0.125	1.0	1.0	1.0	0.9642857142857144	1.0	1.0	1.0	Tumor
7ee4348d-9975-42ba-b258-2334e089395c	1.0	0.0204081632653061	1.0	1.0	0.96875	0.9866666666666668	0.9782608695652174	1.0	1.0	Tumor
7faebca5-c36a-4a24-b785-5e673cf5a0ed	1.0	0.12	1.0	1.0	1.0	0.9473684210526316	0.9879518072289156	0.98	1.0	Tumor
8087339c-4fdc-42e4-94ff-299a59ae88a3	1.0	0.1020408163265306	1.0	1.0	1.0	0.9558823529411764	0.979591836734694	1.0	0.967741935483871	Tumor
8095ebc6-d293-4668-9d83-8b3f35dd198d	1.0	0.1612903225806451	1.0	1.0	1.0	0.9836065573770492	0.9814814814814816	1.0	1.0	Tumor
80de2366-cd3c-4b51-9957-06ac3e152cf0	1.0	0.2083333333333333	1.0	1.0	1.0	0.8548387096774194	0.9210526315789472	1.0	0.979591836734694	Tumor
815b70e5-858d-416d-94aa-6749960883ce	1.0	0.1041666666666666	1.0	0.986842105263158	1.0	1.0	0.9830508474576272	1.0	1.0	Tumor
83f93d3f-d038-4773-a671-0f218f53821c	1.0	0.238095238095238	1.0	0.9722222222222222	1.0	0.9534883720930232	0.981132075471698	1.0	0.9722222222222222	Tumor
8634f872-177a-481f-ba51-62864c569001	0.9736842105263158	0.0769230769230769	0.9736842105263158	0.9893617021276596	1.0	0.9487179487179488	0.9895833333333334	1.0	0.9789473684210528	Tumor
87c074cd-bcd8-4280-a12e-b205f50e139c	1.0	0.109090909090909	1.0	1.0	1.0	0.96	0.9393939393939394	1.0	1.0	Tumor
898f9214-8dab-4b92-9233-70c06c60078c	1.0	0.0579710144927536	1.0	0.986842105263158	1.0	1.0	0.961904761904762	1.0	0.9615384615384616	Tumor
8a27980e-a506-4cb3-91f2-3f0e5a19acfe	1.0	0.0338983050847457	1.0	1.0	1.0	1.0	1.0	1.0	1.0	Tumor
8aed99b7-de49-4e7e-8fb3-17d897c03e00	1.0	0.0377358490566037	1.0	1.0	1.0	0.98	0.94	1.0	0.9545454545454546	Tumor
8b5be676-9118-4038-9d54-6b80b14e43dc	1.0	0.06	1.0	0.9607843137254902	1.0	0.9827586206896552	0.972972972972973	1.0	1.0	Tumor
8b629c3d-0f28-4740-b681-6f064354f794	0.9565217391304348	0.0172413793103448	1.0	0.96	1.0	0.9818181818181818	0.951219512195122	0.979591836734694	1.0	Tumor
8c0d18d4-98f5-4a66-b62e-7cede666c49f	1.0	0.0	1.0	0.9807692307692308	1.0	0.9473684210526316	0.9761904761904762	1.0	1.0	Tumor
8d0f534a-a0b1-4d8e-9ca5-042f8a0a4e52	1.0	0.0943396226415094	1.0	0.9705882352941176	1.0	0.926829268292683	0.9464285714285714	1.0	1.0	Tumor
8d1641ea-7552-4d23-9298-094e0056386a	1.0	0.074074074074074	1.0	0.9814814814814816	1.0	0.9818181818181818	1.0	1.0	1.0	Tumor
8d2f240f-43c3-4e0d-a6cc-79f6b174dace	1.0	0.238095238095238	1.0	1.0	1.0	0.9636363636363636	0.9888888888888888	1.0	1.0	Tumor
8d3d544f-6d1a-4cdc-8091-490311487ebd	1.0	0.0566037735849056	1.0	0.9726027397260274	1.0	0.9882352941176472	1.0	0.9861111111111112	0.9594594594594594	Tumor
8e6bbb91-f5de-4615-8a29-37c8f401dbe9	0.9090909090909092	0.0638297872340425	1.0	1.0	1.0	0.9814814814814816	1.0	1.0	0.9827586206896552	Tumor
8f08cee9-a91f-4305-bf8d-efeee9cd386c	1.0	0.1475409836065573	1.0	1.0	0.9736842105263158	1.0	1.0	1.0	1.0	Tumor
8fe92722-33b4-421a-9229-7d82e8af0ce2	0.9696969696969696	0.0897435897435897	0.9696969696969696	0.9875	1.0	0.9431818181818182	0.943661971830986	1.0	1.0	Tumor
8fff7b55-a9c5-4179-a86a-80bff4fed1b0	1.0	0.1111111111111111	1.0	1.0	0.95	0.9805825242718448	1.0	1.0	0.956043956043956	Tumor
9053485e-19f7-4d2b-b4b6-361d908cc708	1.0	0.0961538461538461	1.0	1.0	1.0	0.925925925925926	0.9206349206349206	1.0	1.0	Tumor
90a1bbd2-6b26-4d1c-b255-df5499d1da6c	1.0	0.025	1.0	0.9736842105263158	1.0	0.9565217391304348	1.0	0.9736842105263158	1.0	Tumor
914508e1-ccc8-47ff-a225-7aca326a54dd	1.0	0.0172413793103448	1.0	1.0	1.0	0.954954954954955	0.956140350877193	1.0	1.0	Tumor
91941243-48d2-4416-b104-0affb8c46316	1.0	0.1818181818181818	1.0	1.0	1.0	0.8666666666666667	0.9583333333333334	1.0	1.0	Tumor
922ac2aa-8619-47ef-99d8-160e19861f57	1.0	0.024390243902439	1.0	0.9393939393939394	0.9714285714285714	1.0	0.86	0.96875	0.9714285714285714	Tumor
92e1baff-0f43-4841-aab9-fdda0078673a	1.0	0.1304347826086956	1.0	0.984126984126984	1.0	0.9871794871794872	0.9322033898305084	1.0	0.984126984126984	Tumor
948f1e9e-702b-4f42-a766-fb6b4976b14d	1.0	0.12	1.0	0.986842105263158	1.0	0.9659090909090908	0.9523809523809524	1.0	1.0	Tumor
952883cf-24c2-4ed7-bb96-3f736c15ae3d	1.0	0.0581395348837209	1.0	1.0	1.0	1.0	0.9739130434782608	0.99009900990099	1.0	Tumor
956570e5-7ed4-4d17-a830-f1bc67a7af15	0.96	0.0140845070422535	0.96	0.989247311827957	1.0	0.8981481481481481	0.9027777777777778	0.9787234042553192	0.9484536082474226	Tumor
95e450bd-ff88-4498-9418-e09883c94988	1.0	0.0869565217391304	1.0	0.9846153846153848	1.0	0.95	0.975	1.0	1.0	Tumor
96668a75-e21b-482f-b699-0b5282909a9a	1.0	0.3333333333333333	1.0	1.0	1.0	0.9696969696969696	1.0	1.0	0.9629629629629628	Tumor
967f7008-e212-4114-ab43-dc2a6295f80c	1.0	0.024390243902439	1.0	1.0	0.925925925925926	1.0	0.927536231884058	0.9818181818181818	1.0	Tumor
967fde0b-9c38-4c69-97f2-9640ebe1dc9a	1.0	0.09009009009009	1.0	0.9672131147540984	1.0	1.0	0.9682539682539684	0.9672131147540984	0.9365079365079364	Tumor
97a50d88-e662-43d5-9cef-2915545e8968	1.0	0.0833333333333333	1.0	0.9428571428571428	0.9444444444444444	0.926829268292683	0.9746835443037974	0.9705882352941176	0.9705882352941176	Tumor
990f1383-2ef6-426a-a650-e182010a8281	1.0	0.0465116279069767	1.0	0.9722222222222222	0.9166666666666666	1.0	0.9787234042553192	1.0	0.9722222222222222	Tumor
99d31369-3db2-4631-bc62-1aa6927476ad	1.0	0.048780487804878	1.0	0.968421052631579	1.0	0.9545454545454546	0.9813084112149532	0.989247311827957	0.989247311827957	Tumor
9c0696ab-2bd6-4372-8b10-8222816de48e	1.0	0.0975609756097561	1.0	0.9833333333333332	1.0	0.9090909090909092	0.9230769230769232	1.0	1.0	Tumor
9c2ed2bb-8ee1-441e-9f3b-ffbb4def2673	1.0	0.064516129032258	1.0	1.0	1.0	0.96	0.9636363636363636	0.9787234042553192	0.9787234042553192	Tumor
9c706e45-00da-42cd-933f-1f42f0b6942e	1.0	0.0408163265306122	1.0	1.0	1.0	1.0	0.9574468085106383	0.9821428571428572	1.0	Tumor
9d0f51bf-a66d-4ea1-8599-2aee772c165b	1.0	0.1071428571428571	1.0	0.9375	1.0	0.981132075471698	0.9583333333333334	0.9375	0.9782608695652174	Tumor
9d515fd5-009a-4c32-95e7-042909d70b9f	1.0	0.075	1.0	0.9777777777777776	1.0	0.9814814814814816	0.945945945945946	0.9777777777777776	1.0	Tumor
9dffaff8-a482-4940-b53a-527e5a510740	0.8918918918918919	0.0612244897959183	0.9428571428571428	0.9803921568627452	1.0	0.9830508474576272	0.9615384615384616	0.9803921568627452	1.0	Tumor
9ee600fe-20c7-4b1f-b08f-15d3d38a5c52	1.0	0.0	1.0	1.0	1.0	0.8979591836734694	1.0	1.0	0.945945945945946	Tumor
a068f661-e689-4e30-9572-3103039981aa	1.0	0.0943396226415094	1.0	0.9722222222222222	1.0	0.9565217391304348	0.9629629629629628	0.9722222222222222	1.0	Tumor
a29c8616-0f82-4515-870e-68887a628c92	1.0	0.1	1.0	1.0	1.0	1.0	0.9838709677419356	0.975609756097561	1.0	Tumor
a2a798c5-3b1e-4192-8c6a-8c627cd0879e	1.0	0.0625	1.0	1.0	0.9545454545454546	1.0	0.9647058823529412	0.9655172413793104	1.0	Tumor
a2b214c2-a5d4-4ce6-b505-e1438027236d	1.0	0.054054054054054	1.0	1.0	1.0	0.9230769230769232	1.0	1.0	1.0	Tumor
a3595c7e-948b-4d93-a623-477d7af84e15	1.0	0.0	1.0	1.0	1.0	1.0	1.0	1.0	1.0	Tumor
a3624554-07c8-41d7-9b6b-f4cbf9de9301	1.0	0.1475409836065573	1.0	1.0	1.0	0.9875	0.9852941176470588	1.0	0.9852941176470588	Tumor
a41a8b37-2a35-487f-8a4d-ffa0f31b7839	1.0	0.0609756097560975	1.0	0.9743589743589745	1.0	0.9655172413793104	0.9753086419753086	1.0	0.9625	Tumor
a4cf670f-1627-42cf-9917-fc2c89708353	1.0	0.08	1.0	0.9861111111111112	1.0	0.9550561797752808	0.9886363636363636	1.0	1.0	Tumor
a622a28b-a3ac-495b-b696-2a11e0e0e2ad	1.0	0.0285714285714285	1.0	0.9863013698630136	1.0	0.9518072289156626	1.0	1.0	1.0	Tumor
a740aa2d-a410-443f-99f4-3a123deb2f41	0.9230769230769232	0.3823529411764705	0.9230769230769232	0.9428571428571428	1.0	0.9903846153846154	0.9365853658536586	0.9801980198019802	0.9705882352941176	Tumor
a7428d3b-f84b-4c2f-a996-14a11af6b6df	1.0	0.0224719101123595	1.0	0.9767441860465116	1.0	1.0	0.9705882352941176	0.9767441860465116	1.0	Tumor
a78e7939-a1ea-4b9d-ae55-3c1dc985bbd8	0.9333333333333332	0.081081081081081	0.9333333333333332	1.0	1.0	0.968421052631579	0.9907407407407408	1.0	1.0	Tumor
a852a227-c31f-410f-baee-81135917a7d2	1.0	0.1481481481481481	1.0	0.9803921568627452	0.9333333333333332	0.9850746268656716	0.9666666666666668	1.0	0.9803921568627452	Tumor
a8e0466b-d106-44b7-b846-c4fb666715f5	1.0	0.0303030303030303	1.0	1.0	1.0	1.0	1.0	1.0	1.0	Tumor
abb411d3-1474-4e6e-afa9-23b974d9a557	1.0	0.09375	1.0	1.0	1.0	0.8909090909090909	0.9787234042553192	1.0	0.9767441860465116	Tumor
ad8c55ae-46df-43cd-8cb5-c049e3019959	1.0	0.0333333333333333	1.0	1.0	1.0	0.9882352941176472	0.986842105263158	0.9850746268656716	1.0	Tumor
ad930bd1-0026-4f83-92e2-23170c1965aa	0.981132075471698	0.1204819277108433	1.0	1.0	1.0	0.9411764705882352	0.9642857142857144	1.0	0.9411764705882352	Tumor
af58b506-df1d-4221-964d-76dbade6ab85	1.0	0.088235294117647	1.0	1.0	1.0	0.989010989010989	0.9882352941176472	1.0	1.0	Tumor
af83a9af-a11f-4c29-a61f-8f0d2b5868c1	1.0	0.04	1.0	1.0	1.0	0.9933333333333332	0.9716312056737588	0.9847328244274808	0.9923076923076924	Tumor
b0a1f575-657f-4277-95dd-0e02e77279fe	1.0	0.1538461538461538	1.0	0.9848484848484848	1.0	0.9775280898876404	0.988095238095238	0.9850746268656716	1.0	Tumor
b0c13073-8725-4707-983c-506fe46205d7	1.0	0.064516129032258	1.0	0.9607843137254902	1.0	0.925925925925926	0.9875	0.9607843137254902	1.0	Tumor
b161c26d-64b1-4e03-94da-4f9b9de25e88	1.0	0.0689655172413793	1.0	1.0	1.0	0.9807692307692308	1.0	0.9791666666666666	1.0	Tumor
b1e03953-263f-4331-b386-487cdc897425	1.0	0.0238095238095238	1.0	1.0	1.0	0.9466666666666668	1.0	0.9846153846153848	1.0	Tumor
b31c9e1c-be79-4264-81a3-40b67f1f0bde	0.9714285714285714	0.0	0.9714285714285714	1.0	1.0	0.9428571428571428	0.9473684210526316	1.0	0.9444444444444444	Tumor
b3435d9e-fb7f-4748-9a0b-2b532875c87e	1.0	0.2105263157894736	1.0	1.0	1.0	0.9830508474576272	0.979591836734694	1.0	1.0	Tumor
b35809ed-747b-46b9-9921-e14d859e5b5d	1.0	0.1666666666666666	1.0	1.0	1.0	0.9253731343283582	1.0	1.0	1.0	Tumor
b3d432d6-0b86-4407-98e2-99c1971283a8	1.0	0.1166666666666666	1.0	0.9827586206896552	1.0	0.9827586206896552	0.9642857142857144	1.0	0.9824561403508772	Tumor
b4a9422c-ed5b-435f-aa13-e8a8f2484e97	1.0	0.0	1.0	1.0	1.0	0.9318181818181818	1.0	1.0	0.925	Tumor
b4aad532-f92b-43d9-820c-f3c98e382225	1.0	0.1071428571428571	1.0	1.0	1.0	0.979591836734694	1.0	1.0	1.0	Tumor
b5e84055-487f-467a-9bc4-bd59ec82f183	1.0	0.1935483870967742	1.0	0.971830985915493	1.0	0.946236559139785	0.976470588235294	1.0	0.9857142857142858	Tumor
b773c30d-f37b-4aee-8330-a159d42d3019	1.0	0.088235294117647	1.0	0.9444444444444444	0.8461538461538461	1.0	0.972972972972973	1.0	1.0	Tumor
b793fa3a-f197-409f-b630-2dcba3290cce	1.0	0.4583333333333333	1.0	0.9777777777777776	1.0	0.9791666666666666	1.0	1.0	1.0	Tumor
b7ef29ba-06f6-4445-8c70-52388892388c	1.0	0.0454545454545454	1.0	1.0	1.0	0.9322033898305084	1.0	1.0	0.9615384615384616	Tumor
b8542fa9-5521-48bc-ae1b-4e12a1744e0d	1.0	0.125	1.0	1.0	1.0	0.9230769230769232	1.0	0.9615384615384616	1.0	Tumor
b9e82597-fdf2-4479-a764-29193ddbd58f	1.0	0.2142857142857142	1.0	1.0	1.0	0.9565217391304348	0.942528735632184	1.0	0.9692307692307692	Tumor
ba2e1bd2-56f5-4dfb-94b5-92c50c58b31e	1.0	0.1463414634146341	1.0	1.0	1.0	0.9733333333333334	0.9230769230769232	0.984126984126984	1.0	Tumor
bae57be0-48af-438d-88fa-cbaaf16b3d33	1.0	0.0952380952380952	1.0	1.0	1.0	1.0	0.967741935483871	1.0	1.0	Tumor
bb7098ae-862b-488c-b67e-01ed682ec783	1.0	0.0	1.0	1.0	1.0	0.9807692307692308	1.0	1.0	0.96	Tumor
bcbe88a9-729e-4af8-9bb8-1ac65aa4bd23	1.0	0.0408163265306122	1.0	1.0	1.0	0.9333333333333332	0.9895833333333334	0.9855072463768116	0.9855072463768116	Tumor
bd1f12ab-ee49-4e7e-aad4-14924c49d306	0.9523809523809524	0.1168831168831168	1.0	1.0	1.0	0.9583333333333334	1.0	1.0	0.9879518072289156	Tumor
bd35c087-9a96-4f86-99f2-1a2a8936471a	1.0	0.0476190476190476	1.0	1.0	1.0	0.9649122807017544	0.9772727272727272	1.0	1.0	Tumor
be813beb-9b35-4063-9d61-9f49a7fd7706	1.0	0.0251572327044025	1.0	1.0	1.0	1.0	1.0	1.0	0.9777777777777776	Tumor
be8e200c-dced-4b24-a70d-6b6baecb7300	1.0	0.0454545454545454	1.0	1.0	0.9375	0.9666666666666668	0.9891304347826086	0.9875	0.9634146341463414	Tumor
c058aa43-349b-4f45-8217-6b193bf7c610	1.0	0.054054054054054	1.0	0.972972972972973	0.9833333333333332	0.9523809523809524	0.9583333333333334	0.9473684210526316	0.96	Tumor
c091a9db-8d3f-4dfb-8658-b6b8020c1d5c	1.0	0.08	1.0	1.0	1.0	0.9607843137254902	0.9411764705882352	0.9777777777777776	1.0	Tumor
c2fe2d79-efb1-4e4d-a297-bd6b15703d10	1.0	0.0666666666666666	1.0	1.0	1.0	0.9848484848484848	1.0	1.0	0.9827586206896552	Tumor
c48d2d0e-5626-42b3-b508-75b3cceb053f	1.0	0.0625	1.0	1.0	1.0	1.0	1.0	1.0	1.0	Tumor
c54b98cc-521e-4790-b67d-9dcc20af8c76	1.0	0.0869565217391304	1.0	0.9918032786885246	1.0	1.0	0.9923664122137404	0.9918032786885246	0.983739837398374	Tumor
c58a5583-7b04-4b67-9372-e161e18d7de1	1.0	0.0816326530612244	1.0	0.989010989010989	1.0	0.981651376146789	0.9829059829059827	0.989010989010989	1.0	Tumor
c5bb9834-a08f-4729-9aec-22f9a2816184	1.0	0.0204081632653061	1.0	0.9393939393939394	1.0	0.95	1.0	1.0	0.9393939393939394	Tumor
c5d4a1ed-8fd3-4435-96f5-ea5e56326f20	1.0	0.0859375	1.0	1.0	0.9117647058823528	0.9885057471264368	0.9724770642201837	1.0	1.0	Tumor
c6a90de3-979b-46b0-9f84-2875c1e38742	1.0	0.0294117647058823	1.0	0.96875	1.0	0.975609756097561	0.90625	1.0	1.0	Tumor
c7066edf-43fc-4bcf-bb63-ab75860d2410	1.0	0.0140845070422535	1.0	0.9827586206896552	0.9444444444444444	0.9859154929577464	0.9620253164556962	0.9827586206896552	1.0	Tumor
c8e8f4e7-7aae-41f7-9d36-5938d2c2fc04	1.0	0.0681818181818181	1.0	0.9803921568627452	1.0	0.9848484848484848	0.8888888888888888	1.0	1.0	Tumor
c9dffad1-99e8-40b8-8954-1e50b98a1a55	1.0	0.4137931034482758	1.0	0.9767441860465116	1.0	0.9690721649484536	1.0	1.0	1.0	Tumor
ca34cd1c-026e-4641-a9dd-ac1a9b4f243b	0.9166666666666666	0.0	0.9166666666666666	1.0	1.0	1.0	0.9333333333333332	1.0	1.0	Tumor
ca8b34fa-ab70-42c1-8e81-8b28ba1a8f3a	1.0	0.0	1.0	0.96875	1.0	0.9310344827586208	0.9473684210526316	1.0	1.0	Tumor
cafc9e36-c5f0-45df-ad03-16210ff0d870	1.0	0.2432432432432432	1.0	1.0	1.0	0.9809523809523808	0.9916666666666668	0.9895833333333334	1.0	Tumor
cc66d11a-33c0-4247-9072-6e7c0d0b6112	1.0	0.1764705882352941	1.0	1.0	1.0	0.9375	1.0	1.0	0.975609756097561	Tumor
cd23ba96-cc18-428d-ae3d-67a7a2dd3c91	1.0	0.0714285714285714	1.0	0.9642857142857144	1.0	0.9491525423728814	0.9714285714285714	1.0	0.9818181818181818	Tumor
ce098c6d-1b12-48df-bbbb-4f1ea8788942	1.0	0.0434782608695652	1.0	1.0	1.0	0.9863013698630136	0.9591836734693876	0.9846153846153848	0.9846153846153848	Tumor
cf122ae0-0be8-43dd-a0b9-01fff585186f	1.0	0.0476190476190476	1.0	0.98	0.9523809523809524	0.9491525423728814	0.9857142857142858	1.0	0.98	Tumor
cf4160bb-9ef4-43c1-ac83-f6ca897101ee	1.0	0.0833333333333333	1.0	1.0	1.0	0.9629629629629628	0.9852941176470588	1.0	0.9607843137254902	Tumor
cf5fba05-4996-4f62-adcf-a2ee1f4c65d3	1.0	0.1666666666666666	1.0	1.0	1.0	1.0	1.0	0.988095238095238	0.9761904761904762	Tumor
cfba3fd3-4d84-46e6-9c12-8bf8481b35aa	1.0	0.0857142857142857	1.0	0.9722222222222222	1.0	0.925	1.0	1.0	0.9722222222222222	Tumor
cfbfbac5-7f44-4537-9a1c-088075a936e6	1.0	0.1136363636363636	1.0	0.9871794871794872	1.0	0.9777777777777776	1.0	0.9871794871794872	1.0	Tumor
cfe1c805-2211-419c-bf9a-e0c8b5020dce	1.0	0.125	1.0	1.0	1.0	0.9487179487179488	0.9629629629629628	1.0	0.9696969696969696	Tumor
d0dc0f54-e23f-40fb-a0ac-56fbd55108f0	1.0	0.0465116279069767	1.0	0.9918032786885246	1.0	0.9640287769784172	0.9596774193548387	1.0	0.9917355371900828	Tumor
d0ee5ff7-a49a-4633-93a6-40c9e29fb0b7	1.0	0.0689655172413793	1.0	1.0	1.0	0.9594594594594594	0.984375	1.0	1.0	Tumor
d1adf0be-5afe-4df7-8f88-dbf7521bcdac	1.0	0.125	1.0	1.0	1.0	0.9705882352941176	0.9871794871794872	1.0	1.0	Tumor
d1f1743c-5fd9-4ae8-90c2-8c3e2d475d1b	1.0	0.0666666666666666	1.0	0.9824561403508772	1.0	1.0	0.987012987012987	1.0	0.9333333333333332	Tumor
d27304e0-1b0b-4fc3-8e0d-af2c305d30f8	0.9245283018867924	0.0217391304347826	0.9245283018867924	0.7894736842105263	0.9791666666666666	0.9444444444444444	1.0	0.7894736842105263	0.7894736842105263	Tumor
d28a7c02-2f33-46e2-bff9-5ed518ea6fb6	1.0	0.046875	1.0	1.0	1.0	0.9690721649484536	1.0	0.975	1.0	Tumor
d32c4662-2b0b-4f78-b031-e6ff5286664c	1.0	0.2666666666666666	1.0	0.9508196721311476	0.9285714285714286	0.9516129032258064	0.9736842105263158	0.9830508474576272	0.9830508474576272	Tumor
d474de4c-c01d-46f5-92a6-7513f7a38eed	0.95	0.0566037735849056	0.95	0.9871794871794872	1.0	0.94	0.9705882352941176	0.9871794871794872	0.9871794871794872	Tumor
d4bca8f9-f63e-43bb-ab6b-7529a86afac5	1.0	0.0961538461538461	1.0	1.0	1.0	0.984375	0.9655172413793104	1.0	0.9433962264150944	Tumor
d5a1a331-cd5b-448f-adf6-ea393565ef26	1.0	0.1153846153846153	1.0	1.0	1.0	0.9855072463768116	1.0	1.0	0.9830508474576272	Tumor
d61a8ec1-aa99-41c3-8633-018cdb0ccb1a	1.0	0.24	1.0	1.0	1.0	0.9807692307692308	0.9875	1.0	1.0	Tumor
d7d4b68a-ab93-4b9c-9cf6-88f15299e306	1.0	0.1132075471698113	1.0	0.9583333333333334	1.0	0.9117647058823528	0.9722222222222222	0.92	1.0	Tumor
d7eb3fb0-7bfe-4f69-b298-41dde09902e6	1.0	0.1176470588235294	1.0	1.0	0.9655172413793104	0.987012987012987	0.9183673469387756	1.0	0.9672131147540984	Tumor
d81b8303-62b4-46ba-9370-8c6a92cfa4fb	1.0	0.04	1.0	1.0	1.0	0.9117647058823528	0.9666666666666668	1.0	0.803030303030303	Tumor
d83bb114-c175-4fd5-aac0-5dc04b9218b0	1.0	0.0555555555555555	1.0	1.0	0.9642857142857144	1.0	0.984375	1.0	0.9565217391304348	Tumor
d89a84a4-4f45-4aab-ab6a-131bf3b359bd	1.0	0.0192307692307692	1.0	1.0	1.0	0.9907407407407408	1.0	0.9888888888888888	1.0	Tumor
d8edd309-518d-4358-8245-9e92d7af4441	1.0	0.1842105263157894	1.0	1.0	0.95	0.96875	0.9859154929577464	1.0	1.0	Tumor
d920c232-82ae-48f9-98d1-b94bf4a45d8d	1.0	0.0425531914893617	1.0	0.9886363636363636	1.0	0.978494623655914	0.9076923076923076	1.0	0.9887640449438202	Tumor
d9666e09-51bb-49a4-b289-0e6b69636858	1.0	0.1891891891891892	1.0	0.9701492537313432	1.0	0.971830985915493	0.9696969696969696	1.0	0.9701492537313432	Tumor
da752364-731c-4e77-8d6e-9c91a5b7f68f	1.0	0.0294117647058823	1.0	0.918918918918919	1.0	0.8222222222222222	0.9555555555555556	1.0	0.9714285714285714	Tumor
db360c44-bf72-41f4-8ca4-01c9973fce95	1.0	0.0975609756097561	1.0	1.0	1.0	0.9230769230769232	0.990909090909091	1.0	0.9838709677419356	Tumor
db5dab56-838e-4784-a7cf-f05296e356f7	0.967741935483871	0.0853658536585365	0.9782608695652174	0.9174311926605504	0.9782608695652174	0.9322033898305084	0.9387755102040816	0.9345794392523364	0.8596491228070176	Tumor
db998871-01ff-4a39-ba06-fe3fb1183584	1.0	0.0657894736842105	1.0	0.953125	1.0	0.9375	0.9594594594594594	1.0	1.0	Tumor
dbb3747a-aafe-421c-bb21-84a0b82c6a75	1.0	0.0512820512820512	1.0	1.0	1.0	1.0	1.0	1.0	0.9736842105263158	Tumor
dbc4f72a-3937-4092-92b8-d52c6b0c3340	0.9655172413793104	0.0238095238095238	1.0	1.0	1.0	0.9622641509433962	1.0	1.0	1.0	Tumor
dda806cc-67a1-406b-8957-ffdb5f9087c8	1.0	0.0666666666666666	1.0	1.0	1.0	0.974025974025974	0.9782608695652174	1.0	1.0	Tumor
df6189e5-bd61-4be2-9d31-efef56cb4739	0.9545454545454546	0.024390243902439	0.9545454545454546	1.0	0.9545454545454546	0.953125	0.9726027397260274	1.0	0.984126984126984	Tumor
e06580e9-0b4a-48f7-9522-d54229aefb2d	1.0	0.032258064516129	1.0	1.0	1.0	0.9761904761904762	0.9777777777777776	1.0	1.0	Tumor
e0e050cc-5e2a-41fc-8394-b4816a9dc8a2	0.9565217391304348	0.0975609756097561	0.9565217391304348	1.0	1.0	0.951219512195122	0.9571428571428572	1.0	0.9722222222222222	Tumor
e17707f9-a0db-473f-9dc6-608b62e74689	1.0	0.0555555555555555	1.0	1.0	1.0	0.9830508474576272	0.9782608695652174	1.0	0.9827586206896552	Tumor
e1edc70f-0307-4283-9efc-77feb465c9df	1.0	0.074074074074074	1.0	1.0	1.0	0.9316239316239316	1.0	0.9782608695652174	0.989010989010989	Tumor
e20191d9-fddf-47a3-9ff9-d4a36af7d762	1.0	0.0925925925925925	1.0	0.9885057471264368	1.0	0.9789473684210528	0.989010989010989	1.0	1.0	Tumor
e3142cf7-334f-4f34-a5da-53ffa4e1ba33	1.0	0.1515151515151515	1.0	0.9821428571428572	1.0	1.0	0.9838709677419356	1.0	1.0	Tumor
e38d31b7-ad89-4fff-93d5-05f49998727b	1.0	0.028169014084507	1.0	0.981132075471698	1.0	0.9652173913043478	0.9761904761904762	0.9904761904761904	0.981132075471698	Tumor
e4e983eb-2aa3-4858-b67f-9cc70452768c	1.0	0.1052631578947368	1.0	0.967741935483871	1.0	0.9705882352941176	1.0	1.0	1.0	Tumor
e558015e-969b-4354-9bc9-219a60092734	1.0	0.027027027027027	1.0	0.987012987012987	1.0	0.963855421686747	0.9873417721518988	1.0	0.9746835443037974	Tumor
e5bcd6f9-680e-4d57-81f3-c8e6b40bb2af	1.0	0.0384615384615384	1.0	1.0	1.0	0.9558823529411764	0.9444444444444444	0.9655172413793104	0.9827586206896552	Tumor
e614fbb4-7574-4704-9525-c0aea4c10fc6	0.9	0.0357142857142857	0.9	1.0	1.0	1.0	1.0	1.0	1.0	Tumor
e619b307-4391-48ab-9282-7f22b14f5afe	1.0	0.0625	1.0	1.0	1.0	0.9655172413793104	0.9310344827586208	1.0	1.0	Tumor
e619e3c8-f6eb-4b0a-bf17-005ccbe269bb	1.0	0.0344827586206896	1.0	0.9487179487179488	1.0	0.9230769230769232	0.9787234042553192	0.9736842105263158	0.9736842105263158	Tumor
e627254f-65f9-4939-add4-bb77bfd92e16	1.0	0.0227272727272727	1.0	1.0	0.9705882352941176	0.9838709677419356	0.9615384615384616	1.0	1.0	Tumor
e6ac5ada-4358-4ca3-b1cf-05d3e0cf0597	1.0	0.1923076923076923	1.0	1.0	1.0	0.9666666666666668	1.0	0.9655172413793104	1.0	Tumor
e6e7d36e-b6c6-4e54-95ee-ee20e6f1f80e	0.9615384615384616	0.0888888888888888	1.0	0.990909090909091	1.0	0.9714285714285714	0.9866666666666668	1.0	0.981981981981982	Tumor
e7a1cdcf-ec99-44fd-a13b-604cf15b2bd4	1.0	0.1346153846153846	1.0	1.0	1.0	0.9574468085106383	0.9210526315789472	1.0	1.0	Tumor
e8909d26-a289-4dc7-a819-5883c621efac	1.0	0.0	1.0	1.0	1.0	0.9830508474576272	1.0	1.0	0.98	Tumor
e96b0282-8ff5-4390-9466-119534a50628	0.9090909090909092	0.0769230769230769	0.9090909090909092	1.0	1.0	0.9591836734693876	0.9375	1.0	0.9777777777777776	Tumor
ea16db3d-eb2a-44b3-bf22-258e583dbcf4	1.0	0.1034482758620689	1.0	1.0	1.0	0.90625	1.0	1.0	0.8214285714285714	Tumor
ea1ff936-0327-419f-b104-008511b8af5d	1.0	0.1470588235294117	1.0	1.0	1.0	0.9487179487179488	1.0	1.0	1.0	Tumor
eb17c782-c3a1-458d-8e2d-cadb58c7655a	1.0	0.0465116279069767	1.0	1.0	1.0	1.0	1.0	1.0	1.0	Tumor
eb44c266-8b8f-4012-ad67-f4ac40698391	1.0	0.0384615384615384	1.0	1.0	1.0	1.0	1.0	1.0	0.96	Tumor
eb805bd1-e1d5-47b1-8bbd-31f91fcee225	1.0	0.0677966101694915	1.0	1.0	1.0	0.9830508474576272	0.9636363636363636	1.0	0.98	Tumor
eba8b055-6de2-48e7-bed8-40de705ad1d1	1.0	0.0779220779220779	1.0	0.9789473684210528	1.0	0.971153846153846	0.9333333333333332	1.0	0.9791666666666666	Tumor
ed108cc1-3b34-4ee5-b029-48b80ccaae19	0.9782608695652174	0.1263157894736842	0.9782608695652174	1.0	1.0	0.9777777777777776	0.9787234042553192	0.9876543209876544	0.9876543209876544	Tumor
ed1fa4ae-5e58-465c-b106-379f7456656e	1.0	0.0116279069767441	1.0	1.0	1.0	1.0	0.9821428571428572	1.0	0.9701492537313432	Tumor
eed349c6-a5ed-4543-ae8d-67b394b26c7a	0.9565217391304348	0.1666666666666666	1.0	1.0	1.0	0.9753086419753086	0.9863013698630136	0.9705882352941176	1.0	Tumor
f13d5df0-7293-4453-942f-2b49a3d33057	1.0	0.0857142857142857	1.0	1.0	1.0	0.9333333333333332	1.0	1.0	0.9387755102040816	Tumor
f201e2e9-dfb0-4a53-bd68-56f4e87604d3	0.96	0.0287769784172661	1.0	0.9672131147540984	1.0	0.9850746268656716	1.0	0.9833333333333332	1.0	Tumor
f2ab4258-222d-4a08-a805-3628048ebf1c	1.0	0.0263157894736842	1.0	1.0	1.0	1.0	0.9230769230769232	1.0	0.9767441860465116	Tumor
f3c13192-fe4d-45c5-9d12-5294799bd7f8	1.0	0.1521739130434782	1.0	1.0	1.0	0.9767441860465116	0.953846153846154	0.925	0.9487179487179488	Tumor
f3f0919f-f9eb-4baf-aeef-c79fbafef237	1.0	0.1587301587301587	1.0	1.0	1.0	0.9	0.9696969696969696	1.0	1.0	Tumor
f4d60a0f-dc11-4005-8d59-7511ba4de8b1	1.0	0.043103448275862	1.0	1.0	1.0	0.9519230769230768	0.9635036496350364	0.9655172413793104	0.9883720930232558	Tumor
f5b3a6d0-3b56-4ad2-b520-8bcaadb6bd0e	0.9090909090909092	0.0285714285714285	0.9090909090909092	1.0	1.0	1.0	0.875	1.0	1.0	Tumor
f6c907ac-5dc9-4bdc-b7c6-3bac9f9059d3	1.0	0.0357142857142857	1.0	0.9577464788732394	1.0	1.0	1.0	0.9855072463768116	1.0	Tumor
f9203ebe-d6c3-423b-ad65-28db38612f89	1.0	0.1052631578947368	1.0	0.9833333333333332	1.0	0.9444444444444444	0.9791666666666666	0.9833333333333332	0.9672131147540984	Tumor
f9a27067-7485-4c9f-986b-878aa6cd132c	1.0	0.037037037037037	1.0	0.9818181818181818	1.0	0.9285714285714286	0.9818181818181818	1.0	1.0	Tumor
fb27491d-a418-4957-a387-9a4e4de84b06	1.0	0.075	1.0	0.9807692307692308	1.0	0.984375	1.0	1.0	1.0	Tumor
fb3713b9-fad5-4d66-b419-8f53530b14cd	1.0	0.1041666666666666	1.0	1.0	1.0	1.0	0.9516129032258064	1.0	1.0	Tumor
fb9c23f2-8694-41ca-a126-a5a131abeac1	1.0	0.0571428571428571	1.0	1.0	1.0	1.0	0.9647058823529412	0.9876543209876544	1.0	Tumor
fc801acd-4b1f-46e7-bc1e-47752fb08779	1.0	0.0377358490566037	1.0	0.9848484848484848	1.0	1.0	1.0	1.0	0.9846153846153848	Tumor
fcc2a5c0-ec23-43b5-b616-9b03c8ff4129	1.0	0.0545454545454545	1.0	1.0	1.0	1.0	0.957983193277311	1.0	0.9726027397260274	Tumor
fdadb011-0da3-458f-8b4e-d09e4c847a5b	1.0	0.1052631578947368	1.0	1.0	1.0	1.0	0.979591836734694	1.0	0.8409090909090909	Tumor
fe15bb7d-6469-4778-9dc8-9e4c5877942c	0.9166666666666666	0.0526315789473684	0.9166666666666666	1.0	1.0	1.0	1.0	0.96	1.0	Tumor
fead73ce-2e66-4647-8b6c-b8bbdaaf30fe	1.0	0.0952380952380952	1.0	0.9285714285714286	1.0	0.9642857142857144	1.0	1.0	1.0	Tumor
feb7140e-d822-4462-8dfa-7a63805ac740	1.0	0.0963855421686747	1.0	0.9864864864864864	1.0	0.9456521739130436	0.975	0.9864864864864864	0.9866666666666668	Tumor
