	Basal	Her2	LumA	LumB	Normal
06ae7b4d-2906-4a38-a4ef-1cc937716dcb	0	0	0.582702361636921	0	0.417297638363079
083eb05f-0af4-4f73-bf09-3806eb3b71bb	0	0	0.653460972017673	0.346539027982327	0
0940092b-46da-4975-bde7-f205fe12707b	0	0	0.552679823142457	0.429310902620511	0.0180092742370322
0db633a3-b1da-4caf-8e2c-89c0bc422869	0	0	0.59001256281407	0	0.40998743718593
1044dff3-e077-4086-8d78-e3c125ec0c84	0.765532544378698	0	0	0	0.234467455621302
1075d95f-6d27-42e1-a67a-73d5247c8a68	0	0.706977073308803	0	0.293022926691197	0
11ed8e05-8f30-460a-b502-01ae09504315	0	0.0909090909090909	0.400143163922691	0.508947745168218	0
144d0f39-feff-4dcd-a07d-abcc400e901f	0	0	0.653371546851365	0.229042273704323	0.117586179444312
187f14ba-0002-4f99-9eb1-af93cbfdd4c2	0	0	0.628643497757848	0	0.371356502242152
195d8bd4-352c-4407-9319-797d915c72b8	0	0	0.734703963625581	0.188494613027577	0.0768014233468419
1990cbfd-497e-4fcb-ad10-251e410c0d29	0	0.828533623910336	0	0.171466376089664	0
1a2bc49d-edc6-4b84-88f0-73b6ed250d1b	0.923263834456811	0	0	0	0.0767361655431886
2056c543-2f73-4a2f-995e-3af2dda7b514	0	0	0	1	0
22c2b380-799e-4fad-ae38-46a916c592d5	0	0	0.645930869608527	0	0.354069130391473
28b12d43-f858-458b-9305-6581a9498e59	0.859523982822622	0.0894533808865274	0	0	0.0510226362908509
2b5864c9-7577-4e93-8d22-1f45a98267f1	0.962394705174489	0.0376052948255114	0	0	0
2db5e0aa-342e-4766-8725-c1d677fd52b2	0	0	0.154168663152851	0.845831336847149	0
304b7293-0a76-4028-9a18-58c87c751ceb	0	0	0.738794567062818	0	0.261205432937182
3129e1d1-9844-4df4-b30e-29b1c438983b	0	0	0.673554170766371	0.231879304690062	0.0945665245435662
31bdedf8-eb1c-48ae-8d96-e06c2b3f27d2	0	0	0.434553349875931	0.565446650124069	0
36e48370-2ecb-4d2c-91ab-7f7426647213	0	0	0.72610051577306	0	0.27389948422694
37d359b3-d8f5-44cf-8f30-57dfdbbab8c1	0	0	0.619103441808121	0	0.380896558191878
39a75bde-24a0-4d26-8377-df045423f786	0	0	0.555357794815626	0	0.444642205184374
3daf8160-42c5-41bf-b251-77fce23a4aab	0.0653546776325452	0.334410339256866	0	0.600234983110589	0
4066800d-0b9e-4263-ba24-cab271630e41	0	0	0.693606400939587	0.268296263671732	0.0380973353886809
40a4fc74-f345-4940-be5c-249013782e4f	0	0	0.720678669333926	0.230643846780766	0.0486774838853078
41bdc474-8e6e-4f39-98ec-6d73ee41837c	0.928107368780988	0.0718926312190118	0	0	0
43c4bdc2-b3fc-4fb0-9f11-f45394c4256b	0.90044436848402	0	0	0	0.0995556315159802
45f837c9-6b9e-4eed-ba56-9715b4a0356d	0	0	0.702925595954732	0	0.297074404045269
46cdbe65-5610-4903-9452-518fd6d5787d	0.947841074020319	0	0	0	0.0521589259796807
4eee2055-ed1f-4958-b214-4cff055c87bd	0	0	0.315641534391534	0.684358465608466	0
52ff2501-c6d1-4469-a2b7-c458d98cfc8e	0	0	0.561214909398179	0	0.438785090601821
58b399a0-3070-44aa-9a40-f0e2c0fea0fc	0.790824915824916	0	0	0	0.209175084175084
5991af25-0b64-43d2-867a-6b9713b17af9	0.72478184991274	0	0	0	0.27521815008726
5a277308-f1bc-47b3-a397-aeabe9db8dc6	0	0	0.65310591218163	0.0565863777803388	0.290307710038032
5a61d29b-5ae6-41b6-8842-865463f72990	0	0.222204266321913	0	0.777795733678087	0
5b51c204-3342-46d9-86a4-2ed091492318	0	0.148233486943164	0	0.851766513056836	0
5e4626c1-dcf9-4781-a2e7-f6afca7e2ee7	0	0	0.549577771724326	0.450422228275674	0
63afc197-8c49-4150-a98b-61c47f182778	0	0.512385549009866	0.0907800411668678	0.396834409823266	0
663797a8-ffd2-48a2-a5f6-992b5eb3c745	0	0.156550243020233	0.650502995365661	0.192946761614106	0
674907a1-381a-4952-924a-52e2adf5ad19	0	0	0.65546082451975	0	0.34453917548025
682169e0-f36b-430c-896f-c93668b4ce78	0	0.224509460406447	0	0.775490539593553	0
6f73500d-4b23-4f14-911b-fbc69bd38f4b	0	0	0.775338791643139	0	0.224661208356861
707fad7d-f284-456a-abfa-17289b40579f	0	0.388674743024963	0	0.611325256975037	0
71c9a6fc-0538-4533-af51-f7c9defe7770	0.0935141358577459	0.710630676730203	0	0	0.195855187412051
73729b89-4802-4780-9e7f-cb160a04bb17	0	0.190114475232695	0.466138868086017	0.343746656681288	0
752ec80f-0c1d-4c66-9927-a32f2f9dfb2a	0	0	0.711483424755545	0	0.288516575244455
75e67bb5-098c-4b48-8f5d-badc72dc4c47	0	0	0.665103461612841	0	0.334896538387159
767425eb-9fa2-45bc-a3ad-ca8dbafd373f	0.108130385912327	0.530011240164856	0	0.361858373922818	0
7880b3ba-9f39-4744-be72-b87dbd8eb425	0.831733787783658	0.0189254641671899	0	0	0.149340748049152
7d30a479-6d2f-431e-b15c-26736994b2f5	0	0	0.23958742632613	0.76041257367387	0
7de22a44-8f58-4a73-90a3-a16d161160e8	0	0	0.671274846809147	0	0.328725153190853
815b70e5-858d-416d-94aa-6749960883ce	0	0.0883239549839228	0	0.911676045016077	0
828c9648-f725-4d7e-ad37-e33692e2c67f	0.919692737430168	0.0803072625698324	0	0	0
83f93d3f-d038-4773-a671-0f218f53821c	0	0.52441749122247	0.12760932014044	0.347973188637089	0
85caaa0e-2811-46d2-b934-d9f9f006afc6	0.87940493775058	0.12059506224942	0	0	0
87568e73-7eac-4243-9d74-03efb86b6f29	0	0	0.581217095075875	0	0.418782904924125
876216c7-72a1-4b1e-bd2b-fcb125ca91ae	0	0	0.648052631578947	0	0.351947368421053
8bf23a6b-8ca6-4fcf-b4e9-a14c3a875526	0.566756327179362	0	0	0	0.433243672820638
8bfd50fb-d6d8-44cd-a492-1e0a983e40b6	0	0	0.610863371732937	0	0.389136628267063
8d2f240f-43c3-4e0d-a6cc-79f6b174dace	0	0.24021040327294	0.0152792852968189	0.744510311430241	0
8f08cee9-a91f-4305-bf8d-efeee9cd386c	0	0	0.587901473074137	0	0.412098526925863
8f4d89ea-3207-4fa7-9898-9b78cb971577	0	0	0.649390243902439	0	0.350609756097561
952883cf-24c2-4ed7-bb96-3f736c15ae3d	0.758648431214803	0.213486433116361	0	0.0278651356688364	0
95e450bd-ff88-4498-9418-e09883c94988	0	0.264989243288748	0.125806753343934	0.609204003367318	0
96668a75-e21b-482f-b699-0b5282909a9a	0	0.920116528672186	0	0	0.0798834713278136
9c706e45-00da-42cd-933f-1f42f0b6942e	0	0	0.593254437869822	0.406745562130177	0
9e785594-f00c-4805-8901-66c73fe2588d	0.822746047571571	0	0	0	0.177253952428429
a17d056c-59ee-4c93-9357-19d57f108144	0	0	0.524915540540541	0.475084459459459	0
a3595c7e-948b-4d93-a623-477d7af84e15	0	0	0	1	0
a7428d3b-f84b-4c2f-a996-14a11af6b6df	0.870404532876532	0	0	0	0.129595467123468
a90d3b2d-38f9-455c-88cd-73d5b3729491	0	0	0.660313192027839	0	0.339686807972161
aa3cbc51-b74d-44b1-9043-cb2b9855a72b	0	0	0.698948239186953	0	0.301051760813047
acb208ab-def4-4b55-b1c7-abe2130e61c9	0.879343444039163	0	0	0	0.120656555960837
aeee03c3-20b3-4f96-b686-52111ce99a63	0.830487336914812	0.169512663085188	0	0	0
b0c13073-8725-4707-983c-506fe46205d7	0.291131798138168	0.0914257716805488	0	0.617442430181284	0
b1366128-6ab0-4205-ae2b-a854e8ad45bf	0	0.202250200910796	0.0379498169479418	0.759799982141263	0
b161c26d-64b1-4e03-94da-4f9b9de25e88	0.719724185884807	0	0	0	0.280275814115193
b35809ed-747b-46b9-9921-e14d859e5b5d	0	0	0.706520877901909	0.275017827430473	0.0184612946676175
b3861080-a052-4432-82f8-193122ab29d4	0	0.242092817026308	0.0432554931520347	0.714651689821657	0
b4aad532-f92b-43d9-820c-f3c98e382225	0	0	0.731837606837607	0	0.268162393162393
b58811d7-8ee0-4b65-a892-17319cc9ecaf	0	0	0.655577460160999	0	0.344422539839001
b5e84055-487f-467a-9bc4-bd59ec82f183	0	0	0.760830916066249	0.144942453448115	0.0942266304856368
c0285709-159c-46dd-8bd8-50fad06513dd	0	0.423258774322604	0	0.576741225677396	0
c5bb9834-a08f-4729-9aec-22f9a2816184	0	0	0.664868824077773	0	0.335131175922227
c63e3277-327a-4259-84f2-13d9a2c2d68a	0	0.651136133773852	0.0149012204166948	0.333962645809453	0
c84dbd50-ff69-4824-afe5-1eaec5780d27	0.990429427430093	0	0	0	0.00957057256990679
c9c9c085-8e23-454c-aa36-cf59e8dbc587	0	0	0.615719406041987	0	0.384280593958013
c9dffad1-99e8-40b8-8954-1e50b98a1a55	0	0	0.811680255228642	0.188319744771358	0
cab9ff29-e575-45e2-a411-1bfdc2e2610c	0	0.0415587107472277	0.382319411337962	0.57612187791481	0
cb024f71-c708-498b-9196-2fe57acf3771	0	0	0.7168001334668	0	0.2831998665332
cbf0063b-68e5-42ee-9292-dfbf918a7b08	0	0	0.736397564329208	0.0850520526419171	0.178550383028874
ce098c6d-1b12-48df-bbbb-4f1ea8788942	0.731284340659341	0	0	0	0.268715659340659
cf122ae0-0be8-43dd-a0b9-01fff585186f	0	0	0.531163434903047	0	0.468836565096953
cfe1c805-2211-419c-bf9a-e0c8b5020dce	0	0	0.350523864959255	0	0.649476135040745
d0ee5ff7-a49a-4633-93a6-40c9e29fb0b7	0.379433383286948	0.44565760365375	0	0.174909013059302	0
d27304e0-1b0b-4fc3-8e0d-af2c305d30f8	0.701381138392857	0	0	0	0.298618861607143
d504a28c-f8e7-4c5e-b01a-23b4cdd1dd8a	0	0.595649197535559	0.00889936867726478	0.395451433787176	0
d5a1a331-cd5b-448f-adf6-ea393565ef26	0	0	0.438189845474614	0.561810154525386	0
d7eb3fb0-7bfe-4f69-b298-41dde09902e6	0	0	0.51504914004914	0	0.48495085995086
d8edd309-518d-4358-8245-9e92d7af4441	0	0	0.665035917760713	0	0.334964082239287
db5dab56-838e-4784-a7cf-f05296e356f7	0	0	0.641177911105669	0	0.358822088894331
e3c0a094-5504-4b74-9e0d-c73e84dc3901	0	0	0.630623306233062	0.369376693766938	0
e682e28e-0611-4e92-899c-637fde17423d	0	0.200592519442044	0.240093815578324	0.559313664979632	0
e869b178-9abe-44ca-ae6b-a6caae1834fb	0.153783803699064	0.537101171615946	0	0.30911502468499	0
e97a2bf2-c5bd-4dbf-9940-450a8a99e9df	0	0	0.748366247755835	0.0206104129263914	0.231023339317774
ea030b7d-26eb-4f0e-b7b9-c6b165061118	0	0	0.735067873303167	0	0.264932126696833
ea16db3d-eb2a-44b3-bf22-258e583dbcf4	0	0	0.880160476252103	0.0806263750485311	0.0392131486993659
ec60e081-f075-4c72-b1e7-62e1f1429fc1	1	0	0	0	0
f13d5df0-7293-4453-942f-2b49a3d33057	0	0	0.555767209668944	0	0.444232790331056
f3f0919f-f9eb-4baf-aeef-c79fbafef237	0	0	0.61991521146664	0	0.38008478853336
f4d60a0f-dc11-4005-8d59-7511ba4de8b1	0	0	0.676115525672372	0.323884474327628	0
f7c6320e-0c39-4b92-9a25-fd4e03b70362	1	0	0	0	0
00a26384-1b1c-4db4-9664-75fb9b3febdb	0	0	0.567341467923831	0	0.432658532076169
01661d94-fc16-4456-95cf-a5fa4e1e196c	0	0.568386145910096	0	0.431613854089904	0
02423743-43b4-494b-acd9-1cd3bcd3d395	0	0	0.255084325396825	0.744915674603175	0
02bbe1b1-44ff-426b-a40e-47a01bc4cf7d	0.945356437148503	0	0	0	0.0546435628514972
0361ec21-e83f-40a9-b825-d92487b1239a	0	0	0.407992160278746	0.592007839721254	0
039eaafb-c311-45ff-9df7-30c1b0bab00a	0	0	0.797573557508598	0	0.202426442491402
040e40de-4c19-423f-98dc-151e2633d085	0	0	0.799616991643454	0.200383008356546	0
046c3754-b22c-4bce-93c7-29b9da173d33	0	0.313107822410148	0	0.686892177589852	0
04c428b5-d0b9-4ecf-86e8-8a42dc4cbb5e	0	0	0.611183550651956	0	0.388816449348044
04de1f79-fdfc-4662-bab2-a3ed667c7dea	0	0	0.688716207391929	0.311283792608071	0
04ed1bfb-533f-4d97-a7e4-3e7bab103485	0	0.0774134790528233	0	0.922586520947177	0
05b55f88-290a-4abd-bbc3-44561ba1f8b7	0	0	0.615983807654563	0	0.384016192345437
05ea028e-6b8a-4352-88aa-057494cf5e80	0	0	0.753147615743036	0.222365420838703	0.0244869634182611
063a4886-ee4d-43a9-95c1-25a0c0b2d85d	0	0	0.679966871285199	0	0.320033128714801
06ce7b93-1264-4219-8a2f-d8f0d295e45f	0	0	0.635611291632819	0	0.364388708367181
071e21e7-a494-4d87-ab48-1cb334e0d992	0	0	0.557804490012374	0	0.442195509987626
073939c1-c857-4340-8a5f-a7b87d2349c3	0.0837025698864094	0.767662934020785	0	0.148634496092806	0
081b4937-85e7-44b3-9124-a612f4f2e0ca	0.000501169395255596	0.999498830604744	0	0	0
096761b0-f4ca-448d-b78f-58469a508798	0	0.245910020449898	0	0.754089979550102	0
09cf8de3-bb0f-434d-8cb3-9f5eeb264b6b	0	0	0.6539175856065	0	0.3460824143935
09f906ba-fa4b-487f-9631-fbd97d9db8f9	0.143647798742138	0.714213836477987	0	0	0.142138364779874
0a133c47-fae8-4e3b-8f4d-cbf357f5e2fc	0	0.477454642475987	0	0.522545357524013	0
0a430a9a-7e63-41d6-8cd0-1dda1e1df975	0	0.239617744218971	0	0.760382255781029	0
0a72c39e-889a-4990-bf96-6c7b9b8c1124	0	0.639065696749261	0	0.360934303250739	0
0b36289c-6835-414d-9f86-4cc4a812af87	0	0	0	1	0
0b59b278-d2f6-4aa6-bf6d-b8d743ae83af	0.921759039949471	0	0	0	0.078240960050529
0c087071-89ba-4fc8-ab47-c4f1c60fa24c	0.800922198638659	0.180999780428896	0	0.0180780209324453	0
0c311d42-5038-4408-ac4a-5ffbb02817e4	0.784021145975443	0	0	0	0.215978854024557
0cf58c62-a75d-413b-8ce3-4d90f4688b04	0	0	0.588121520898198	0	0.411878479101802
0d6fbefe-4e21-4762-a476-9c899d4a94b7	0	0	0.942645074224022	0.0573549257759784	0
0d71189d-6801-4d6b-b306-22efcaa2564a	1	0	0	0	0
0dacd83e-7fab-4064-a25c-c1de66be5305	0.999429316810696	0.000570683189303766	0	0	0
0e062eef-29b8-4622-afd9-0d3f0d1c37d6	0	0.0560701125385918	0.248082860272881	0.695847027188527	0
0ef46de9-c9e7-42f0-92bf-c17dc2ede102	0	0	0.495324244013284	0	0.504675755986716
0f168687-6f42-4d92-8f91-13efde785a0c	0	0	0.556782173157518	0.19411223551058	0.249105591331902
0f382cf1-3e52-4078-bf12-cc6ba998ed3f	0.997516025641026	0.00248397435897436	0	0	0
0f3b932e-de72-483f-9ef6-74ae972637bd	0	0.389122388808732	0.201304811492378	0.40957279969889	0
0f669396-2dc4-4305-aa35-c6fbd82ee7df	0	0.143080087961978	0.254167553380152	0.60275235865787	0
0f9b8032-b21a-4480-8434-d174760a7ddd	0	0.102527500209925	0.428835334620875	0.4686371651692	0
1008e8d8-a93c-4779-80b6-1272322e7c52	0	0.70403616826104	0	0.29596383173896	0
10376443-40df-451a-91e5-6be34850558c	0	0.693412543239585	0	0.306587456760415	0
13d6ae6d-1662-4e0a-a10b-a733efc216b2	0	0	0.697194367399189	0	0.302805632600811
13fc37db-3160-4e82-bd63-52fc295e0e19	0	0	0.617705079730396	0.382294920269604	0
1453285a-717a-4ae3-a537-57df2b8e65e2	0	0.412816210635003	0	0.587183789364997	0
16bd1ebb-5bf9-4839-99bd-5a4d3dcad7b8	0	0.269276799452898	0.130791588305693	0.599931612241409	0
1729f18b-f4d7-4e1c-af9f-2c651023e7fc	0	0.0367706422018349	0.594422018348624	0.368807339449541	0
17985496-652a-4034-997b-b888d97316e3	0	0.980266125394678	0.0197338746053225	0	0
17dfa221-f092-45ed-a2e4-5798ddfc0ce9	0.138262510106909	0.720240769023448	0	0.141496720869643	0
18cbd510-bce2-4370-a00f-939d562ba7de	0	0.210153042179918	0.288789349259674	0.501057608560408	0
18e5bf73-efdd-4c75-957c-68a94f6cb396	0	0	0.529296340239117	0	0.470703659760883
1924888b-3b46-4079-a403-d758975a37bd	0	0	0.729393339927465	0	0.270606660072535
1a3e846b-4c7f-4aac-8c26-bb5e25f226ae	0	0	0.531336307626939	0.0809432759719567	0.387720416401105
1babcd23-5abc-4f27-b367-a093590e9f6d	0	0.104097584083373	0	0.895902415916627	0
1bc678a3-1850-4ab6-874b-d68992fddc7b	0	0.0203568735863282	0.375219904498618	0.604423221915054	0
1bd6dff8-ad21-4a45-b496-2d52ba995e5e	0	0	0.566329811667432	0	0.433670188332568
1be6a56c-a7b1-45e5-b96c-db20337073b8	0	0.670287505404237	0	0.329712494595763	0
1c3dbd2f-1c07-48cb-a844-0b1b3eb14e0d	0	0.672498380079608	0.216884198833657	0.110617421086735	0
1cb7f73e-af63-4d6a-b6a1-fe289435a93f	0	0	0.628737077395921	0	0.371262922604079
1d18e4b7-83a5-4c40-94ef-f77c1ba2fdbb	0	0.237286758732738	0	0.762713241267262	0
1d468785-141d-40ca-acb1-d6d85a8c9d7b	0	0.248763657274296	0.0389879240943071	0.712248418631397	0
1dd10557-4e50-4af0-87c6-b4b3f6fa3a15	0	0.324226180183296	0.225661421407574	0.45011239840913	0
1e742dad-8e44-452a-bf2b-9b8ae1ed8bb2	0.884969839142091	0	0	0	0.115030160857909
1ec0a33c-5b2e-4078-8226-48026f7d5c82	0.888535031847134	0	0	0	0.111464968152866
1fc52882-bc89-4a45-a96e-5e051420c513	1	0	0	0	0
204cf188-2162-43ac-bad4-8304622f3090	0	0.026400728295953	0.427625589671439	0.545973682032608	0
207b5c1c-3710-47bd-be2c-e1307631b28f	0	0	0.213196033562166	0.786803966437834	0
20ef7196-2274-44e1-a105-0761f80c893c	0	0.338010204081633	0	0.661989795918367	0
2100a159-27a6-47f2-a2f2-58f5343e88b0	0.881066617457095	0.118933382542905	0	0	0
216e4f8a-be1a-41d6-b413-fa4645423caa	0.820363588804604	0	0	0	0.179636411195396
222dd9b5-4187-45b9-8cb1-fd16ba14425b	0	0.692621612797911	0	0.307378387202089	0
2244c5e8-a873-4e29-abb7-e869a7d79e3f	0	0	0.624014522821577	0	0.375985477178423
22c90647-bf63-49e1-972a-0ff9000b674b	0.901678445229682	0.098321554770318	0	0	0
22e623b3-2c82-4283-bd28-2cf1777b0179	0.892328494164532	0	0	0	0.107671505835468
231b4ae3-8543-47f4-a9f6-0ac26210b26d	0	0	0.77924709395329	0.0977924709395329	0.122960435107177
23b6c182-bb01-403a-9844-560518d059ac	0	0	0.811714312319583	0.0855759381692895	0.102709749511128
23f366c0-41f3-4159-86f0-5fa3d0059761	0	0	0.515698587127159	0	0.484301412872842
265fc9bf-8f99-4422-b78d-78ecf09b0e53	0	0	0.449812222601571	0.55018777739843	0
273bc6c8-f5a9-44df-a707-5274fcba8362	0	0	0.728188478188478	0	0.271811521811522
27c65ed6-9e9d-4a9d-9b6f-76d2a12f7699	1	0	0	0	0
27f20469-cbf5-417f-922a-19cf9e8b790c	0	0	0	1	0
281a89c1-e817-49d4-afa1-2894c2747919	0	0.346033358733384	0.335365337397341	0.318601303869274	0
287f70d5-cb97-459f-963b-68408f92c0f3	1	0	0	0	0
28f1b708-bd3c-4ae7-935f-3282f75304a7	0	0	0.463036234902124	0.536963765097876	0
28f3a34c-f73a-4d10-8c0a-23e578866289	0	0	0.810686359687228	0.189313640312772	0
29246ea5-44e5-43d3-be04-c038c20db027	1	0	0	0	0
2966096f-4a35-4dca-ab38-ac86074fa29e	0	0.303056699398163	0	0.696943300601837	0
2973fc8f-d20c-4cf3-b183-2ac32df73ae7	0	0	0.546105072463768	0.453894927536232	0
29ce926f-d72e-4064-8a7f-359d86cb9d11	0	0.359004018020212	0	0.640995981979788	0
2ae456c7-57fa-4146-9b29-2d4129f0cf7c	0	0	0.526909617473151	0	0.473090382526849
2b67c3b5-330e-41e4-95cf-028d37fe91e1	0	0	0.616950757575758	0	0.383049242424242
2b9e2225-fb4d-4bc5-8c9a-58cd993627f9	0	0	0.380871886120996	0	0.619128113879004
2bbbdb50-4486-473c-a158-6b1656bdb242	0	0.437190304004286	0	0.562809695995715	0
2c1b1cbb-6e9f-4416-8faa-abb31d6b4e0e	0	0.397796024200519	0	0.602203975799481	0
2cfbc50e-e38d-41ad-8809-a3ed9685ddf1	0	0.673325865073438	0	0.326674134926562	0
2d4c2aed-34ae-4232-9b42-29b1a821f791	0	0	0.336929800600929	0	0.663070199399071
2dc9eaca-6dfc-4e7f-a12b-1495986e1ad4	0	0.261958543715121	0	0.738041456284879	0
2dd0b954-db3e-402d-9c06-6160e199dedb	0.841918911413496	0	0	0	0.158081088586504
2e36839f-3155-4e05-9ed3-404522fdb04f	0.9376345532831	0	0	0	0.0623654467168999
2e41a573-7a9d-4f96-873f-48aa12b3ab96	0.151533805273417	0.274853801169591	0	0.573612393556992	0
2e64abe2-6024-4d28-9e09-560ce2a9fd15	0	0.480988593155893	0	0.519011406844107	0
2ed88c3e-bf61-4e2f-b06c-0b93c9f9402e	0	0	0.623579359895493	0	0.376420640104507
30285113-d411-475a-a8ed-1fb66be72f28	0	0.152299641971909	0.261176902597999	0.586523455430093	0
3099b2a6-0d46-4404-88b0-a3689b019c38	0	0.187160100809126	0.128001061148693	0.684838838042181	0
315f3deb-74b5-4b71-afe5-759c85a0a6cc	0	0	0.677529267866504	0.322470732133496	0
32fdc0ce-d263-4622-8f8c-3df009bf2535	0.89440244490912	0.10559755509088	0	0	0
3334577a-8045-4613-9a1b-e79fd62d5d6d	1	0	0	0	0
33527fe8-7215-45bd-8520-b290995b839d	0	0.806492005393951	0	0.193507994606049	0
343c349a-57ce-4599-8185-3ed2e15c6fdd	0	0	0.71337627889352	0.213338385752179	0.0732853353543009
35120b68-e618-46a1-9641-1e635f633372	0	0	0.740599567322551	0.106624085711342	0.152776346966107
352ec91a-6c0a-4d6e-b6bd-4237f5eebde9	0.992429770156877	0.00757022984312295	0	0	0
35da5f48-1c64-488b-8330-01e5fcbd9801	0	0.248897656068693	0	0.751102343931306	0
3621ce2e-a1eb-4a45-ac06-779a780b0b99	0	0	0.14774444204619	0.85225555795381	0
3628bc49-6968-47a8-96e4-e47421a7152a	1	0	0	0	0
36998e69-e955-49da-b859-2092caff19cb	0	0	0.379269636392256	0.620730363607744	0
36bbebb5-ba1e-4ac6-83b2-67ccd05e4939	0	0	0.591730638421922	0	0.408269361578078
3823e741-c29c-431e-9397-4d16a30ec473	0	0	0.667564372044141	0	0.332435627955859
38387a4f-c65d-4075-8133-fdf259e919ed	0	0.200797355114741	0.646538311940879	0.118922598210813	0.0337417347335667
39eaa466-f50c-402e-b127-b6b016d0480d	0	0.491644385026738	0	0.508355614973262	0
3a6cc4be-eff8-4725-a416-46ed35316192	0.534584918605376	0.313291336618225	0	0.152123744776399	0
3a814d3d-749f-4066-b33b-3faf503d84bb	0	0.238552915766739	0	0.761447084233261	0
3c3c4741-8eda-46fe-8d36-2cd683f4a987	0	0	0.477762893503014	0	0.522237106496986
3ccab1b1-39f2-4947-bbac-1c25750f0464	0.268374431410103	0.58774239885085	0	0.143883169739047	0
3cd924c3-5000-49de-a253-92d1cfa9a09a	0.847205438066465	0.152794561933535	0	0	0
3cf6f0ec-e11f-4a59-8d86-3e0bbc01f8e9	0.824931880108992	0	0	0	0.175068119891008
3d1bf8fc-c86b-436e-ab0c-3734af129b09	0	0.557322404371585	0	0.442677595628415	0
3d2bf709-b8ab-41c5-a8a0-dd42e7846c25	0	0	0.843291689299294	0	0.156708310700706
3d31d7a9-76b8-41f4-a037-0dfe6a4ecb0c	0	0	0.746374008895765	0.253625991104235	0
3ef3fd4b-ed5b-41e1-8096-c573cf609bd3	0	0	0.556524856596558	0.443475143403442	0
3f3b6a7b-94f0-40a3-9f16-32bab2854678	0	0	0.78297021366172	0.13398589622145	0.0830438901168298
3f4afc9c-562a-4ef4-a6cb-ff426357a614	0	0	0.69702925391186	0.0145891601783959	0.288381585909744
3f91fef1-b62c-4884-a882-c99bb6ca9613	0	0	0.700332096112522	0.0547633001237221	0.244904603763756
3f94086c-9e16-403e-b191-e03e9b6e3ce2	0.86244616709733	0.13755383290267	0	0	0
3fd9c506-ed43-45db-bff4-6e968ac19564	0	0.578786151873486	0	0.421213848126514	0
40a31ab3-71fa-4f7b-a3b1-22e15ff0f358	0	0	0.680334029227557	0.0251356993736952	0.294530271398747
420197bd-db07-4df9-8f72-3d7d509ae1d0	0	0	0.572911392405063	0.427088607594937	0
42b32308-71f1-4f21-935f-7e4e5751e332	0	0.36991254624958	0	0.630087453750421	0
42ed2e82-e41d-4e2e-8bf3-8dfc324b040f	0.268092105263158	0	0	0.731907894736842	0
4331397f-eaf9-4e43-8fa2-e30ad3643aca	0	0.449498287568347	0.225380039656312	0.325121672775341	0
4387a2a8-5011-44c4-8027-61d5ab3792a0	0	0.522797787670309	0	0.477202212329691	0
43d15c49-f348-48a8-b00f-7f6a7b605a04	0	0	0.64428450465707	0	0.35571549534293
444d0a78-82fe-4a80-9b41-d7daf98506ca	0.0353911350360783	0.757187034703929	0	0.207421830259993	0
4541a5e4-240b-466d-bbc4-3904581490f3	0	0	0.690870973889842	0.0299218601105394	0.279207165999619
458ad47a-9fbc-4508-8ff5-5a8e5c71ae6a	0.758697591436218	0.241302408563782	0	0	0
465928c5-ab56-46ff-acb5-76e36c97ebda	1	0	0	0	0
470b6305-67ca-487c-b9b1-9b74f673f9fd	0	0	0.662067235323633	0	0.337932764676367
4796719b-2fa2-40ee-9fa9-6a8caa703823	0	0	0.594416486939851	0	0.405583513060149
47e6db9a-52b4-4a3b-8c5f-1cb8fa48f7ea	0.489801121876594	0.510198878123406	0	0	0
48077485-61e6-4d16-a74c-ee216a9455f1	0	0	0.65353227771011	0	0.34646772228989
488d0d81-4872-4204-b8e8-745e64a35d65	0	0	0	1	0
490dfd10-0c85-48a9-b4ce-22b4445ed504	0	0	0.618241347053321	0.381758652946679	0
4937e136-52e6-4c33-9f53-36ce2a94c09e	1	0	0	0	0
49563aad-aeb3-4a9b-8849-a60c119cbaa4	0	0.430805638440169	0.205679596666324	0	0.363514764893508
49ec7f30-d687-4124-a3aa-17bffb48ce26	0.929178697465512	0.0708213025344883	0	0	0
4a88d54f-c88c-4ffd-84c9-069b53f2cb28	0	0	0.563945910720104	0.436054089279896	0
4b9da1a6-923c-4bc8-922a-620ac43e6f9b	0	0	0.428095566276131	0.571904433723869	0
4ba90a73-b2e0-415b-9cd2-fad805840aff	0.587933561309233	0.412066438690767	0	0	0
4c6cb929-293d-452e-b7f8-d535b48cf073	0	0.562439060976524	0.026625665641641	0.410935273381835	0
4c6f18b9-eb4c-4b7f-90ee-0c3194407be7	0	0	0.746882124178624	0	0.253117875821376
4d4d40f2-1f96-4d31-81aa-d44b17a217ed	1	0	0	0	0
4d7842e5-9d8b-433a-a768-7a40129bdd0d	0	0.616395014381592	0	0.383604985618408	0
4e01a01d-eded-4d02-b8aa-1920c6997726	0.981736242884251	0	0	0	0.0182637571157495
4e3fbf45-1a73-437b-8d85-29aa0c8ac6b0	0	0	0.516046906341614	0.483953093658386	0
4e75f67b-99df-4ad5-a2ca-1877a3d45655	0.275402494935494	0.306109393325514	0	0.418488111738991	0
4fa35f20-e26e-4bb0-811d-b307e3927904	0	0.837694877505568	0	0.162305122494432	0
4fb42c7e-2a7e-4641-ae7c-e92fd9c2be11	0	0	0.704067847493245	0	0.295932152506755
504f8320-62f8-4205-926a-a54d042d0e98	0	0.637962012320329	0	0.362037987679671	0
507de54a-b4a5-4778-99fc-2f4f45c6daa0	0.401921470342523	0.598078529657477	0	0	0
511ced4c-a861-4f26-9e29-afcf8d603fab	0.310301507537688	0	0	0.689698492462312	0
51538db5-edf3-40bc-ae5e-dc9b552e8b53	0	0	0.834542121622699	0.00533992189367976	0.160117956483622
5167da8c-2b1c-4139-a2c4-355e9f07d0be	0.509056444818871	0	0	0	0.490943555181129
52df14ea-5feb-481a-855e-0a6176744a73	0	0	0.375297265160523	0.624702734839477	0
54022a08-1016-45a7-ac33-5a40b4b5e6b3	0.897590361445783	0.102409638554217	0	0	0
548b1967-fca4-4238-8d59-ae5405122c90	0.90394869577749	0	0	0	0.0960513042225105
54aca121-5b70-4833-84ac-c7506a57bd02	0	0	0.646348853651146	0	0.353651146348854
550812e9-ad67-4ae6-900e-572a051208a4	0	0.145661739817218	0.235022001579601	0.619316258603182	0
553e13f9-e00e-4b05-b934-c3837ad4d02d	0	0	0.628255306337498	0.371744693662502	0
56bc1e6b-d1bf-4df9-b266-07ff567aad77	0.872257053291536	0.127742946708464	0	0	0
56cb5294-9156-4930-a3ab-c2607a79b65e	0	0	0.657927352464487	0.297931165983411	0.0441414815521022
56f3a401-cf18-4d25-b4af-6bacca469041	0	0.124034488952757	0	0.875965511047243	0
5782ee15-ce76-43d2-ba6c-e84284f4a99f	0	0.547879711751663	0	0.452120288248337	0
57d2c12f-e3ae-457b-b92c-22002aecdba0	0	0.500038072032285	0.0290108886012335	0.470951039366481	0
5842a066-d158-474e-a4db-034f5797d865	1	0	0	0	0
586df577-513d-4d43-ac47-89c52f322d30	0	0.2486035005586	0.297015481193807	0.454381018247593	0
594263d2-e787-4e14-a2de-8f57727de001	0.816733333333333	0	0	0	0.183266666666667
59c3ac05-7a99-4817-ae14-1584f2b7bf36	0	0	0.669869956014534	0	0.330130043985466
59fe0f14-0415-43b7-87c7-1098e4b434ea	0	0	0.0851297844258689	0.914870215574131	0
5a3d1b74-f904-44ef-94a0-b38291e30be6	0	0	0.681760040931184	0.0171399334868253	0.30110002558199
5b6b8058-474f-4a6a-84c6-0eab99e3b2d3	0	0.418499043977055	0	0.581500956022945	0
5b858b45-79a5-4857-b59e-8c56a8b04320	0.899555361177928	0.0700488373788177	0	0.0303958014432539	0
5bd46a5d-2390-421c-a7aa-90ba77fed60d	0	0	0.338371661721068	0.661628338278932	0
5c66dcbd-024b-4a7b-b3aa-bbbaaf91ae78	0	0	0.682528171371193	0	0.317471828628807
5c957f54-8c46-4f13-a22b-49c175e8af3a	0.743494003168138	0	0	0	0.256505996831862
5cc4350c-416e-4f2c-be73-12af68ad1ee4	0	0	0.700975153620091	0	0.299024846379909
5cf049e5-d45c-4601-8f67-1fdc0b1918a9	0	0.881080475229769	0	0.118919524770231	0
5d5bb9d2-2244-4673-99db-653609cf5de2	0.914581471551981	0	0	0	0.0854185284480191
5dc7afc5-90d0-4286-a6f9-c2548f930e35	0	0	0.683672029353655	0.316327970646345	0
5e50611e-9e98-480c-bc47-28070e9edeea	0	0.398256537982565	0	0.559651307596513	0.0420921544209215
5ea12b9b-56ac-4d0c-8761-bf172b2f23e0	0.973785594639866	0	0	0	0.026214405360134
5ee2f830-f808-4e6c-89c1-6c90859958e1	0	0.606701328711727	0.063893703061814	0.329404968226459	0
5ef81653-adf0-4286-9f43-218490539508	0	0	0.590760361483328	0.409239638516672	0
61325789-0b1e-473d-8b71-5ec13ec1dcb7	0	0.186066809489804	0.379036737284773	0.434896453225423	0
61348250-68d8-4cef-b6f9-68a68d35508f	0	0	0.6309412861137	0.31324427876152	0.0558144351247799
61ad862c-0bd2-4fcd-a9e1-f42e8099bd81	0	0	0.72911231756328	0.0913064936896284	0.179581188747092
628501d9-94e5-440e-b39f-df0e3ea09986	0	0.10997442455243	0.358567774936061	0.531457800511509	0
62aa3903-4f3b-4693-b5e5-fc5abce184de	0	0.191120360735345	0.0276332523991213	0.781246386865534	0
62ca3ce8-77f9-4e02-ace4-af79519b53fd	0.967932658583024	0.0181380899889769	0	0	0.0139292514279988
62e41b20-5f83-43c2-9887-809e97794f04	0.88163112607557	0.104077815188926	0	0.0142910587355032	0
631a9df0-9d81-4b15-9ee6-3ae9f31dcba6	0.936974446893624	0.0457996571148665	0	0	0.0172258959915095
6365a756-2e65-42cb-be4f-1f726915ca94	0	0	0.572217502124044	0	0.427782497875956
647221bc-8100-4bb5-86a5-973fb67fde0b	0.186159497570802	0.442350989453727	0	0	0.371489512975471
64b12ba7-a481-4fdb-9c74-38c94c7ef3c9	0	0.0960278982733691	0.427745173088373	0	0.476226928638258
650319bc-20e1-4451-bcb5-a35c360060ef	0	0	0.708591840571536	0.00820956320110296	0.283198596227361
6542e1dd-afee-40e9-a16e-aa9a448963b3	0	0	0.521732680611185	0.31820204717401	0.160065272214805
65b4f81a-4439-4d82-ae25-68d63309b053	0.532599542884639	0	0	0	0.467400457115361
65ba302c-51a9-4493-8d28-e7bc076bca54	0.683754464876306	0	0	0	0.316245535123694
66116a4d-210d-45f8-8dba-3f8c79566ecc	0	0	0.740186052648941	0.122913505311077	0.136900442039982
666548b5-7b80-42af-80f3-207063c35b3b	0	0.20922089290925	0.23995720260675	0.550821904484	0
668e1e67-cc4f-40fd-b921-23aec5078635	0	0	0.721017514595496	0	0.278982485404504
66941b24-9c8f-4657-a4eb-8cc267e38bdc	0	0.182503770739065	0.337778836230849	0.479717393030087	0
671bc03b-e3a8-45f6-88e4-ce138c716886	0	0	0.580673043678691	0	0.419326956321309
676cce88-9f6e-4490-8e73-c0e88bd00075	0	0	0.776328910025313	0.115440668865537	0.108230421109151
6798cbfe-7aca-4f33-b4fc-162bf579a303	0	0.555048371712767	0	0.444951628287233	0
68503654-dd77-48f1-abab-aca55258dca4	0.78947793761112	0.21052206238888	0	0	0
687d5cbd-0877-4e31-86d7-9fcb32a82f10	0	0.380030516879649	0	0.619969483120351	0
689ba70a-9664-459e-aee5-fd16b3b993a8	0	0.415619473145304	0.00735362561668063	0.577026901238015	0
691c297b-b48d-4e65-84d4-cb4fcdf03fc0	0.821239328819547	0	0	0	0.178760671180453
692ea666-b4ac-4e92-b712-96a67edaef56	0	0	0.453039235616995	0.546960764383005	0
694ca3d8-9748-4c0f-9021-d599d81a325e	0.690545863815419	0	0	0	0.309454136184581
697cb422-6fda-499a-b808-9ca2357b9b51	0	0.126854754440961	0.647788227098572	0	0.225357018460467
698e64da-61aa-4d7b-9f33-21d627cb4721	0	0	0.711611434353655	0.129437557972848	0.158951007673497
69d12077-db51-4a74-a090-9b26e0368ee8	0.933476553818801	0.0131120823764723	0	0	0.0534113638047263
6a8e570e-dd05-4c06-9ed0-52ba0727faec	0	0	0.635285236708724	0.101693087458212	0.263021675833064
6c40b30a-d103-4397-997f-9b2bda66793a	0	0.23692748091603	0	0.763072519083969	0
6cc59c3f-0de5-4232-ab7a-7195a92e7d89	0	0.760301174913123	0	0.239698825086877	0
6db579c1-ef18-42a1-9921-d0456b90ff6f	0	0	0.661703296703297	0	0.338296703296703
6ddab78f-8bf5-43ef-847b-f68c15475d46	0	0	0.834245742092457	0	0.165754257907543
6e24acde-7dd0-46b9-b3c5-b0b617912910	0	0	0.610471464019851	0	0.389528535980149
6e6eeb9a-6437-4e53-9fb7-c283f738d3bd	0.670969734403953	0	0	0	0.329030265596047
6e8eeaae-cc26-4db8-85f6-5c975b06bf45	0	0	0.333888671109369	0.666111328890631	0
6fb7c578-dec9-4fe8-a9bf-3888bb765658	0	0	0.664160274525636	0	0.335839725474364
70532e65-df18-4e1d-beaf-08fbf349bec0	0	0	0.701898587636027	0	0.298101412363973
7135f14b-e84f-4ebf-8d95-b2a3c843fd4d	0	0	0.198823529411765	0.801176470588235	0
713df9b5-ea25-464c-b13e-fe8b61fe363d	0.134403781889315	0.501670877822153	0	0.363925340288532	0
723ed50c-2c78-4a3a-9f6e-9f9e8e264f6b	0	0	0.639937106918239	0.360062893081761	0
7289e7d5-65af-4d53-a4de-2691991d90d6	0	0	0.483794541319181	0.516205458680819	0
74179e5e-2d3c-417e-8844-6740ea9fb2e5	0	0	0.65923747030207	0.286797148998756	0.0539653806991741
74d50556-5de8-4eff-82e6-a3ad9c70020a	0	0	0.764577259475219	0.235422740524781	0
754df69c-2fab-4037-8673-fd3be673fc09	0	0	0.244901210962396	0.755098789037604	0
75668632-f0c7-495b-ba34-cd4b00aa9450	0	0	0.675153269754768	0.324846730245232	0
7647345c-1654-490f-9a18-b43005225bce	0	0	0.747432605905006	0	0.252567394094994
768e0380-9183-4600-849b-0d315ba502fc	1	0	0	0	0
7733c059-09bd-40b4-9812-4bedd68d9d01	0	0	0.567340067340067	0	0.432659932659933
774f5688-bad0-4a78-b26a-7aceb353e603	0	0	0.515958469525091	0.484041530474909	0
784a9c63-9b40-4f6c-8147-93d0ed523867	0	0.168659739920277	0.194014245572764	0.637326014506959	0
7b7c91b5-0358-4d09-af89-26a791d7a23a	0	0	0.854476691605689	0.0140590314889419	0.131464276905369
7c9a2493-5667-48ec-8998-81e13722b4ab	0	0.340926347760061	0.0768581793638741	0.582215472876065	0
7d2b6ff4-8f35-41cf-b078-3e78d0b81800	0.799955330553901	0	0	0	0.200044669446099
7d736f2b-b73e-4fc1-8d3f-9f350f88171a	0.814322720815576	0.0570736191192446	0	0	0.128603660065179
7d746ed3-9bfa-4f66-9c5a-594284ecd811	0	0.266731203614069	0.379670861568248	0.353597934817683	0
7d787768-efb1-462d-b5aa-5cbf6fc543d4	0	0	0.619550408719346	0.380449591280654	0
7dc54973-bfae-4811-b947-f98a6ac24b25	0	0.755329856345503	0.189861835483576	0.0548083081709214	0
7e48e080-0ec9-4589-ba1d-6f7a1f60a010	0.874683166840614	0	0	0	0.125316833159386
7e6ed4fc-b4bf-46c7-9f31-24a0c32c039e	0	0	0.450356415478615	0.549643584521385	0
7eb5f037-355b-4a38-b22b-a5e1f41ff1e9	0	0.426047613917914	0.1532909619735	0.420661424108586	0
7ee4348d-9975-42ba-b258-2334e089395c	0.213519927981013	0.673132007529258	0	0.113348064489729	0
7fa3f262-b786-4b89-b38f-505bff13c382	0	0	0.508094544277157	0.491905455722843	0
7faebca5-c36a-4a24-b785-5e673cf5a0ed	0	0.0903918509681564	0.315591447187299	0.594016701844544	0
8087339c-4fdc-42e4-94ff-299a59ae88a3	0	0	0.656545854451564	0	0.343454145548437
8095ebc6-d293-4668-9d83-8b3f35dd198d	0	0	0.71099360229795	0	0.28900639770205
80982d2d-ce35-4251-a545-391c0d6295d8	0	0	0.764429683921209	0.235570316078791	0
80de2366-cd3c-4b51-9957-06ac3e152cf0	0	0	0.322533516672396	0.677466483327604	0
81395cc8-c7d5-4ea7-957a-b5cb8d6bfd1a	0	0	0.725433279262358	0.097754631605908	0.176812089131734
824f5b0a-44d4-4ccf-9277-1ef752462bb3	0	0.167821704205387	0	0.832178295794613	0
8319b13e-475e-440f-855a-bdba3036db73	0.822213911742708	0	0	0	0.177786088257292
83834ecf-bc98-416a-98c0-824229e6cfe0	0	0	0.539529536611249	0.460470463388751	0
839aaefe-1755-4131-9b89-2610481a13c4	0	0.736032881717156	0.220885979601157	0	0.0430811386816867
8411b896-9d24-47d3-8a28-1c9cd6313939	0.864863059452238	0	0	0	0.135136940547762
85237b9e-67a3-46a2-9c19-3818522994b2	0	0.13275311226176	0.0228048914839705	0.844441996254269	0
8563d0ce-646e-4992-897d-5634f023ecba	0.957407407407407	0.0425925925925926	0	0	0
8634f872-177a-481f-ba51-62864c569001	0	0.119253301558932	0.274153510078443	0.606593188362625	0
86538c2f-7f41-4a9b-bea5-f6126772f322	0	0.152797228569323	0.181690867546252	0.665511903884425	0
87506e5d-4ebe-4f0c-a124-ea0add72d2ac	0	0	0.709321012454801	0	0.290678987545199
87c074cd-bcd8-4280-a12e-b205f50e139c	0	0	0.652795519308244	0	0.347204480691756
8832d658-24d2-4d12-a025-959d5eed1271	0.767813765182186	0	0	0	0.232186234817814
88d14d8e-cbbe-4157-b3ae-f1ddcb5e9551	0	0	0.684713375796178	0	0.315286624203822
8923da54-2f7c-4315-9fc2-a1d6502df55b	0	0	0.514132231404959	0	0.485867768595041
89424841-6b5a-4f5f-b5c2-209630c6f597	0	0	0.319224836097185	0.680775163902815	0
8997a81b-4046-4c31-91f6-7c1519f1d2ec	0	0.171676006113092	0.0445236882322975	0.78380030565461	0
8a27980e-a506-4cb3-91f2-3f0e5a19acfe	0.942082520211876	0.0579174797881238	0	0	0
8afeab3f-89ee-4901-8a32-d13587dbcab5	0	0	0.73204136774434	0.126059815522221	0.141898816733439
8b5be676-9118-4038-9d54-6b80b14e43dc	0	0.768077890821573	0.16070451810524	0.0712175910731868	0
8b629c3d-0f28-4740-b681-6f064354f794	0.976035654270476	0.00986337400452984	0	0	0.0141009717249945
8c147a31-a1be-4464-9606-12b14fbdf8d3	0	0	0.582053742802303	0	0.417946257197697
8cf6a0f3-9dfb-41f5-b855-c313c583e707	0	0.519236016371078	0.302046384720327	0.178717598908595	0
8d0f534a-a0b1-4d8e-9ca5-042f8a0a4e52	0	0	0.666024573094544	0	0.333975426905456
8d1641ea-7552-4d23-9298-094e0056386a	0	0	0.717219704721532	0	0.282780295278468
8d3d544f-6d1a-4cdc-8091-490311487ebd	0.850633154259401	0.149366845740599	0	0	0
8d66b5ac-4ceb-40a3-b2b9-4d0c24be01a7	0	0.815265486725664	0	0.184734513274336	0
8f51e90d-f617-4ed2-bbc7-7bcd92d1963d	0.701979277364506	0	0	0	0.298020722635494
8fff7b55-a9c5-4179-a86a-80bff4fed1b0	0	0	0.442207952580884	0.557792047419116	0
9053485e-19f7-4d2b-b4b6-361d908cc708	0	0	0.629238299904489	0	0.370761700095511
90950125-1b6b-499d-97e2-5d6b78b3e6fe	0.916469100679627	0	0	0	0.083530899320373
914508e1-ccc8-47ff-a225-7aca326a54dd	0	0	0.646092503987241	0	0.353907496012759
91941243-48d2-4416-b104-0affb8c46316	0	0.00422424285816568	0.568268060428152	0.427507696713682	0
92914efd-97af-48e2-b097-e91129f8c1b2	0.984061576737677	0.0159384232623231	0	0	0
92b7faad-a817-4464-a074-9b64bf25fad5	0	0	0.314445143036781	0.685554856963219	0
92e1baff-0f43-4841-aab9-fdda0078673a	0	0	0.557408445440957	0	0.442591554559043
934807ee-e303-43b7-938a-1721c6c31584	0.947372573773079	0.0526274262269213	0	0	0
93cc1307-7138-4547-a9a2-8a5398815c01	0.3246325824207	0.453328037224082	0	0.222039380355218	0
93f8d395-2512-41fc-992e-236b706dd281	0	0.366907157774824	0	0.633092842225176	0
948f1e9e-702b-4f42-a766-fb6b4976b14d	0	0	0.0593070308548306	0.940692969145169	0
94e93460-c9fc-48f9-a2de-3722231f54b6	0	0.740659340659341	0.0118030118030118	0.247537647537648	0
951bac30-0a85-4dd8-8470-c1a3b84817f9	0	0.00960053709298422	0.629405840886203	0.360993622020812	0
952e9924-3a48-4572-bf4c-95e5049e452d	0	0	0.673369171921844	0	0.326630828078156
956570e5-7ed4-4d17-a830-f1bc67a7af15	0	0	0.471043699618159	0.528956300381841	0
95bb2613-9194-434c-801b-fd18aa183f6a	0	0	0.616833205226749	0	0.383166794773251
960df455-dab8-4c59-9a99-579cdabe4d19	0	0.313582146979608	0.0913428241631397	0.595075028857253	0
9634f770-bc93-4dfa-949c-98a6da30a102	0	0	0.704512178889924	0.188606415546386	0.10688140556369
967f7008-e212-4114-ab43-dc2a6295f80c	0	0	0.708265966046888	0	0.291734033953112
96cd848e-50fc-4244-beec-8d18b1703fff	0	0.22576677054289	0	0.77423322945711	0
97a50d88-e662-43d5-9cef-2915545e8968	0	0.00128141941843273	0.213208477082307	0.785510103499261	0
9899646e-d5be-4429-a7f2-0251bed9721d	0	0	0.589303621169916	0.231866295264624	0.17883008356546
98f3d2d7-edc4-40aa-b09a-63f8abd2b528	0.937863564251719	0.0621364357482813	0	0	0
9907c264-961c-46b4-94a8-bf7e234621d8	0	0	0.583930467091295	0	0.416069532908705
990f1383-2ef6-426a-a650-e182010a8281	0	0	0.365298340062808	0.634701659937192	0
9918029c-763f-4458-b929-a4db95fd5e1a	0	0	0.657483192049108	0	0.342516807950892
99296d22-e605-49cd-b37f-a1b900be5d53	0	0.347782895330985	0.183780366657636	0.468436738011379	0
9935bf3a-de25-401c-bf1b-5225a62b24f7	0	0	0.748827329852199	0.197451101867422	0.0537215682803788
99d31369-3db2-4631-bc62-1aa6927476ad	0	0.200388744909293	0	0.799611255090707	0
9ae5c03c-326d-4492-9cc3-4ba17beb09ad	0.843642857142857	0	0	0	0.156357142857143
9b7c81c7-d03c-446c-9d25-8c966058b0e3	0.956104143514844	0	0	0	0.0438958564851564
9ba7cd75-a96c-4220-9f57-c9f0fb545a95	0.961640625	0	0	0	0.038359375
9c1779d3-6e10-413b-9df9-a9378862d8c4	0	0.0182903497359761	0.456952628759471	0.524757021504554	0
9c2ed2bb-8ee1-441e-9f3b-ffbb4def2673	0	0	0.707623190472795	0.150681024031947	0.141695785495258
9d0f51bf-a66d-4ea1-8599-2aee772c165b	0	0.599732998272342	0	0.400267001727658	0
9d2a209e-f610-4bde-8265-ef7e7e7ac0c4	0	0	0.642864182929233	0	0.357135817070767
9da89066-8d82-4ace-80e1-889d3c73c8eb	0	0	0.763394101577744	0.00128226570775492	0.235323632714501
9de4575c-0d10-4548-8881-fd4a5a46a5ac	0	0.87700776033207	0	0.12299223966793	0
9dffaff8-a482-4940-b53a-527e5a510740	0	0.673885248521656	0	0.326114751478344	0
9dffcc09-6ccd-4f12-ae6a-1b8b93fcf29c	0	0	0.466660967686784	0.533339032313216	0
9e94e2ce-f6a9-4358-b96e-266207b9ce34	0	0.404083266613291	0	0.595916733386709	0
9eb69ff7-492b-4ed3-8762-c25c3dffa1fe	0.921588594704684	0.0784114052953157	0	0	0
9fb65d01-d51d-4cbb-99f3-a09f5d6c206b	0	0.58982444179308	0	0.41017555820692	0
a068f661-e689-4e30-9572-3103039981aa	0	0	0.751809720785936	0.223450799459072	0.0247394797549916
a0707dab-b8bd-4a57-a890-69a3f4daacf6	0.679521952873368	0.320478047126632	0	0	0
a0ea30b4-a6e0-4f46-a0ee-5d552c8b6d68	0.756033874382498	0	0	0	0.243966125617502
a12e5c24-f0ea-4770-9888-20e1c562e436	0	0.33096947935368	0	0.66903052064632	0
a29c8616-0f82-4515-870e-68887a628c92	0.502	0	0	0	0.498
a2a798c5-3b1e-4192-8c6a-8c627cd0879e	0	0.278552111504057	0.21198252548367	0.509465363012274	0
a2b214c2-a5d4-4ce6-b505-e1438027236d	0	0	0.705019376268684	0.294980623731316	0
a31cd337-8f1a-451d-9b90-b722590d3105	0	0	0	1	0
a32190c5-a193-4e90-ac98-38a600bb10f0	0	0	0.630809118481558	0	0.369190881518442
a3624554-07c8-41d7-9b6b-f4cbf9de9301	0	0	0.755182024037624	0.244817975962376	0
a37d7ef3-0840-4114-acec-ce9e29bb54e9	0	0	0.145921917278701	0.854078082721299	0
a455069c-8869-4af8-949c-edfee0a05f51	0.837978422810172	0	0	0	0.162021577189828
a5e348aa-d0fd-40fb-a171-b51a36e53612	0	0	0.799010728716734	0	0.200989271283266
a5ecc76e-a696-4e90-8bb4-7a9965e2f8a8	0.495127287191726	0.504872712808274	0	0	0
a615ef14-a590-45b2-91c9-74a3cae19619	0	0	0.580478745356996	0	0.419521254643005
a740aa2d-a410-443f-99f4-3a123deb2f41	0	0	0.513898725212464	0.486101274787535	0
a78e7939-a1ea-4b9d-ae55-3c1dc985bbd8	0	0	0.215483449477352	0.784516550522648	0
a7b067c9-a62a-4d3d-8c4e-668830f7441f	0	0.262564766839378	0	0.737435233160622	0
a7bca7c2-8c54-4ad1-9deb-7f77c962bb07	0.935845639453887	0	0	0	0.0641543605461131
a852a227-c31f-410f-baee-81135917a7d2	0.967064400130762	0	0	0	0.0329355998692383
a854c368-6e81-4ade-9ea9-afbee1c4c448	0	0	0.612394444832159	0.245585874799358	0.142019680368484
a8e0466b-d106-44b7-b846-c4fb666715f5	0	0.0502028801018378	0.564324926406238	0.385472193491925	0
a95ecb1b-9dd9-4916-9b73-b967278f3d85	0	0	0.621365360303413	0	0.378634639696587
aa3d8e3d-68cb-47dc-80c0-d50917cb4878	0	0	0.701119157340355	0.221497396612604	0.0773834460470405
aae57dd0-eae8-48b0-855f-2cd17c9f524d	0.372882481897296	0.460439779445958	0	0.166677738656746	0
ab3b04d0-d1fb-48f4-aae2-9ef96c9f5fb2	0	0.432946885953087	0.111350768401186	0.455702345645727	0
abb411d3-1474-4e6e-afa9-23b974d9a557	0	0	0.568007275666936	0.431992724333064	0
ac175796-57dc-4de1-b6a2-eb71416e4c47	0	0	0.693251533742331	0.121534518909684	0.185213947347985
acb1bf8e-f597-4f67-b19d-bb737109d9cd	0	0	0.571491615180936	0	0.428508384819064
acda1855-14ba-4e05-89f7-50f7823f38b3	0.779382667194302	0	0	0	0.220617332805698
ad502a9c-1f1a-4118-a8f9-2cffb9b0c610	0	0.375114155251142	0	0.624885844748858	0
ad8c55ae-46df-43cd-8cb5-c049e3019959	0	0.13951447791752	0.261187481719801	0.599298040362679	0
ad930bd1-0026-4f83-92e2-23170c1965aa	0	0	0.35990860990861	0.64009139009139	0
ae4a5866-347f-4850-b4c8-a009d0765021	0	0	0.306447298020332	0.693552701979668	0
ae8996bd-b0b7-4f9b-91fa-606f95d49f8c	0	0	0.732861726954492	0	0.267138273045508
af58b506-df1d-4221-964d-76dbade6ab85	0	0.294566037735849	0	0.705433962264151	0
af83a9af-a11f-4c29-a61f-8f0d2b5868c1	0	0	0	1	0
afd15ee9-ef38-4d14-b1c1-7f4267fe6a04	0	0	0.807668133249529	0.0441231929604023	0.148208673790069
b02ec16a-9dff-4b98-9960-73175454082a	0.824318963237239	0	0	0	0.175681036762761
b0a1f575-657f-4277-95dd-0e02e77279fe	0	0	0.601596916299559	0	0.398403083700441
b1d64529-4f34-4644-b0e7-20606827ccd4	0.967275371687136	0.0327246283128636	0	0	0
b1e1ae0d-4558-4d30-9b20-79aa40fa5a2a	0	0	0.385074976569822	0.614925023430178	0
b22d3e38-c370-4719-bea6-3dcbd9590935	0	0.13765389876881	0	0.86234610123119	0
b25117ce-5a14-4b43-bbfe-513b957464d0	1	0	0	0	0
b2bcfd01-9662-4730-96de-1e51b4038802	0	0.0847755940158404	0.298132394641635	0.617092011342525	0
b31c9e1c-be79-4264-81a3-40b67f1f0bde	0	0	0	1	0
b3d432d6-0b86-4407-98e2-99c1971283a8	0	0	0.577212216131558	0.422787783868442	0
b3ea108e-0ab7-4340-9da9-b7a8bc3b942c	0.722422278237907	0	0	0	0.277577721762093
b44be803-b398-4e93-b459-40ecdf2cb130	0.92948813609909	0	0	0	0.0705118639009103
b47b2efb-02e1-4729-95ad-de05fb551bc7	0	0	0.428256970487527	0.571743029512474	0
b4a9422c-ed5b-435f-aa13-e8a8f2484e97	0	0	0.552621244845867	0.447378755154133	0
b4b81763-61bc-469b-a048-eba733193262	0	0	0.685926043991074	0	0.314073956008926
b4e60c29-6c4d-49b4-878e-b91e20e17dad	0	0	0.695402298850575	0	0.304597701149425
b6df0d7c-1c41-4b7d-8685-ce6fba4e7ab3	0	0	0.744040261345577	0.255959738654423	0
b707621f-1f89-4058-be18-33020b9ebec3	0	0	0.548028427326914	0.451971572673086	0
b72689a1-2c14-49db-b489-f1627353a024	0	0.62582332429291	0	0.37417667570709	0
b73f749f-eafa-460d-b921-f12e7f8d6609	0	0.699117387466902	0	0.300882612533098	0
b773c30d-f37b-4aee-8330-a159d42d3019	0	0	0.765086206896552	0	0.234913793103448
b793fa3a-f197-409f-b630-2dcba3290cce	0	0	0.507771568285016	0.492228431714984	0
b7c49a13-6b0f-411a-940e-b35c17818aaa	0.845438982636341	0.11600228254667	0	0.0385587348169887	0
b85209a5-128a-4aff-83d4-1ab336d82b95	0	0	0.61262296589133	0	0.38737703410867
b8542fa9-5521-48bc-ae1b-4e12a1744e0d	0	0	0.712242117555469	0.287757882444531	0
b87ce383-9333-420c-9184-62d9d1eadabc	0.749590112246185	0	0	0	0.250409887753815
b9e82597-fdf2-4479-a764-29193ddbd58f	0	0	0.816595012897678	0	0.183404987102322
ba2e1bd2-56f5-4dfb-94b5-92c50c58b31e	0	0	0.766703268857167	0.0386012332122645	0.194695497930568
ba6e6579-8858-467a-9d0b-b8df38cd5d62	0.154176175262437	0	0.262619808306709	0	0.583204016430854
bae57be0-48af-438d-88fa-cbaaf16b3d33	0.031327898672775	0.707336791753689	0	0.261335309573536	0
baf9135d-d8dd-4e04-9115-4055b81fae05	0	0	0.399261689909762	0.600738310090238	0
bb7098ae-862b-488c-b67e-01ed682ec783	0	0	0.664480438006159	0	0.335519561993841
bce4dcd7-d9e8-408a-8ab0-f993f9297a68	0	0	0.681034482758621	0	0.318965517241379
bd35c087-9a96-4f86-99f2-1a2a8936471a	0	0.279973540598644	0.264428642301968	0.455597817099388	0
bdba14fb-88aa-43b0-8c25-53948b9935b7	1	0	0	0	0
be813beb-9b35-4063-9d61-9f49a7fd7706	0	0.328726554787759	0.0340123844566095	0.637261060755631	0
be880db8-920f-4bd8-9f67-34e3ddd61f2c	0	0.453405017921147	0	0.546594982078853	0
be8e200c-dced-4b24-a70d-6b6baecb7300	0	0.0807461518392904	0	0.91925384816071	0
bf121f27-c765-4f64-8a9f-73c30427217b	0.0414409343558714	0.628227678885527	0	0.330331386758601	0
bf2a1913-2806-4b97-bcc6-e7038b900e15	0	0	0	1	0
c07a2fe2-d51d-4fd6-a36e-9f04fc3b6c05	0.904091877091573	0.0959081229084271	0	0	0
c091a9db-8d3f-4dfb-8658-b6b8020c1d5c	0.742364122912245	0.0700378333487127	0	0	0.187598043739042
c102587f-0390-4dd5-8b35-d819e0083134	0	0.0276038451362554	0.387423935091278	0.584972219772467	0
c1f95e8e-aaaa-4090-8f64-c619aa543d1b	0	0.368565772107347	0	0.631434227892653	0
c23d56d0-f27a-48db-b10a-f572b50ef245	0	0	0.689153030770814	0	0.310846969229186
c2628a29-fe4e-493b-a324-ed402ad54a26	0	0.119033735943357	0.43606830487297	0.444897959183673	0
c28b080d-8eb9-46b7-9e40-c37409820e17	0	0.381718507925158	0.212012870933143	0.406268621141699	0
c2e73efe-8112-48fc-9dbd-29b4b5b89ad0	0	0.318479338842975	0.134148760330578	0.547371900826446	0
c2fe2d79-efb1-4e4d-a297-bd6b15703d10	0	0	0.539166897060179	0	0.460833102939821
c32e3393-3a51-4d72-aa60-e8e6e8c083f0	0	0	0.58988885291896	0	0.41011114708104
c33ecc28-d5ba-4416-b93d-445b7883b6e8	0	0	0.61943231441048	0	0.38056768558952
c48d2d0e-5626-42b3-b508-75b3cceb053f	0	0.500878155872667	0	0.499121844127333	0
c4eb8167-4c62-4a41-b9a7-f3259f945d9d	0	0.677761249535143	0	0.322238750464857	0
c50adee7-f053-484e-8a2f-f66c94a14fd3	0	0	0.783562191707772	0	0.216437808292228
c50bf088-8ad3-495c-b7b5-1eca9bb546ba	0.853828472920557	0	0	0	0.146171527079443
c54b98cc-521e-4790-b67d-9dcc20af8c76	0	0	0.435182715390771	0.564817284609229	0
c568f4a0-601e-4b45-b69e-cde40d94bb3d	0	0	0.744119256017506	0.255880743982495	0
c58a5583-7b04-4b67-9372-e161e18d7de1	0	0.318609775641026	0	0.681390224358974	0
c5c93338-4046-4247-b5c2-ef133609797e	0	0.162825095525699	0.606064341180821	0.23111056329348	0
c5d4a1ed-8fd3-4435-96f5-ea5e56326f20	0	0	0.525501672240803	0	0.474498327759197
c5d73777-b7f3-4107-9efc-afde92f70469	0	0.225164835164835	0	0.774835164835165	0
c63a27ff-1844-4b4f-9bc7-ac4d00dc0de8	0.0509278181966811	0.370718548189324	0	0.578353633613995	0
c6683fc6-49f4-4e53-94ac-251799c2c638	0.845374280230326	0.0522840690978887	0	0.102341650671785	0
c7066edf-43fc-4bcf-bb63-ab75860d2410	0.94966852756455	0	0	0	0.0503314724354501
c861f2ac-61fd-45cc-9e14-f775f9eed494	0	0	0.615598182735992	0	0.384401817264008
c8c4129c-48ca-4df9-9ef8-bab2a794ebbf	0.236459131195973	0.597548965970019	0	0.165991902834008	0
c8e8f4e7-7aae-41f7-9d36-5938d2c2fc04	0	0	0.8471247074557	0.1528752925443	0
c93e78f6-1c35-4139-a6b4-c29c229c8b68	0	0	0.725173783515392	0	0.274826216484608
ca34cd1c-026e-4641-a9dd-ac1a9b4f243b	0	1	0	0	0
ca701a41-b397-48b7-bad4-09ef8b4eb462	0.00849360538904618	0.407985941618666	0	0.583520452992287	0
ca823082-ede5-4bfd-8498-7e492f39bcd6	0	0	0.749604021761587	0.0116383169203223	0.238757661318091
ca8b34fa-ab70-42c1-8e81-8b28ba1a8f3a	0.822223860787494	0.177776139212505	0	0	0
cae39998-47d3-4a80-8acb-67d3a9518306	0.853779516557217	0	0	0	0.146220483442783
cafc9e36-c5f0-45df-ad03-16210ff0d870	0	0	0.660143810991269	0	0.339856189008731
cc66d11a-33c0-4247-9072-6e7c0d0b6112	0	0.500238578074675	0	0.499761421925325	0
cd215363-3f4a-4928-9dbb-60735f4c27ce	0.0744615384615385	0.497622377622378	0	0.427916083916084	0
cd23ba96-cc18-428d-ae3d-67a7a2dd3c91	0.763948256467942	0	0	0	0.236051743532059
ce362483-60b7-4654-b201-834c60e38690	0	0.726225045372051	0	0.273774954627949	0
ce52c9b2-ab83-4efa-8abf-97475dcf892d	0	0	0.49924882629108	0.50075117370892	0
cf4160bb-9ef4-43c1-ac83-f6ca897101ee	0	0	0.271428571428571	0.728571428571429	0
cf86835f-2bd2-4b15-a9a9-66fe369a560d	0	0	0	1	0
cfba3fd3-4d84-46e6-9c12-8bf8481b35aa	0.382087840052442	0	0	0	0.617912159947558
cfbfbac5-7f44-4537-9a1c-088075a936e6	0	0	0.569967163425107	0.430032836574893	0
d0d2b8fc-6915-49fe-ae4a-f80e2d090cf5	0	0	0.253680281982169	0.746319718017831	0
d0dc0f54-e23f-40fb-a0ac-56fbd55108f0	0	0	0.58955857385399	0.41044142614601	0
d1adf0be-5afe-4df7-8f88-dbf7521bcdac	0	0	0.108557046979866	0.891442953020134	0
d1f1743c-5fd9-4ae8-90c2-8c3e2d475d1b	0	0	0.543545782084731	0.161138029568891	0.295316188346378
d1f7678a-8106-46c9-95b7-5ec5d940f08c	0	0.517573521877242	0.0880213136591864	0.394405164463572	0
d244c9fe-f289-417a-af42-85591ef4fdc6	0.159602385685885	0.517773359840954	0	0.322624254473161	0
d32c4662-2b0b-4f78-b031-e6ff5286664c	0	0	0.436115444617785	0.563884555382215	0
d33cdca5-78ec-4d34-be08-51efd97e8bfb	0.979957109864731	0.0200428901352689	0	0	0
d474de4c-c01d-46f5-92a6-7513f7a38eed	0	0	0.948061137843193	0	0.0519388621568072
d4bca8f9-f63e-43bb-ab6b-7529a86afac5	0	0	0.532874617737003	0.467125382262997	0
d61a8ec1-aa99-41c3-8633-018cdb0ccb1a	1	0	0	0	0
d6450e34-ebf4-4749-a27e-8e3139960afb	0	0	0.563746138725077	0	0.436253861274923
d681e327-7e74-4f6a-811f-e006470e568f	0	0.629154727793696	0	0.370845272206304	0
d702ead2-f1df-43e1-b1a4-c506902b14df	0.0932536562352571	0.42569586412958	0	0.481050479635163	0
d76cd13a-0481-442a-bfe6-ad322fc3851a	0.906372870249017	0.093627129750983	0	0	0
d78126ec-68b1-4d77-bf7a-19a47678a5fb	0	0	0.516768603465851	0	0.483231396534149
d820ac02-a30e-437b-b20a-3e92705b7b81	0.901987941991201	0.0980120580087991	0	0	0
d826d551-cb0f-4d0e-b21d-a7b0c9010a62	0	0.465043004343013	0.162224303840586	0.372732691816401	0
d898e588-a74d-435c-b930-b96c266ff580	0.931180017226529	0.0688199827734712	0	0	0
d89a84a4-4f45-4aab-ab6a-131bf3b359bd	1	0	0	0	0
d8d139e8-6e6f-4771-b624-69518f847b85	0.844144507117916	0	0	0	0.155855492882084
d9666e09-51bb-49a4-b289-0e6b69636858	0	0	0.733209914635401	0.199012650416538	0.0677774349480613
daff3e2d-69ea-4c1d-bbad-8f6cca9bdc1f	0.845932044887781	0	0	0	0.154067955112219
db01aba1-3a00-4bf9-9f24-8fba144144f3	0	0	0.822086493941484	0.0320165500935868	0.14589695596493
db360c44-bf72-41f4-8ca4-01c9973fce95	0	0	0.714240178500279	0.145111164236194	0.140648657263527
db70cd04-821e-43a7-bac1-815a30172be1	0.0263907347636226	0.354850958800076	0	0.618758306436301	0
db998871-01ff-4a39-ba06-fe3fb1183584	0	0	0.806625	0.193375	0
dbb2f12c-e200-412a-9023-0126d6d69a52	0.743097760027782	0	0	0	0.256902239972217
dbb3747a-aafe-421c-bb21-84a0b82c6a75	0	0	0.572579842801711	0.387523629489603	0.0398965277086857
dbc4f72a-3937-4092-92b8-d52c6b0c3340	0	0	0.711480725351267	0	0.288519274648733
dc76c717-eaa0-49d7-a228-2fce7a536e42	0.925836992316136	0	0	0	0.0741630076838639
dda806cc-67a1-406b-8957-ffdb5f9087c8	0	0.201394475730759	0.170465719138286	0.628139805130956	0
de57eef8-932d-4e4f-a67d-835a87d72116	0.809373160682755	0	0	0	0.190626839317245
deb14c1d-474c-4d6f-bb8a-2b6df5dce5c9	0.863932568352458	0	0	0	0.136067431647542
deba354e-fcc8-4a00-aa1b-63afc9cf2861	1	0	0	0	0
df45fb41-4511-4dab-b865-fcdfcda0400a	0.149243335655037	0.644399417463433	0	0.20635724688153	0
df6189e5-bd61-4be2-9d31-efef56cb4739	0	0	0.735564221914706	0.26053591646748	0.00389986161781356
df6af593-6a85-4f5f-8dbe-c32df5a85ef6	0.909922086182223	0	0	0	0.0900779138177771
e06580e9-0b4a-48f7-9522-d54229aefb2d	0	0.304408742761069	0	0.695591257238932	0
e0e050cc-5e2a-41fc-8394-b4816a9dc8a2	0	0	0.341024114319738	0.658975885680262	0
e17707f9-a0db-473f-9dc6-608b62e74689	0.165559086969084	0.563132042762207	0	0	0.271308870268708
e1edc70f-0307-4283-9efc-77feb465c9df	0	0.0328425821064553	0.685563919792152	0.281593498101392	0
e1ef10f3-a1e2-4391-bfec-ac6b0231ae5d	0	0	0.418472652218782	0.581527347781218	0
e20191d9-fddf-47a3-9ff9-d4a36af7d762	0	0	0.615973525634693	0	0.384026474365307
e22c6b51-c27e-468f-883c-f71918330eb0	0	0	0.720473110959837	0	0.279526889040163
e3142cf7-334f-4f34-a5da-53ffa4e1ba33	0	0	0.736874154262517	0	0.263125845737483
e38d31b7-ad89-4fff-93d5-05f49998727b	0	0	0.639654938187746	0	0.360345061812254
e4559121-091f-41f2-9559-2abb1bbfd229	0	0.0955727978092195	0.117663167503423	0.786764034687357	0
e4e983eb-2aa3-4858-b67f-9cc70452768c	0.435489648255606	0.36528404613511	0	0.199226305609284	0
e558015e-969b-4354-9bc9-219a60092734	0	0.381605691056911	0	0.618394308943089	0
e590db5d-2577-43ec-9d39-45a257be5562	0	0	0.332042882668255	0.667957117331745	0
e5bcd6f9-680e-4d57-81f3-c8e6b40bb2af	0.999911284599006	0	0	0	8.87154009936125e-05
e614fbb4-7574-4704-9525-c0aea4c10fc6	0	0.956475990051655	0	0.0435240099483451	0
e619e3c8-f6eb-4b0a-bf17-005ccbe269bb	0	0.0911226962332036	0.491298920625597	0.4175783831412	0
e627254f-65f9-4939-add4-bb77bfd92e16	0.772242990654206	0	0	0	0.227757009345794
e6ac5ada-4358-4ca3-b1cf-05d3e0cf0597	0	0	0.42871419053964	0.57128580946036	0
e6e7d36e-b6c6-4e54-95ee-ee20e6f1f80e	0	0.425338091660406	0	0.574661908339594	0
e7a1cdcf-ec99-44fd-a13b-604cf15b2bd4	0	0	0.26234309623431	0.73765690376569	0
e7e4c883-af18-41bf-9383-e5b9f354bc8d	0.880580957504035	0.0254361023591793	0	0	0.0939829401367863
e88a6a51-24b3-4b52-bd5a-f306f1c9e0d9	0	0	0.527363692056361	0.472636307943639	0
e8909d26-a289-4dc7-a819-5883c621efac	0.224509735501431	0.475748482099239	0	0.29974178239933	0
e90c1051-744f-46e5-bcec-f95d34f59e0a	0.212994585589338	0.568513119533528	0	0.218492294877135	0
e96b0282-8ff5-4390-9466-119534a50628	0	0	0.755142083897158	0	0.244857916102842
ea1ff936-0327-419f-b104-008511b8af5d	0	0	0.824976475332706	0.0966527759107407	0.0783707487565533
ea43014e-5b51-4b3c-b16b-6d58df9f4a1d	0.754020070124531	0	0	0	0.245979929875468
ea55206b-29c6-4a8b-9219-cfd28c29117a	0	0	0.284219190968956	0.715780809031044	0
eb44c266-8b8f-4012-ad67-f4ac40698391	0	0	0.674169552391946	0	0.325830447608054
eb805bd1-e1d5-47b1-8bbd-31f91fcee225	0.777627603752584	0.222372396247416	0	0	0
ecdac97e-eec5-4753-a572-8aff707178e5	0	0	0.712553836337534	0.250917211676503	0.0365289519859627
ed178c34-0b29-4f65-bdf5-a39969111ca8	0	0	0.481559684684685	0.518440315315315	0
ed1fa4ae-5e58-465c-b106-379f7456656e	0	0.515929681406372	0.0319793604127917	0.452090958180836	0
ed9b3b6b-c2c2-41a2-ac61-dd2cfbb321ba	0	0	0.638995032479939	0.361004967520061	0
ee6709eb-718c-4a0e-8b57-3068e0e0fbaf	1	0	0	0	0
eecb45f4-ea57-4aea-814e-9895d42034e9	0	0	0.0816167290886392	0.918383270911361	0
eed349c6-a5ed-4543-ae8d-67b394b26c7a	0	0.102437444327476	0.256296056360839	0.641266499311685	0
ef2a6bd9-fe3b-4b67-942c-89f3a34813ad	0	0.223236251091183	0.287199428616776	0.48956432029204	0
f0024165-4df2-454e-a0cb-17720455c0c9	0.63882151519475	0.36117848480525	0	0	0
f04a6a90-d4d9-4b17-afaa-f97044ff4b6a	0	0	0.412486800422387	0.587513199577614	0
f084874a-f9a8-4858-a858-d9b80871755b	0.864448266737232	0.135551733262768	0	0	0
f0bc4292-6662-460a-8bf8-a3c9fa2fd7be	0	0.798932384341637	0	0	0.201067615658363
f2ab4258-222d-4a08-a805-3628048ebf1c	0	0	0.573205257836198	0	0.426794742163802
f2dda955-5a39-43c1-93a2-83953b2b91d1	0	0.195336599528216	0	0.804663400471784	0
f383e1a0-2847-49e0-bede-abe5ce5147ce	0.641266731962129	0.30460333006856	0	0.0541299379693111	0
f3c13192-fe4d-45c5-9d12-5294799bd7f8	0	0	0.720052083333333	0	0.279947916666667
f3d3848c-9ff7-4e84-a35c-f6b6e3a57605	0	0.276961849309116	0.0298079429912227	0.693230207699661	0
f3eb5b26-5414-454f-a01f-a282b0369596	0.763980521520578	0	0	0	0.236019478479422
f4847715-a3e0-49a4-bcc9-95175d0be463	0.60866780529462	0	0	0.39133219470538	0
f4bbad06-fb0c-4064-8a05-18b30a16207a	0	0	0.582196749854904	0.417803250145096	0
f4cecad7-2cca-4990-9d88-115b6b201cc5	0	0.16805794254849	0	0.83194205745151	0
f518ad50-78d8-4b0f-a6b0-07bad20462ce	0	0	0.649163346613546	0	0.350836653386454
f532a6be-de3e-420c-960a-23627589e7ad	0.989446119663545	0.0105538803364545	0	0	0
f5b3a6d0-3b56-4ad2-b520-8bcaadb6bd0e	0	0	0.558467063180339	0	0.441532936819661
f602fb69-df50-4b19-8e14-c1979a120119	0	0.243083258267919	0.035645348089049	0.721271393643032	0
f6c907ac-5dc9-4bdc-b7c6-3bac9f9059d3	0	0	0.776749738844948	0.0896881062527981	0.133562154902253
f6ec2075-052d-4677-8423-378ae45593ba	0	0	0.455079987286789	0	0.544920012713211
f79d6a7e-eaaa-4382-a5ed-600cf8d45824	0	0	0.334631458966565	0.665368541033435	0
f7efa9c4-e7e2-406a-98e5-596f787c810e	0	0.198193018480493	0.119507186858316	0.682299794661191	0
f8efdeb0-a8f8-4e2d-a52e-43d033e4ce6f	0	0	0.588791643139469	0.411208356860531	0
f9203ebe-d6c3-423b-ad65-28db38612f89	0	0	0.512334563788602	0	0.487665436211398
f9506da9-20a3-4124-a614-eb525787ea45	0.957529810098631	0	0	0	0.0424701899013691
f9683515-b944-4c7b-b41d-ea105bd37a5a	1	0	0	0	0
f9a27067-7485-4c9f-986b-878aa6cd132c	0	0	0.653066966797974	0.346933033202026	0
fb120cb4-2cee-4848-a60e-6c1fba723dc9	0	0	0.69164898454077	0.30835101545923	0
fb1c09a7-660e-4585-85b8-5acc456563cf	0	0.290907365223994	0	0.709092634776006	0
fb27491d-a418-4957-a387-9a4e4de84b06	0	0.528394862266742	0.00993618224412311	0.461668955489135	0
fb9c23f2-8694-41ca-a126-a5a131abeac1	0	0.678907653611211	0.120661157024793	0.200431189363996	0
fc5b682e-c00d-4840-8c11-f17abe059fa8	0	0	0.684192096048024	0	0.315807903951976
fc70931f-4a97-4538-b055-8ed988ab601c	0	0	0.706105628456783	0.196616419043488	0.0972779524997289
fc801acd-4b1f-46e7-bc1e-47752fb08779	0	0.413073593073593	0	0.586926406926407	0
fcc2a5c0-ec23-43b5-b616-9b03c8ff4129	0	0.7857910906298	0	0.2142089093702	0
fd6f4c9b-ee43-4939-8cfa-2e447aedbcf3	0	0.471983786361469	0	0.528016213638531	0
fdadb011-0da3-458f-8b4e-d09e4c847a5b	0	0	0.644896193771626	0	0.355103806228374
fe00aecb-7b06-4e76-b999-99ee41ad20ea	0	0	0.790337711069418	0.209662288930582	0
fe15bb7d-6469-4778-9dc8-9e4c5877942c	0.874108122941822	0.125891877058178	0	0	0
fe8166b9-08e8-477b-9122-0e9194f34818	0	0.208315625442697	0	0.791684374557303	0
fead73ce-2e66-4647-8b6c-b8bbdaaf30fe	0.80599851276543	0.0785755597785673	0	0	0.115425927456003
fefb685b-91fc-4837-b612-73be3c4d941e	0.752810007251632	0	0	0	0.247189992748368
ff0feb3e-6d14-4297-ac23-1eb397663ec3	0	0	0.707396779850151	0.292603220149849	0
ff93cbad-7bdf-4e5d-81c7-95aacaa3bee9	0.72612551159618	0	0	0	0.27387448840382
fff3f42f-5e42-4653-b91b-1676f914e9fa	0.876540460282108	0	0	0	0.123459539717892
