	22191566:22191568	22088566:22088568	22110746:22110748	22142900:22142902	22181322:22181324	21915208:21915210	22043646:22043648	21977777:21977779	21977321:21977323	21978944:21978946	22043630:22043632	22146612:22146614	22181664:22181666	22173997:22173999	label
01661d94-fc16-4456-95cf-a5fa4e1e196c	0.7777777777777778	0.8695652173913043	0.9090909090909092	0.9411764705882352	0.9714285714285714	1.0	1.0	1.0	0.9230769230769232	0.75	1.0	1.0	0.8571428571428571	0.8	Tumor
02bbe1b1-44ff-426b-a40e-47a01bc4cf7d	0.9021739130434784	0.9838709677419356	0.953125	0.9848484848484848	0.9545454545454546	1.0	0.9298245614035088	1.0	1.0	0.8918918918918919	0.8983050847457628	0.9154929577464788	0.976470588235294	0.9571428571428572	Tumor
05f4836a-8db8-4dbc-a996-090887bf8a64	0.9333333333333332	1.0	0.9393939393939394	0.925925925925926	0.9782608695652174	1.0	0.9565217391304348	1.0	1.0	0.9615384615384616	0.9565217391304348	0.96	0.9767441860465116	0.90625	Tumor
064d1578-9fb7-439c-9644-d4cb6389ec9d	0.8709677419354839	0.9565217391304348	1.0	1.0	1.0	1.0	1.0	1.0	0.9230769230769232	0.8	1.0	0.9473684210526316	0.9642857142857144	0.95	Tumor
09cf8de3-bb0f-434d-8cb3-9f5eeb264b6b	0.9285714285714286	1.0	0.9583333333333334	1.0	0.902439024390244	1.0	1.0	1.0	0.95	0.8636363636363636	1.0	0.90625	1.0	1.0	Tumor
0a133c47-fae8-4e3b-8f4d-cbf357f5e2fc	0.9545454545454546	0.9333333333333332	0.875	1.0	1.0	1.0	1.0	1.0	1.0	1.0	1.0	0.8125	0.9545454545454546	0.8823529411764706	Tumor
0a72c39e-889a-4990-bf96-6c7b9b8c1124	0.9347826086956522	1.0	0.875	0.9848484848484848	0.9883720930232558	1.0	1.0	1.0	1.0	0.9830508474576272	1.0	0.9420289855072465	1.0	0.943661971830986	Tumor
0d71189d-6801-4d6b-b306-22efcaa2564a	0.8181818181818182	1.0	0.98	0.96875	0.9148936170212766	1.0	1.0	1.0	1.0	0.8214285714285714	1.0	0.96875	0.9574468085106383	0.96875	Tumor
0dacd83e-7fab-4064-a25c-c1de66be5305	0.9591836734693876	1.0	1.0	0.95	1.0	1.0	0.975609756097561	1.0	1.0	0.9361702127659576	0.9545454545454546	0.9736842105263158	1.0	0.925	Tumor
0ef46de9-c9e7-42f0-92bf-c17dc2ede102	0.975609756097561	1.0	0.8947368421052632	1.0	0.975	1.0	0.8125	1.0	1.0	0.9615384615384616	0.8666666666666667	1.0	1.0	0.9722222222222222	Tumor
0f669396-2dc4-4305-aa35-c6fbd82ee7df	1.0	1.0	0.9166666666666666	1.0	0.9	1.0	1.0	1.0	1.0	1.0	1.0	1.0	0.9411764705882352	1.0	Tumor
10376443-40df-451a-91e5-6be34850558c	0.9111111111111112	1.0	0.935483870967742	0.9655172413793104	0.9166666666666666	1.0	1.0	1.0	1.0	0.9347826086956522	1.0	0.9666666666666668	0.9534883720930232	0.90625	Tumor
17985496-652a-4034-997b-b888d97316e3	0.9629629629629628	1.0	1.0	1.0	1.0	1.0	1.0	1.0	1.0	0.875	1.0	0.9782608695652174	1.0	0.9387755102040816	Tumor
17dfa221-f092-45ed-a2e4-5798ddfc0ce9	0.7083333333333334	1.0	0.7894736842105263	0.9230769230769232	0.9411764705882352	1.0	0.8333333333333334	1.0	1.0	0.8571428571428571	0.9375	0.75	0.9444444444444444	0.8571428571428571	Tumor
1924888b-3b46-4079-a403-d758975a37bd	0.8095238095238095	1.0	0.8461538461538461	1.0	0.9444444444444444	1.0	0.9285714285714286	1.0	1.0	1.0	0.9285714285714286	0.9411764705882352	1.0	0.8947368421052632	Tumor
1c3dbd2f-1c07-48cb-a844-0b1b3eb14e0d	0.8648648648648649	1.0	1.0	1.0	0.96875	1.0	0.9411764705882352	1.0	1.0	0.9	1.0	0.9545454545454546	0.96875	0.967741935483871	Tumor
1d468785-141d-40ca-acb1-d6d85a8c9d7b	0.9215686274509804	1.0	1.0	1.0	1.0	0.7407407407407407	0.6875	1.0	1.0	1.0	0.6875	1.0	1.0	0.95	Tumor
1dd6852b-2456-4576-9b22-f7604277c955	0.96	1.0	1.0	1.0	0.9166666666666666	1.0	0.9230769230769232	0.9411764705882352	1.0	0.9411764705882352	1.0	0.8333333333333334	0.96	0.8333333333333334	Tumor
1e742dad-8e44-452a-bf2b-9b8ae1ed8bb2	0.75	0.8571428571428571	0.8372093023255814	1.0	0.72	0.6607142857142857	0.9213483146067416	0.945945945945946	0.7708333333333334	0.8333333333333334	0.9010989010989012	1.0	0.9375	0.5833333333333334	Tumor
204cf188-2162-43ac-bad4-8304622f3090	0.945945945945946	1.0	0.9444444444444444	1.0	1.0	1.0	1.0	0.9615384615384616	0.925925925925926	0.925925925925926	1.0	0.9	0.945945945945946	0.9	Tumor
2056c543-2f73-4a2f-995e-3af2dda7b514	0.9473684210526316	0.9565217391304348	1.0	1.0	0.9230769230769232	1.0	1.0	0.9583333333333334	1.0	0.8518518518518519	0.9583333333333334	1.0	1.0	0.95	Tumor
216e4f8a-be1a-41d6-b413-fa4645423caa	0.8653846153846154	1.0	1.0	1.0	0.975609756097561	1.0	0.9655172413793104	1.0	1.0	0.9444444444444444	1.0	0.9310344827586208	0.9782608695652174	0.9333333333333332	Tumor
22e623b3-2c82-4283-bd28-2cf1777b0179	0.918918918918919	1.0	0.9523809523809524	1.0	0.9545454545454546	1.0	1.0	1.0	1.0	1.0	1.0	1.0	1.0	0.981132075471698	Tumor
23f366c0-41f3-4159-86f0-5fa3d0059761	0.9736842105263158	1.0	1.0	1.0	0.9714285714285714	1.0	1.0	1.0	1.0	1.0	1.0	0.9285714285714286	0.925	0.9310344827586208	Tumor
265fc9bf-8f99-4422-b78d-78ecf09b0e53	0.8596491228070176	0.96	1.0	0.9696969696969696	0.9111111111111112	1.0	0.9642857142857144	0.9615384615384616	1.0	0.8620689655172413	0.9642857142857144	0.9696969696969696	1.0	0.8648648648648649	Tumor
27c65ed6-9e9d-4a9d-9b6f-76d2a12f7699	0.75	1.0	1.0	1.0	1.0	1.0	1.0	1.0	0.95	0.8181818181818182	1.0	0.9473684210526316	1.0	0.8181818181818182	Tumor
2dd0b954-db3e-402d-9c06-6160e199dedb	0.8620689655172413	1.0	1.0	1.0	0.9642857142857144	1.0	0.9444444444444444	1.0	1.0	0.9130434782608696	0.9444444444444444	0.9545454545454546	1.0	0.9230769230769232	Tumor
2e4316d2-5fe5-4ee1-9b22-73f4c42b6202	0.9310344827586208	1.0	1.0	0.9090909090909092	0.9565217391304348	1.0	0.9333333333333332	1.0	1.0	0.9473684210526316	0.9333333333333332	0.9090909090909092	1.0	0.8	Tumor
32fdc0ce-d263-4622-8f8c-3df009bf2535	0.875	0.9545454545454546	1.0	1.0	0.98	1.0	0.9411764705882352	1.0	1.0	0.7916666666666666	0.9411764705882352	0.975	1.0	0.926829268292683	Tumor
352ec91a-6c0a-4d6e-b6bd-4237f5eebde9	0.8823529411764706	0.9130434782608696	1.0	1.0	1.0	1.0	1.0	1.0	1.0	0.9714285714285714	1.0	1.0	1.0	1.0	Tumor
3a6cc4be-eff8-4725-a416-46ed35316192	0.912280701754386	1.0	0.9285714285714286	1.0	0.9433962264150944	1.0	1.0	1.0	1.0	0.9090909090909092	1.0	0.9090909090909092	0.9444444444444444	0.9310344827586208	Tumor
3f3b6a7b-94f0-40a3-9f16-32bab2854678	0.875	1.0	0.9696969696969696	1.0	0.9272727272727272	1.0	1.0	0.975	0.975	0.975	1.0	0.96	1.0	0.8125	Tumor
4331397f-eaf9-4e43-8fa2-e30ad3643aca	0.925925925925926	1.0	0.9333333333333332	0.9583333333333334	1.0	1.0	1.0	1.0	1.0	0.8620689655172413	1.0	1.0	1.0	1.0	Tumor
466a4121-0583-47ee-9d54-1f1c2d47e381	0.8444444444444444	0.96875	0.8611111111111112	1.0	0.9743589743589745	1.0	0.9655172413793104	0.9565217391304348	1.0	0.8461538461538461	1.0	0.95	0.9743589743589745	0.75	Tumor
467bd108-f391-4dd1-92de-43879822400d	0.9047619047619048	0.9333333333333332	0.875	1.0	1.0	1.0	1.0	1.0	1.0	1.0	1.0	1.0	0.95	0.6842105263157895	Tumor
47e6db9a-52b4-4a3b-8c5f-1cb8fa48f7ea	0.9591836734693876	0.9852941176470588	0.9710144927536232	1.0	1.0	1.0	1.0	1.0	1.0	0.9701492537313432	1.0	1.0	1.0	0.9174311926605504	Tumor
48077485-61e6-4d16-a74c-ee216a9455f1	1.0	1.0	1.0	1.0	1.0	1.0	0.9	0.9375	1.0	1.0	0.8181818181818182	0.8	1.0	1.0	Tumor
488d0d81-4872-4204-b8e8-745e64a35d65	0.925	0.9375	0.8333333333333334	1.0	1.0	1.0	0.9375	0.9583333333333334	1.0	0.9583333333333334	1.0	0.9615384615384616	1.0	0.8857142857142857	Tumor
4937e136-52e6-4c33-9f53-36ce2a94c09e	0.896551724137931	0.9466666666666668	0.9113924050632912	0.9620253164556962	0.9901960784313726	1.0	1.0	1.0	0.9692307692307692	0.8857142857142857	1.0	1.0	1.0	0.9176470588235294	Tumor
49ec7f30-d687-4124-a3aa-17bffb48ce26	0.8389830508474576	0.9883720930232558	0.9550561797752808	1.0	0.968421052631579	1.0	0.9682539682539684	1.0	0.9894736842105264	0.9306930693069309	0.9682539682539684	1.0	1.0	0.9655172413793104	Tumor
4a88d54f-c88c-4ffd-84c9-069b53f2cb28	0.8648648648648649	0.9230769230769232	0.96	1.0	0.9666666666666668	1.0	0.9615384615384616	1.0	1.0	0.8888888888888888	0.9615384615384616	0.9444444444444444	0.9411764705882352	0.9444444444444444	Tumor
4abd29b3-0a83-41d3-a741-bcc5b6d2f98a	0.9642857142857144	1.0	0.9285714285714286	1.0	0.925925925925926	1.0	1.0	0.875	1.0	0.8235294117647058	1.0	0.9	1.0	0.9583333333333334	Tumor
4ba90a73-b2e0-415b-9cd2-fad805840aff	1.0	0.9473684210526316	0.9	1.0	0.9655172413793104	1.0	1.0	0.8888888888888888	1.0	1.0	1.0	1.0	1.0	0.95	Tumor
4d4d40f2-1f96-4d31-81aa-d44b17a217ed	0.9074074074074074	0.8297872340425532	0.975	1.0	0.95	1.0	1.0	1.0	0.9777777777777776	0.9361702127659576	1.0	0.9545454545454546	0.98	0.9111111111111112	Tumor
4d7842e5-9d8b-433a-a768-7a40129bdd0d	0.8125	1.0	1.0	1.0	1.0	1.0	1.0	1.0	1.0	0.9444444444444444	1.0	0.9230769230769232	1.0	1.0	Tumor
4da20b00-8ed6-41ed-88d9-9969d15761c7	0.7777777777777778	1.0	0.9722222222222222	1.0	1.0	1.0	0.8461538461538461	1.0	0.96	0.7931034482758621	0.8461538461538461	1.0	0.9310344827586208	0.9615384615384616	Tumor
52064107-3c37-45b1-aa6b-a14a98352f9d	0.9393939393939394	0.84	1.0	0.9642857142857144	0.96875	1.0	0.96	1.0	1.0	0.9047619047619048	0.96	0.9642857142857144	1.0	0.9333333333333332	Tumor
548b1967-fca4-4238-8d59-ae5405122c90	0.9215686274509804	1.0	0.9791666666666666	0.9642857142857144	1.0	1.0	1.0	1.0	1.0	0.9615384615384616	1.0	0.675	1.0	0.9428571428571428	Tumor
550812e9-ad67-4ae6-900e-572a051208a4	0.9130434782608696	1.0	0.7857142857142857	1.0	1.0	1.0	1.0	1.0	1.0	0.9375	1.0	1.0	1.0	0.8461538461538461	Tumor
5991af25-0b64-43d2-867a-6b9713b17af9	1.0	0.9473684210526316	0.9473684210526316	1.0	0.9583333333333334	1.0	0.9565217391304348	1.0	1.0	1.0	0.9565217391304348	1.0	1.0	0.9583333333333334	Tumor
5b858b45-79a5-4857-b59e-8c56a8b04320	0.8679245283018868	0.9696969696969696	0.9027777777777778	0.9863013698630136	0.9797979797979798	0.9818181818181818	0.975609756097561	1.0	1.0	0.9152542372881356	0.975609756097561	1.0	0.989247311827957	0.9726027397260274	Tumor
5c66dcbd-024b-4a7b-b3aa-bbbaaf91ae78	0.7241379310344828	0.9230769230769232	0.9230769230769232	0.9375	0.9411764705882352	1.0	0.95	1.0	1.0	0.95	0.9047619047619048	0.8888888888888888	0.9545454545454546	0.9444444444444444	Tumor
5e50611e-9e98-480c-bc47-28070e9edeea	0.8055555555555556	1.0	0.9444444444444444	1.0	1.0	1.0	0.9473684210526316	1.0	1.0	0.9285714285714286	0.9473684210526316	1.0	1.0	0.9	Tumor
65b4f81a-4439-4d82-ae25-68d63309b053	0.7407407407407407	1.0	1.0	1.0	1.0	1.0	1.0	1.0	1.0	1.0	1.0	0.8260869565217391	1.0	1.0	Tumor
663797a8-ffd2-48a2-a5f6-992b5eb3c745	0.8833333333333333	0.9824561403508772	0.918032786885246	1.0	0.9583333333333334	0.9814814814814816	1.0	1.0	0.9814814814814816	0.9642857142857144	1.0	0.9696969696969696	0.981132075471698	0.8461538461538461	Tumor
68503654-dd77-48f1-abab-aca55258dca4	0.84	1.0	0.9375	1.0	1.0	1.0	1.0	1.0	1.0	0.9	1.0	0.9565217391304348	1.0	1.0	Tumor
691c297b-b48d-4e65-84d4-cb4fcdf03fc0	0.8823529411764706	0.9230769230769232	0.8571428571428571	1.0	1.0	1.0	1.0	1.0	1.0	0.8571428571428571	1.0	1.0	1.0	0.8666666666666667	Tumor
69d12077-db51-4a74-a090-9b26e0368ee8	0.9655172413793104	0.9565217391304348	0.9565217391304348	1.0	1.0	1.0	0.9375	1.0	1.0	0.875	1.0	1.0	0.875	0.875	Tumor
6e6eeb9a-6437-4e53-9fb7-c283f738d3bd	0.896551724137931	1.0	1.0	1.0	1.0	1.0	0.9047619047619048	1.0	0.9411764705882352	0.9411764705882352	0.9047619047619048	0.9615384615384616	0.9615384615384616	1.0	Tumor
6fb7c578-dec9-4fe8-a9bf-3888bb765658	0.8095238095238095	0.9	0.9473684210526316	1.0	0.9705882352941176	1.0	1.0	1.0	1.0	0.8823529411764706	1.0	0.9090909090909092	0.9444444444444444	1.0	Tumor
71c9a6fc-0538-4533-af51-f7c9defe7770	0.896551724137931	0.9444444444444444	0.8947368421052632	1.0	1.0	1.0	1.0	1.0	1.0	0.9629629629629628	1.0	0.9	0.9285714285714286	0.967741935483871	Tumor
767425eb-9fa2-45bc-a3ad-ca8dbafd373f	0.8953488372093024	1.0	1.0	0.9821428571428572	0.9615384615384616	1.0	1.0	1.0	0.9857142857142858	0.9714285714285714	0.9772727272727272	1.0	1.0	0.890625	Tumor
784a9c63-9b40-4f6c-8147-93d0ed523867	0.8857142857142857	1.0	1.0	1.0	1.0	1.0	1.0	1.0	1.0	1.0	1.0	0.9565217391304348	1.0	1.0	Tumor
7aac48b4-dbb0-49a5-a3e0-04916a9270b8	0.8823529411764706	1.0	1.0	1.0	0.9629629629629628	1.0	1.0	1.0	1.0	0.9615384615384616	1.0	1.0	0.9090909090909092	0.9696969696969696	Tumor
7d736f2b-b73e-4fc1-8d3f-9f350f88171a	1.0	1.0	1.0	0.95	1.0	1.0	0.8888888888888888	1.0	1.0	0.9615384615384616	0.9411764705882352	1.0	1.0	0.95	Tumor
7ee4348d-9975-42ba-b258-2334e089395c	0.8461538461538461	1.0	0.9705882352941176	1.0	0.9375	1.0	1.0	1.0	1.0	0.984375	1.0	0.918918918918919	1.0	0.9117647058823528	Tumor
828c9648-f725-4d7e-ad37-e33692e2c67f	0.918918918918919	0.8421052631578947	0.9411764705882352	1.0	1.0	1.0	0.95	1.0	1.0	0.9583333333333334	0.95	0.9523809523809524	1.0	0.8928571428571429	Tumor
8634f872-177a-481f-ba51-62864c569001	0.9803921568627452	1.0	1.0	1.0	0.9615384615384616	1.0	1.0	1.0	0.9827586206896552	0.9193548387096774	1.0	0.918918918918919	0.98	0.8888888888888888	Tumor
8a27980e-a506-4cb3-91f2-3f0e5a19acfe	0.9591836734693876	0.9545454545454546	0.9545454545454546	0.9722222222222222	0.9591836734693876	1.0	0.9807692307692308	1.0	0.9855072463768116	0.9452054794520548	1.0	1.0	1.0	0.9714285714285714	Tumor
8b5be676-9118-4038-9d54-6b80b14e43dc	0.9347826086956522	0.9583333333333334	1.0	1.0	0.9875	1.0	0.9523809523809524	1.0	1.0	0.9428571428571428	0.9523809523809524	0.9696969696969696	1.0	0.9714285714285714	Tumor
8b629c3d-0f28-4740-b681-6f064354f794	0.8902439024390244	1.0	0.9649122807017544	1.0	0.9620253164556962	1.0	1.0	1.0	1.0	0.9375	1.0	0.9852941176470588	1.0	0.9285714285714286	Tumor
8cf6a0f3-9dfb-41f5-b855-c313c583e707	1.0	1.0	1.0	1.0	1.0	1.0	1.0	1.0	1.0	1.0	1.0	0.8636363636363636	1.0	1.0	Tumor
8f08cee9-a91f-4305-bf8d-efeee9cd386c	0.9642857142857144	0.9545454545454546	0.9545454545454546	0.9629629629629628	0.9787234042553192	1.0	1.0	1.0	1.0	0.875	1.0	0.7878787878787878	1.0	0.9666666666666668	Tumor
8f51e90d-f617-4ed2-bbc7-7bcd92d1963d	0.782608695652174	0.8620689655172413	0.9615384615384616	1.0	1.0	1.0	0.9642857142857144	1.0	0.9583333333333334	0.9583333333333334	0.9642857142857144	0.96875	0.972972972972973	1.0	Tumor
922ac2aa-8619-47ef-99d8-160e19861f57	0.9444444444444444	1.0	1.0	1.0	1.0	1.0	1.0	1.0	1.0	0.782608695652174	1.0	1.0	0.9444444444444444	0.9	Tumor
92914efd-97af-48e2-b097-e91129f8c1b2	0.8604651162790697	0.9629629629629628	1.0	0.9302325581395348	0.8809523809523809	1.0	1.0	1.0	0.96	0.9230769230769232	1.0	0.8333333333333334	0.9487179487179488	0.9302325581395348	Tumor
956570e5-7ed4-4d17-a830-f1bc67a7af15	0.9047619047619048	1.0	0.9393939393939394	1.0	0.8695652173913043	1.0	0.9615384615384616	1.0	0.9545454545454546	0.9130434782608696	0.9615384615384616	0.935483870967742	0.9743589743589745	0.9090909090909092	Tumor
95e450bd-ff88-4498-9418-e09883c94988	0.9565217391304348	0.935483870967742	0.9666666666666668	1.0	0.8913043478260869	1.0	1.0	1.0	1.0	0.9230769230769232	1.0	0.9428571428571428	1.0	0.9428571428571428	Tumor
967f7008-e212-4114-ab43-dc2a6295f80c	1.0	0.9090909090909092	0.9090909090909092	1.0	1.0	1.0	0.9166666666666666	1.0	1.0	0.875	0.9166666666666666	1.0	1.0	0.9166666666666666	Tumor
967fde0b-9c38-4c69-97f2-9640ebe1dc9a	0.9523809523809524	1.0	1.0	0.9130434782608696	0.8636363636363636	0.9411764705882352	1.0	1.0	1.0	1.0	1.0	1.0	1.0	0.8928571428571429	Tumor
96cd848e-50fc-4244-beec-8d18b1703fff	0.9375	1.0	1.0	0.9090909090909092	1.0	1.0	1.0	1.0	1.0	1.0	1.0	0.9090909090909092	1.0	1.0	Tumor
9ae5c03c-326d-4492-9cc3-4ba17beb09ad	0.9166666666666666	0.75	0.9230769230769232	1.0	1.0	1.0	0.9444444444444444	1.0	1.0	0.8947368421052632	0.9444444444444444	1.0	1.0	0.8181818181818182	Tumor
9b7c81c7-d03c-446c-9d25-8c966058b0e3	0.9074074074074074	1.0	0.918918918918919	0.975	0.979591836734694	1.0	1.0	1.0	0.972972972972973	0.945945945945946	1.0	0.5882352941176471	0.96	1.0	Tumor
9e785594-f00c-4805-8901-66c73fe2588d	0.8461538461538461	1.0	1.0	0.9090909090909092	0.9166666666666666	1.0	1.0	1.0	1.0	1.0	1.0	0.8333333333333334	1.0	1.0	Tumor
a068f661-e689-4e30-9572-3103039981aa	0.9090909090909092	0.9411764705882352	1.0	1.0	1.0	0.9972826086956522	0.9090909090909092	1.0	0.9986357435197816	0.9411764705882352	0.875	0.9047619047619048	1.0	0.7142857142857143	Tumor
a12e5c24-f0ea-4770-9888-20e1c562e436	1.0	0.9473684210526316	0.9473684210526316	1.0	0.9285714285714286	1.0	0.9333333333333332	1.0	1.0	0.8333333333333334	0.9333333333333332	1.0	1.0	1.0	Tumor
a5ecc76e-a696-4e90-8bb4-7a9965e2f8a8	0.9565217391304348	1.0	1.0	0.9166666666666666	1.0	1.0	1.0	1.0	1.0	0.925925925925926	1.0	0.9565217391304348	1.0	0.9565217391304348	Tumor
a7428d3b-f84b-4c2f-a996-14a11af6b6df	0.85	1.0	0.9574468085106383	1.0	0.9885057471264368	1.0	1.0	1.0	1.0	0.9298245614035088	1.0	0.9315068493150684	0.9659090909090908	0.9493670886075948	Tumor
a7bca7c2-8c54-4ad1-9deb-7f77c962bb07	0.8888888888888888	0.6428571428571429	0.9642857142857144	0.9696969696969696	1.0	0.9743589743589745	1.0	0.9743589743589745	1.0	0.8837209302325582	1.0	0.9696969696969696	0.975609756097561	0.8421052631578947	Tumor
ac175796-57dc-4de1-b6a2-eb71416e4c47	1.0	0.8666666666666667	0.9285714285714286	1.0	0.875	0.9285714285714286	0.8333333333333334	1.0	1.0	0.7222222222222222	0.6666666666666666	0.9545454545454546	1.0	0.875	Tumor
acb208ab-def4-4b55-b1c7-abe2130e61c9	0.963855421686747	1.0	1.0	1.0	0.9873417721518988	1.0	1.0	1.0	1.0	0.9850746268656716	1.0	0.9714285714285714	1.0	0.9324324324324323	Tumor
acda1855-14ba-4e05-89f7-50f7823f38b3	0.9393939393939394	1.0	0.8571428571428571	1.0	1.0	1.0	1.0	1.0	1.0	0.7727272727272727	1.0	1.0	0.96875	1.0	Tumor
aeee03c3-20b3-4f96-b686-52111ce99a63	0.9655172413793104	0.9090909090909092	1.0	1.0	1.0	1.0	0.2857142857142857	0.9090909090909092	1.0	0.9090909090909092	0.3636363636363636	1.0	1.0	0.9347826086956522	Tumor
b161c26d-64b1-4e03-94da-4f9b9de25e88	0.8064516129032258	0.9375	1.0	1.0	0.9615384615384616	1.0	1.0	1.0	1.0	0.9473684210526316	0.9130434782608696	0.9615384615384616	0.9615384615384616	1.0	Tumor
b25117ce-5a14-4b43-bbfe-513b957464d0	0.85	0.9428571428571428	1.0	0.9473684210526316	0.9056603773584906	1.0	0.9743589743589745	1.0	0.9772727272727272	0.9361702127659576	1.0	0.9714285714285714	0.9807692307692308	1.0	Tumor
b3d432d6-0b86-4407-98e2-99c1971283a8	0.8918918918918919	0.9473684210526316	1.0	1.0	1.0	1.0	1.0	0.9411764705882352	1.0	1.0	1.0	0.9545454545454546	1.0	0.9130434782608696	Tumor
b3ea108e-0ab7-4340-9da9-b7a8bc3b942c	0.7647058823529411	0.9583333333333334	0.9583333333333334	0.8695652173913043	0.6470588235294118	0.9310344827586208	1.0	0.9629629629629628	0.9629629629629628	0.9629629629629628	0.9583333333333334	0.9523809523809524	0.7741935483870968	1.0	Tumor
b44be803-b398-4e93-b459-40ecdf2cb130	0.8636363636363636	1.0	0.851063829787234	0.9827586206896552	0.967741935483871	1.0	0.9767441860465116	1.0	1.0	0.9433962264150944	0.9545454545454546	0.9661016949152542	0.95	1.0	Tumor
b58811d7-8ee0-4b65-a892-17319cc9ecaf	0.8387096774193549	1.0	0.8333333333333334	0.9545454545454546	0.9655172413793104	1.0	1.0	1.0	0.9523809523809524	0.875	1.0	0.875	1.0	0.9545454545454546	Tumor
b5e84055-487f-467a-9bc4-bd59ec82f183	0.9166666666666666	1.0	1.0	0.95	1.0	1.0	1.0	1.0	1.0	0.9166666666666666	1.0	1.0	1.0	0.9	Tumor
b9e82597-fdf2-4479-a764-29193ddbd58f	0.95	1.0	1.0	1.0	1.0	1.0	0.8888888888888888	1.0	0.9285714285714286	0.9230769230769232	0.8888888888888888	1.0	1.0	0.8235294117647058	Tumor
bae57be0-48af-438d-88fa-cbaaf16b3d33	0.9230769230769232	0.9375	1.0	1.0	0.9565217391304348	1.0	1.0	1.0	1.0	1.0	1.0	0.9629629629629628	1.0	0.8888888888888888	Tumor
bf2a1913-2806-4b97-bcc6-e7038b900e15	1.0	0.9375	0.9375	1.0	0.925925925925926	1.0	1.0	1.0	1.0	0.8666666666666667	1.0	1.0	0.9655172413793104	0.9130434782608696	Tumor
c058aa43-349b-4f45-8217-6b193bf7c610	0.9523809523809524	1.0	0.9583333333333334	0.9473684210526316	0.972972972972973	1.0	0.9444444444444444	1.0	1.0	0.9285714285714286	1.0	0.95	0.975609756097561	0.9090909090909092	Tumor
c091a9db-8d3f-4dfb-8658-b6b8020c1d5c	0.8305084745762712	0.8529411764705882	0.9666666666666668	1.0	0.9591836734693876	1.0	0.945945945945946	1.0	1.0	0.9705882352941176	0.945945945945946	0.918918918918919	0.9423076923076924	0.9230769230769232	Tumor
c5d4a1ed-8fd3-4435-96f5-ea5e56326f20	0.8918918918918919	0.9411764705882352	1.0	0.9545454545454546	0.9655172413793104	1.0	1.0	0.875	1.0	1.0	1.0	0.9047619047619048	1.0	0.9523809523809524	Tumor
c6683fc6-49f4-4e53-94ac-251799c2c638	0.8064516129032258	1.0	0.9230769230769232	1.0	1.0	1.0	1.0	1.0	1.0	0.95	1.0	1.0	1.0	1.0	Tumor
c7066edf-43fc-4bcf-bb63-ab75860d2410	0.8690476190476191	0.9761904761904762	0.9761904761904762	1.0	0.9302325581395348	0.9767441860465116	1.0	0.975	1.0	0.951219512195122	0.9523809523809524	0.9850746268656716	0.9864864864864864	0.9565217391304348	Tumor
cab9ff29-e575-45e2-a411-1bfdc2e2610c	0.9047619047619048	0.95	1.0	1.0	1.0	1.0	0.9166666666666666	1.0	1.0	1.0	0.9166666666666666	0.9629629629629628	0.9090909090909092	0.9629629629629628	Tumor
cae39998-47d3-4a80-8acb-67d3a9518306	0.9	0.8	1.0	0.96	1.0	1.0	0.9230769230769232	1.0	1.0	1.0	1.0	1.0	1.0	0.935483870967742	Tumor
cafc9e36-c5f0-45df-ad03-16210ff0d870	0.902439024390244	1.0	1.0	1.0	1.0	1.0	1.0	0.96	1.0	1.0	1.0	0.7037037037037037	1.0	0.8888888888888888	Tumor
cd23ba96-cc18-428d-ae3d-67a7a2dd3c91	0.8125	1.0	0.9666666666666668	1.0	0.92	1.0	1.0	0.8947368421052632	1.0	1.0	1.0	1.0	0.9285714285714286	0.96	Tumor
ce098c6d-1b12-48df-bbbb-4f1ea8788942	0.9245283018867924	0.975	0.951219512195122	1.0	0.98	1.0	0.9791666666666666	1.0	1.0	0.9433962264150944	0.9791666666666666	1.0	0.979591836734694	0.9444444444444444	Tumor
cf5fba05-4996-4f62-adcf-a2ee1f4c65d3	0.9574468085106383	1.0	1.0	1.0	0.9761904761904762	1.0	1.0	1.0	1.0	0.8333333333333334	1.0	0.8928571428571429	0.9782608695652174	0.9285714285714286	Tumor
d0ee5ff7-a49a-4633-93a6-40c9e29fb0b7	0.96	0.9285714285714286	1.0	0.9285714285714286	1.0	1.0	0.6818181818181818	1.0	1.0	1.0	0.75	0.8571428571428571	1.0	0.8571428571428571	Tumor
d27304e0-1b0b-4fc3-8e0d-af2c305d30f8	0.8571428571428571	0.7555555555555555	0.9444444444444444	0.7142857142857143	0.896551724137931	0.9655172413793104	0.803921568627451	1.0	0.8484848484848485	0.7631578947368421	0.7884615384615384	0.8695652173913043	0.9375	0.8695652173913043	Tumor
d28a7c02-2f33-46e2-bff9-5ed518ea6fb6	1.0	1.0	1.0	1.0	0.9523809523809524	1.0	1.0	1.0	1.0	0.8888888888888888	1.0	0.8333333333333334	0.9523809523809524	0.8666666666666667	Tumor
d33cdca5-78ec-4d34-be08-51efd97e8bfb	0.9186046511627908	0.9130434782608696	0.9767441860465116	1.0	1.0	0.9772727272727272	1.0	0.9767441860465116	1.0	0.875	1.0	0.9866666666666668	0.9875	0.961038961038961	Tumor
d474de4c-c01d-46f5-92a6-7513f7a38eed	0.84375	1.0	0.8823529411764706	1.0	1.0	1.0	1.0	0.9166666666666666	1.0	0.7857142857142857	1.0	0.8333333333333334	1.0	0.7619047619047619	Tumor
d702ead2-f1df-43e1-b1a4-c506902b14df	0.9090909090909092	0.9545454545454546	0.9545454545454546	1.0	1.0	1.0	1.0	1.0	1.0	0.90625	1.0	1.0	1.0	0.9629629629629628	Tumor
d7eb3fb0-7bfe-4f69-b298-41dde09902e6	0.8055555555555556	1.0	0.9230769230769232	0.9473684210526316	0.9666666666666668	1.0	1.0	1.0	1.0	0.8947368421052632	1.0	0.6538461538461539	1.0	0.925925925925926	Tumor
d81b8303-62b4-46ba-9370-8c6a92cfa4fb	1.0	0.9444444444444444	1.0	0.9090909090909092	0.9545454545454546	1.0	1.0	1.0	1.0	0.8	1.0	0.9090909090909092	0.9545454545454546	0.7142857142857143	Tumor
d820ac02-a30e-437b-b20a-3e92705b7b81	0.7777777777777778	1.0	1.0	0.9166666666666666	0.9	0.9375	0.8823529411764706	1.0	1.0	1.0	0.8823529411764706	0.7857142857142857	0.9333333333333332	0.8461538461538461	Tumor
d8d139e8-6e6f-4771-b624-69518f847b85	0.8620689655172413	0.9069767441860463	1.0	1.0	0.96	1.0	1.0	1.0	1.0	1.0	1.0	0.9743589743589745	1.0	0.8260869565217391	Tumor
d920c232-82ae-48f9-98d1-b94bf4a45d8d	0.967741935483871	0.9444444444444444	0.85	0.96	0.9333333333333332	1.0	0.8888888888888888	1.0	1.0	1.0	0.8888888888888888	1.0	1.0	0.8	Tumor
da549530-7ba5-4302-acd2-40a766860216	1.0	0.9545454545454546	0.9545454545454546	1.0	0.9565217391304348	1.0	1.0	1.0	1.0	0.8	1.0	1.0	1.0	0.9375	Tumor
da752364-731c-4e77-8d6e-9c91a5b7f68f	0.875	0.9375	1.0	0.95	0.92	1.0	1.0	0.9375	1.0	0.8823529411764706	1.0	0.95	1.0	0.8571428571428571	Tumor
dc76c717-eaa0-49d7-a228-2fce7a536e42	1.0	1.0	0.8235294117647058	1.0	1.0	1.0	0.9523809523809524	1.0	1.0	1.0	0.9523809523809524	1.0	1.0	1.0	Tumor
deb14c1d-474c-4d6f-bb8a-2b6df5dce5c9	0.8636363636363636	1.0	1.0	0.9428571428571428	1.0	1.0	0.9666666666666668	1.0	0.9666666666666668	1.0	0.935483870967742	0.9428571428571428	0.95	1.0	Tumor
deba354e-fcc8-4a00-aa1b-63afc9cf2861	0.935483870967742	1.0	1.0	1.0	1.0	1.0	0.9230769230769232	1.0	1.0	0.8571428571428571	0.8	1.0	1.0	0.9130434782608696	Tumor
e06580e9-0b4a-48f7-9522-d54229aefb2d	0.868421052631579	0.8888888888888888	0.9411764705882352	1.0	0.9375	1.0	1.0	1.0	1.0	0.8571428571428571	1.0	1.0	0.9705882352941176	0.8846153846153846	Tumor
e619e3c8-f6eb-4b0a-bf17-005ccbe269bb	0.9117647058823528	1.0	0.9473684210526316	0.9090909090909092	0.9032258064516128	1.0	0.9545454545454546	1.0	1.0	1.0	0.9130434782608696	0.9523809523809524	0.96875	0.9565217391304348	Tumor
e6e7d36e-b6c6-4e54-95ee-ee20e6f1f80e	0.9523809523809524	0.875	0.9375	1.0	0.9047619047619048	1.0	1.0	1.0	1.0	0.88	1.0	1.0	1.0	1.0	Tumor
e7e4c883-af18-41bf-9383-e5b9f354bc8d	0.9	0.9722222222222222	1.0	0.9583333333333334	1.0	1.0	0.9	1.0	1.0	1.0	1.0	1.0	1.0	1.0	Tumor
e88a6a51-24b3-4b52-bd5a-f306f1c9e0d9	0.935483870967742	1.0	1.0	0.9666666666666668	1.0	1.0	1.0	1.0	1.0	1.0	1.0	0.8787878787878788	1.0	1.0	Tumor
e8909d26-a289-4dc7-a819-5883c621efac	0.7222222222222222	1.0	0.9411764705882352	1.0	1.0	1.0	1.0	1.0	1.0	1.0	1.0	0.8181818181818182	1.0	0.9090909090909092	Tumor
ea43014e-5b51-4b3c-b16b-6d58df9f4a1d	0.9230769230769232	0.95	1.0	1.0	0.9787234042553192	1.0	0.9375	1.0	1.0	1.0	0.9375	0.9111111111111112	1.0	1.0	Tumor
ed108cc1-3b34-4ee5-b029-48b80ccaae19	0.8787878787878788	1.0	1.0	0.9473684210526316	1.0	1.0	1.0	1.0	0.9565217391304348	1.0	1.0	0.9444444444444444	0.935483870967742	0.88	Tumor
f084874a-f9a8-4858-a858-d9b80871755b	0.7631578947368421	1.0	0.8125	1.0	1.0	0.9047619047619048	1.0	1.0	1.0	0.8260869565217391	1.0	0.925925925925926	0.9666666666666668	0.896551724137931	Tumor
f201e2e9-dfb0-4a53-bd68-56f4e87604d3	0.925925925925926	1.0	0.9230769230769232	1.0	1.0	1.0	1.0	1.0	1.0	1.0	0.96	1.0	0.8928571428571429	0.8461538461538461	Tumor
f383e1a0-2847-49e0-bede-abe5ce5147ce	0.8421052631578947	0.8947368421052632	1.0	1.0	0.9375	1.0	1.0	1.0	1.0	0.8518518518518519	1.0	0.9333333333333332	1.0	0.9333333333333332	Tumor
f3eb5b26-5414-454f-a01f-a282b0369596	1.0	0.9285714285714286	1.0	0.9473684210526316	1.0	1.0	0.95	1.0	0.9444444444444444	0.9444444444444444	0.95	1.0	1.0	0.8571428571428571	Tumor
f7c6320e-0c39-4b92-9a25-fd4e03b70362	0.875	0.9230769230769232	0.9230769230769232	1.0	1.0	1.0	0.9375	1.0	1.0	1.0	0.8823529411764706	1.0	1.0	1.0	Tumor
fcc2a5c0-ec23-43b5-b616-9b03c8ff4129	0.9473684210526316	0.9583333333333334	0.92	0.9705882352941176	0.9183673469387756	1.0	1.0	1.0	1.0	0.9215686274509804	0.96875	1.0	0.9310344827586208	0.8378378378378378	Tumor
fff3f42f-5e42-4653-b91b-1676f914e9fa	0.96875	0.96875	0.96875	1.0	0.9393939393939394	1.0	1.0	1.0	1.0	1.0	1.0	1.0	1.0	1.0	Tumor
